====================================================================================================
  q* AND DISPATCH-TRIGGER COMPARISON:  general-Cf note  vs  solver.py DP
====================================================================================================

  Example      : Section 6.2 of the general-Cf note
  Parameters   : lam1=5.0, lam2=3.0, h=1.0, pi1=6.0, pi2=6.0, Cf=20.0, cu=10.0, T=5.0
  DP           : solver.py model, N=800 periods, dt=0.00625, I2 in [-31, 35], b1_max=45
  Terminal     : c1 = c2 = v2 = 0   (the note's Vw uses V(I2,b1,0)=0)
  Grid         : I2 = 1..30, b1 = 1..30, tau = [0.25, 0.5, 0.75, 1.0, 1.5, 2.0, 3.0, 4.0, 5.0]

  NOTE: the note's model IS the solver.py model (state (I2,b1,tau), batch
  dispatch q, pi1*b1 charged per period), so this is a like-for-like test.

----------------------------------------------------------------------------------------------------
  SUMMARY
----------------------------------------------------------------------------------------------------
  states compared                        : 8100
  q* exact match                         : 7813/8100 = 96.46%

  TRIGGER  (dispatch yes/no) agreement   : 7825/8100 = 96.60%
     analytic dispatches, DP waits       : 275  (3.40%)
     DP dispatches, analytic waits       : 0  (0.00%)
     -> the disagreement is ONE-DIRECTIONAL: the analytic rule is never
        too cautious, only ever too eager.

  QUANTITY agreement | both dispatch     : 2168/2180 = 99.45%
  retained == max(I2-b1, m_c-1)          : 2168/2180 = 99.45%
     (protection-level reading of the quantity rule)

----------------------------------------------------------------------------------------------------
  WHERE THE TWO KINDS OF DISAGREEMENT SIT
----------------------------------------------------------------------------------------------------
  TRIGGER type  (analytic dispatches, DP waits) : 275 states
     margin S-Cf   : min=0.004  median=21.583  max=103.137
     b1 <= 3       : 52.4% of them  -> concentrated on the trigger boundary
     tau range     : [3.0, 4.0, 5.0]
  QUANTITY type (both dispatch, q differs)      : 12 states (0.15% of all)
     diff values   : [-1]  (DP always dispatches the same or fewer)
     tau values    : [5.0]
     I2 range      : 10-15, b1 range 25-30
     -> long horizon, small I2, large b1: the DP retains one extra unit.

  Disagreement rate by margin band (states where the analytic rule fires):
              0 < S-Cf <= 1 :    58 states, disagree   37 ( 63.8%)
              1 < S-Cf <= 2 :    19 states, disagree   18 ( 94.7%)
              2 < S-Cf <= 5 :    62 states, disagree   19 ( 30.6%)
             5 < S-Cf <= 10 :    77 states, disagree    6 (  7.8%)
                  S-Cf > 10 :  2239 states, disagree  207 (  9.2%)
     -> a thin margin raises the risk of disagreement, but does not
        account for all of it.

----------------------------------------------------------------------------------------------------
  PER-TAU SUMMARY
----------------------------------------------------------------------------------------------------
     tau |  q* match | max|diff| | trigger match | analytic-eager |  m_c
    0.25 |   100.00% |         0 |       100.00% |              0 |   -1
     0.5 |   100.00% |         0 |       100.00% |              0 |   -1
    0.75 |   100.00% |         0 |       100.00% |              0 |   -1
     1.0 |   100.00% |         0 |       100.00% |              0 |   -1
     1.5 |   100.00% |         0 |       100.00% |              0 |    7
     2.0 |   100.00% |         0 |       100.00% |              0 |    5
     3.0 |    92.78% |         5 |        92.78% |             65 |    5
     4.0 |    90.33% |         6 |        90.33% |             87 |    5
     5.0 |    85.00% |         8 |        86.33% |            123 |    5

----------------------------------------------------------------------------------------------------
  DISPATCH TRIGGER  b1bar(I2, tau):   analytic (eq. 36)  /  DP
----------------------------------------------------------------------------------------------------
    I2\tau |       0.25        0.5       0.75        1.0        1.5        2.0        3.0        4.0        5.0
  -------------------------------------------------------------------------------------------------------------
         1 |    inf/inf    inf/inf    inf/inf    inf/inf    inf/inf    inf/inf    inf/inf    inf/inf    inf/inf
         2 |    inf/inf    inf/inf    inf/inf    inf/inf    inf/inf    inf/inf    inf/inf    inf/inf    inf/inf
         3 |    inf/inf    inf/inf    inf/inf    inf/inf    inf/inf    inf/inf    inf/inf    inf/inf    inf/inf
         4 |    inf/inf    inf/inf    inf/inf    inf/inf    inf/inf    inf/inf    inf/inf    inf/inf    inf/inf
         5 |    inf/inf    inf/inf    inf/inf    inf/inf    inf/inf    inf/inf    inf/inf    inf/inf    inf/inf
         6 |    inf/inf    inf/inf    inf/inf    inf/inf    inf/inf    inf/inf    inf/inf    inf/inf    inf/inf
         7 |    inf/inf    inf/inf    inf/inf    inf/inf    inf/inf    inf/inf    inf/inf    inf/inf    inf/inf
         8 |    inf/inf    inf/inf    inf/inf    inf/inf    inf/inf    inf/inf    inf/inf        4/4        4/4
         9 |    inf/inf    inf/inf    inf/inf    inf/inf    inf/inf    inf/inf        3/4        3/4        3/4
        10 |    inf/inf    inf/inf    inf/inf    inf/inf    inf/inf    inf/inf        3/4        2/4        2/4
        11 |    inf/inf    inf/inf    inf/inf    inf/inf    inf/inf    inf/inf        3/4        2/5        2/5
        12 |    inf/inf    inf/inf    inf/inf    inf/inf    inf/inf        6/6        2/5        2/5        2/5
        13 |    inf/inf    inf/inf    inf/inf    inf/inf    inf/inf        6/6        2/5        2/6        2/6
        14 |    inf/inf    inf/inf    inf/inf    inf/inf    inf/inf        6/6        2/6        2/6        1/7
        15 |    inf/inf    inf/inf    inf/inf    inf/inf    inf/inf        6/6        2/6        2/7        1/7
        16 |    inf/inf    inf/inf    inf/inf    inf/inf    inf/inf        6/6        2/6        2/6        1/6
        17 |    inf/inf    inf/inf    inf/inf    inf/inf    inf/inf        6/6        2/6        2/5        1/5
        18 |    inf/inf    inf/inf    inf/inf    inf/inf    inf/inf        6/6        2/6        2/5        1/5
        19 |    inf/inf    inf/inf    inf/inf    inf/inf    inf/inf        6/6        2/5        2/5        1/5
        20 |    inf/inf    inf/inf    inf/inf    inf/inf    inf/inf        6/6        2/5        2/5        1/5
        21 |    inf/inf    inf/inf    inf/inf    inf/inf    inf/inf        6/6        2/5        2/5        1/6
        22 |    inf/inf    inf/inf    inf/inf    inf/inf    inf/inf        6/6        2/5        2/5        1/6
        23 |    inf/inf    inf/inf    inf/inf    inf/inf    inf/inf        6/6        2/5        2/5        1/6
        24 |    inf/inf    inf/inf    inf/inf    inf/inf    inf/inf        6/6        2/5        2/5        1/5
        25 |    inf/inf    inf/inf    inf/inf    inf/inf    inf/inf        6/6        2/5        2/5        1/5
        26 |    inf/inf    inf/inf    inf/inf    inf/inf    inf/inf        6/6        2/5        2/5        1/5
        27 |    inf/inf    inf/inf    inf/inf    inf/inf    inf/inf        6/6        2/5        2/5        1/5
        28 |    inf/inf    inf/inf    inf/inf    inf/inf    inf/inf        6/6        2/5        2/5        1/5
        29 |    inf/inf    inf/inf    inf/inf    inf/inf    inf/inf        6/6        2/5        2/5        1/5
        30 |    inf/inf    inf/inf    inf/inf    inf/inf    inf/inf        6/6        2/5        2/5        1/5
  (each cell: analytic / DP.  'inf' = never dispatch at any b1.)

====================================================================================================
  tau = 0.25      matrices over I2 (rows, 1..30) x b1 (cols, 1..30)
====================================================================================================
  ANALYTIC q*
   I2\b1   1  2  3  4  5  6  7  8  9 10 11 12 13 14 15 16 17 18 19 20 21 22 23 24 25 26 27 28 29 30
       1   0  0  0  0  0  0  0  0  0  0  0  0  0  0  0  0  0  0  0  0  0  0  0  0  0  0  0  0  0  0
       2   0  0  0  0  0  0  0  0  0  0  0  0  0  0  0  0  0  0  0  0  0  0  0  0  0  0  0  0  0  0
       3   0  0  0  0  0  0  0  0  0  0  0  0  0  0  0  0  0  0  0  0  0  0  0  0  0  0  0  0  0  0
       4   0  0  0  0  0  0  0  0  0  0  0  0  0  0  0  0  0  0  0  0  0  0  0  0  0  0  0  0  0  0
       5   0  0  0  0  0  0  0  0  0  0  0  0  0  0  0  0  0  0  0  0  0  0  0  0  0  0  0  0  0  0
       6   0  0  0  0  0  0  0  0  0  0  0  0  0  0  0  0  0  0  0  0  0  0  0  0  0  0  0  0  0  0
       7   0  0  0  0  0  0  0  0  0  0  0  0  0  0  0  0  0  0  0  0  0  0  0  0  0  0  0  0  0  0
       8   0  0  0  0  0  0  0  0  0  0  0  0  0  0  0  0  0  0  0  0  0  0  0  0  0  0  0  0  0  0
       9   0  0  0  0  0  0  0  0  0  0  0  0  0  0  0  0  0  0  0  0  0  0  0  0  0  0  0  0  0  0
      10   0  0  0  0  0  0  0  0  0  0  0  0  0  0  0  0  0  0  0  0  0  0  0  0  0  0  0  0  0  0
      11   0  0  0  0  0  0  0  0  0  0  0  0  0  0  0  0  0  0  0  0  0  0  0  0  0  0  0  0  0  0
      12   0  0  0  0  0  0  0  0  0  0  0  0  0  0  0  0  0  0  0  0  0  0  0  0  0  0  0  0  0  0
      13   0  0  0  0  0  0  0  0  0  0  0  0  0  0  0  0  0  0  0  0  0  0  0  0  0  0  0  0  0  0
      14   0  0  0  0  0  0  0  0  0  0  0  0  0  0  0  0  0  0  0  0  0  0  0  0  0  0  0  0  0  0
      15   0  0  0  0  0  0  0  0  0  0  0  0  0  0  0  0  0  0  0  0  0  0  0  0  0  0  0  0  0  0
      16   0  0  0  0  0  0  0  0  0  0  0  0  0  0  0  0  0  0  0  0  0  0  0  0  0  0  0  0  0  0
      17   0  0  0  0  0  0  0  0  0  0  0  0  0  0  0  0  0  0  0  0  0  0  0  0  0  0  0  0  0  0
      18   0  0  0  0  0  0  0  0  0  0  0  0  0  0  0  0  0  0  0  0  0  0  0  0  0  0  0  0  0  0
      19   0  0  0  0  0  0  0  0  0  0  0  0  0  0  0  0  0  0  0  0  0  0  0  0  0  0  0  0  0  0
      20   0  0  0  0  0  0  0  0  0  0  0  0  0  0  0  0  0  0  0  0  0  0  0  0  0  0  0  0  0  0
      21   0  0  0  0  0  0  0  0  0  0  0  0  0  0  0  0  0  0  0  0  0  0  0  0  0  0  0  0  0  0
      22   0  0  0  0  0  0  0  0  0  0  0  0  0  0  0  0  0  0  0  0  0  0  0  0  0  0  0  0  0  0
      23   0  0  0  0  0  0  0  0  0  0  0  0  0  0  0  0  0  0  0  0  0  0  0  0  0  0  0  0  0  0
      24   0  0  0  0  0  0  0  0  0  0  0  0  0  0  0  0  0  0  0  0  0  0  0  0  0  0  0  0  0  0
      25   0  0  0  0  0  0  0  0  0  0  0  0  0  0  0  0  0  0  0  0  0  0  0  0  0  0  0  0  0  0
      26   0  0  0  0  0  0  0  0  0  0  0  0  0  0  0  0  0  0  0  0  0  0  0  0  0  0  0  0  0  0
      27   0  0  0  0  0  0  0  0  0  0  0  0  0  0  0  0  0  0  0  0  0  0  0  0  0  0  0  0  0  0
      28   0  0  0  0  0  0  0  0  0  0  0  0  0  0  0  0  0  0  0  0  0  0  0  0  0  0  0  0  0  0
      29   0  0  0  0  0  0  0  0  0  0  0  0  0  0  0  0  0  0  0  0  0  0  0  0  0  0  0  0  0  0
      30   0  0  0  0  0  0  0  0  0  0  0  0  0  0  0  0  0  0  0  0  0  0  0  0  0  0  0  0  0  0

  DP q*
   I2\b1   1  2  3  4  5  6  7  8  9 10 11 12 13 14 15 16 17 18 19 20 21 22 23 24 25 26 27 28 29 30
       1   0  0  0  0  0  0  0  0  0  0  0  0  0  0  0  0  0  0  0  0  0  0  0  0  0  0  0  0  0  0
       2   0  0  0  0  0  0  0  0  0  0  0  0  0  0  0  0  0  0  0  0  0  0  0  0  0  0  0  0  0  0
       3   0  0  0  0  0  0  0  0  0  0  0  0  0  0  0  0  0  0  0  0  0  0  0  0  0  0  0  0  0  0
       4   0  0  0  0  0  0  0  0  0  0  0  0  0  0  0  0  0  0  0  0  0  0  0  0  0  0  0  0  0  0
       5   0  0  0  0  0  0  0  0  0  0  0  0  0  0  0  0  0  0  0  0  0  0  0  0  0  0  0  0  0  0
       6   0  0  0  0  0  0  0  0  0  0  0  0  0  0  0  0  0  0  0  0  0  0  0  0  0  0  0  0  0  0
       7   0  0  0  0  0  0  0  0  0  0  0  0  0  0  0  0  0  0  0  0  0  0  0  0  0  0  0  0  0  0
       8   0  0  0  0  0  0  0  0  0  0  0  0  0  0  0  0  0  0  0  0  0  0  0  0  0  0  0  0  0  0
       9   0  0  0  0  0  0  0  0  0  0  0  0  0  0  0  0  0  0  0  0  0  0  0  0  0  0  0  0  0  0
      10   0  0  0  0  0  0  0  0  0  0  0  0  0  0  0  0  0  0  0  0  0  0  0  0  0  0  0  0  0  0
      11   0  0  0  0  0  0  0  0  0  0  0  0  0  0  0  0  0  0  0  0  0  0  0  0  0  0  0  0  0  0
      12   0  0  0  0  0  0  0  0  0  0  0  0  0  0  0  0  0  0  0  0  0  0  0  0  0  0  0  0  0  0
      13   0  0  0  0  0  0  0  0  0  0  0  0  0  0  0  0  0  0  0  0  0  0  0  0  0  0  0  0  0  0
      14   0  0  0  0  0  0  0  0  0  0  0  0  0  0  0  0  0  0  0  0  0  0  0  0  0  0  0  0  0  0
      15   0  0  0  0  0  0  0  0  0  0  0  0  0  0  0  0  0  0  0  0  0  0  0  0  0  0  0  0  0  0
      16   0  0  0  0  0  0  0  0  0  0  0  0  0  0  0  0  0  0  0  0  0  0  0  0  0  0  0  0  0  0
      17   0  0  0  0  0  0  0  0  0  0  0  0  0  0  0  0  0  0  0  0  0  0  0  0  0  0  0  0  0  0
      18   0  0  0  0  0  0  0  0  0  0  0  0  0  0  0  0  0  0  0  0  0  0  0  0  0  0  0  0  0  0
      19   0  0  0  0  0  0  0  0  0  0  0  0  0  0  0  0  0  0  0  0  0  0  0  0  0  0  0  0  0  0
      20   0  0  0  0  0  0  0  0  0  0  0  0  0  0  0  0  0  0  0  0  0  0  0  0  0  0  0  0  0  0
      21   0  0  0  0  0  0  0  0  0  0  0  0  0  0  0  0  0  0  0  0  0  0  0  0  0  0  0  0  0  0
      22   0  0  0  0  0  0  0  0  0  0  0  0  0  0  0  0  0  0  0  0  0  0  0  0  0  0  0  0  0  0
      23   0  0  0  0  0  0  0  0  0  0  0  0  0  0  0  0  0  0  0  0  0  0  0  0  0  0  0  0  0  0
      24   0  0  0  0  0  0  0  0  0  0  0  0  0  0  0  0  0  0  0  0  0  0  0  0  0  0  0  0  0  0
      25   0  0  0  0  0  0  0  0  0  0  0  0  0  0  0  0  0  0  0  0  0  0  0  0  0  0  0  0  0  0
      26   0  0  0  0  0  0  0  0  0  0  0  0  0  0  0  0  0  0  0  0  0  0  0  0  0  0  0  0  0  0
      27   0  0  0  0  0  0  0  0  0  0  0  0  0  0  0  0  0  0  0  0  0  0  0  0  0  0  0  0  0  0
      28   0  0  0  0  0  0  0  0  0  0  0  0  0  0  0  0  0  0  0  0  0  0  0  0  0  0  0  0  0  0
      29   0  0  0  0  0  0  0  0  0  0  0  0  0  0  0  0  0  0  0  0  0  0  0  0  0  0  0  0  0  0
      30   0  0  0  0  0  0  0  0  0  0  0  0  0  0  0  0  0  0  0  0  0  0  0  0  0  0  0  0  0  0

  DIFF  (DP - analytic)
   I2\b1   1  2  3  4  5  6  7  8  9 10 11 12 13 14 15 16 17 18 19 20 21 22 23 24 25 26 27 28 29 30
       1   0  0  0  0  0  0  0  0  0  0  0  0  0  0  0  0  0  0  0  0  0  0  0  0  0  0  0  0  0  0
       2   0  0  0  0  0  0  0  0  0  0  0  0  0  0  0  0  0  0  0  0  0  0  0  0  0  0  0  0  0  0
       3   0  0  0  0  0  0  0  0  0  0  0  0  0  0  0  0  0  0  0  0  0  0  0  0  0  0  0  0  0  0
       4   0  0  0  0  0  0  0  0  0  0  0  0  0  0  0  0  0  0  0  0  0  0  0  0  0  0  0  0  0  0
       5   0  0  0  0  0  0  0  0  0  0  0  0  0  0  0  0  0  0  0  0  0  0  0  0  0  0  0  0  0  0
       6   0  0  0  0  0  0  0  0  0  0  0  0  0  0  0  0  0  0  0  0  0  0  0  0  0  0  0  0  0  0
       7   0  0  0  0  0  0  0  0  0  0  0  0  0  0  0  0  0  0  0  0  0  0  0  0  0  0  0  0  0  0
       8   0  0  0  0  0  0  0  0  0  0  0  0  0  0  0  0  0  0  0  0  0  0  0  0  0  0  0  0  0  0
       9   0  0  0  0  0  0  0  0  0  0  0  0  0  0  0  0  0  0  0  0  0  0  0  0  0  0  0  0  0  0
      10   0  0  0  0  0  0  0  0  0  0  0  0  0  0  0  0  0  0  0  0  0  0  0  0  0  0  0  0  0  0
      11   0  0  0  0  0  0  0  0  0  0  0  0  0  0  0  0  0  0  0  0  0  0  0  0  0  0  0  0  0  0
      12   0  0  0  0  0  0  0  0  0  0  0  0  0  0  0  0  0  0  0  0  0  0  0  0  0  0  0  0  0  0
      13   0  0  0  0  0  0  0  0  0  0  0  0  0  0  0  0  0  0  0  0  0  0  0  0  0  0  0  0  0  0
      14   0  0  0  0  0  0  0  0  0  0  0  0  0  0  0  0  0  0  0  0  0  0  0  0  0  0  0  0  0  0
      15   0  0  0  0  0  0  0  0  0  0  0  0  0  0  0  0  0  0  0  0  0  0  0  0  0  0  0  0  0  0
      16   0  0  0  0  0  0  0  0  0  0  0  0  0  0  0  0  0  0  0  0  0  0  0  0  0  0  0  0  0  0
      17   0  0  0  0  0  0  0  0  0  0  0  0  0  0  0  0  0  0  0  0  0  0  0  0  0  0  0  0  0  0
      18   0  0  0  0  0  0  0  0  0  0  0  0  0  0  0  0  0  0  0  0  0  0  0  0  0  0  0  0  0  0
      19   0  0  0  0  0  0  0  0  0  0  0  0  0  0  0  0  0  0  0  0  0  0  0  0  0  0  0  0  0  0
      20   0  0  0  0  0  0  0  0  0  0  0  0  0  0  0  0  0  0  0  0  0  0  0  0  0  0  0  0  0  0
      21   0  0  0  0  0  0  0  0  0  0  0  0  0  0  0  0  0  0  0  0  0  0  0  0  0  0  0  0  0  0
      22   0  0  0  0  0  0  0  0  0  0  0  0  0  0  0  0  0  0  0  0  0  0  0  0  0  0  0  0  0  0
      23   0  0  0  0  0  0  0  0  0  0  0  0  0  0  0  0  0  0  0  0  0  0  0  0  0  0  0  0  0  0
      24   0  0  0  0  0  0  0  0  0  0  0  0  0  0  0  0  0  0  0  0  0  0  0  0  0  0  0  0  0  0
      25   0  0  0  0  0  0  0  0  0  0  0  0  0  0  0  0  0  0  0  0  0  0  0  0  0  0  0  0  0  0
      26   0  0  0  0  0  0  0  0  0  0  0  0  0  0  0  0  0  0  0  0  0  0  0  0  0  0  0  0  0  0
      27   0  0  0  0  0  0  0  0  0  0  0  0  0  0  0  0  0  0  0  0  0  0  0  0  0  0  0  0  0  0
      28   0  0  0  0  0  0  0  0  0  0  0  0  0  0  0  0  0  0  0  0  0  0  0  0  0  0  0  0  0  0
      29   0  0  0  0  0  0  0  0  0  0  0  0  0  0  0  0  0  0  0  0  0  0  0  0  0  0  0  0  0  0
      30   0  0  0  0  0  0  0  0  0  0  0  0  0  0  0  0  0  0  0  0  0  0  0  0  0  0  0  0  0  0

====================================================================================================
  tau = 0.5      matrices over I2 (rows, 1..30) x b1 (cols, 1..30)
====================================================================================================
  ANALYTIC q*
   I2\b1   1  2  3  4  5  6  7  8  9 10 11 12 13 14 15 16 17 18 19 20 21 22 23 24 25 26 27 28 29 30
       1   0  0  0  0  0  0  0  0  0  0  0  0  0  0  0  0  0  0  0  0  0  0  0  0  0  0  0  0  0  0
       2   0  0  0  0  0  0  0  0  0  0  0  0  0  0  0  0  0  0  0  0  0  0  0  0  0  0  0  0  0  0
       3   0  0  0  0  0  0  0  0  0  0  0  0  0  0  0  0  0  0  0  0  0  0  0  0  0  0  0  0  0  0
       4   0  0  0  0  0  0  0  0  0  0  0  0  0  0  0  0  0  0  0  0  0  0  0  0  0  0  0  0  0  0
       5   0  0  0  0  0  0  0  0  0  0  0  0  0  0  0  0  0  0  0  0  0  0  0  0  0  0  0  0  0  0
       6   0  0  0  0  0  0  0  0  0  0  0  0  0  0  0  0  0  0  0  0  0  0  0  0  0  0  0  0  0  0
       7   0  0  0  0  0  0  0  0  0  0  0  0  0  0  0  0  0  0  0  0  0  0  0  0  0  0  0  0  0  0
       8   0  0  0  0  0  0  0  0  0  0  0  0  0  0  0  0  0  0  0  0  0  0  0  0  0  0  0  0  0  0
       9   0  0  0  0  0  0  0  0  0  0  0  0  0  0  0  0  0  0  0  0  0  0  0  0  0  0  0  0  0  0
      10   0  0  0  0  0  0  0  0  0  0  0  0  0  0  0  0  0  0  0  0  0  0  0  0  0  0  0  0  0  0
      11   0  0  0  0  0  0  0  0  0  0  0  0  0  0  0  0  0  0  0  0  0  0  0  0  0  0  0  0  0  0
      12   0  0  0  0  0  0  0  0  0  0  0  0  0  0  0  0  0  0  0  0  0  0  0  0  0  0  0  0  0  0
      13   0  0  0  0  0  0  0  0  0  0  0  0  0  0  0  0  0  0  0  0  0  0  0  0  0  0  0  0  0  0
      14   0  0  0  0  0  0  0  0  0  0  0  0  0  0  0  0  0  0  0  0  0  0  0  0  0  0  0  0  0  0
      15   0  0  0  0  0  0  0  0  0  0  0  0  0  0  0  0  0  0  0  0  0  0  0  0  0  0  0  0  0  0
      16   0  0  0  0  0  0  0  0  0  0  0  0  0  0  0  0  0  0  0  0  0  0  0  0  0  0  0  0  0  0
      17   0  0  0  0  0  0  0  0  0  0  0  0  0  0  0  0  0  0  0  0  0  0  0  0  0  0  0  0  0  0
      18   0  0  0  0  0  0  0  0  0  0  0  0  0  0  0  0  0  0  0  0  0  0  0  0  0  0  0  0  0  0
      19   0  0  0  0  0  0  0  0  0  0  0  0  0  0  0  0  0  0  0  0  0  0  0  0  0  0  0  0  0  0
      20   0  0  0  0  0  0  0  0  0  0  0  0  0  0  0  0  0  0  0  0  0  0  0  0  0  0  0  0  0  0
      21   0  0  0  0  0  0  0  0  0  0  0  0  0  0  0  0  0  0  0  0  0  0  0  0  0  0  0  0  0  0
      22   0  0  0  0  0  0  0  0  0  0  0  0  0  0  0  0  0  0  0  0  0  0  0  0  0  0  0  0  0  0
      23   0  0  0  0  0  0  0  0  0  0  0  0  0  0  0  0  0  0  0  0  0  0  0  0  0  0  0  0  0  0
      24   0  0  0  0  0  0  0  0  0  0  0  0  0  0  0  0  0  0  0  0  0  0  0  0  0  0  0  0  0  0
      25   0  0  0  0  0  0  0  0  0  0  0  0  0  0  0  0  0  0  0  0  0  0  0  0  0  0  0  0  0  0
      26   0  0  0  0  0  0  0  0  0  0  0  0  0  0  0  0  0  0  0  0  0  0  0  0  0  0  0  0  0  0
      27   0  0  0  0  0  0  0  0  0  0  0  0  0  0  0  0  0  0  0  0  0  0  0  0  0  0  0  0  0  0
      28   0  0  0  0  0  0  0  0  0  0  0  0  0  0  0  0  0  0  0  0  0  0  0  0  0  0  0  0  0  0
      29   0  0  0  0  0  0  0  0  0  0  0  0  0  0  0  0  0  0  0  0  0  0  0  0  0  0  0  0  0  0
      30   0  0  0  0  0  0  0  0  0  0  0  0  0  0  0  0  0  0  0  0  0  0  0  0  0  0  0  0  0  0

  DP q*
   I2\b1   1  2  3  4  5  6  7  8  9 10 11 12 13 14 15 16 17 18 19 20 21 22 23 24 25 26 27 28 29 30
       1   0  0  0  0  0  0  0  0  0  0  0  0  0  0  0  0  0  0  0  0  0  0  0  0  0  0  0  0  0  0
       2   0  0  0  0  0  0  0  0  0  0  0  0  0  0  0  0  0  0  0  0  0  0  0  0  0  0  0  0  0  0
       3   0  0  0  0  0  0  0  0  0  0  0  0  0  0  0  0  0  0  0  0  0  0  0  0  0  0  0  0  0  0
       4   0  0  0  0  0  0  0  0  0  0  0  0  0  0  0  0  0  0  0  0  0  0  0  0  0  0  0  0  0  0
       5   0  0  0  0  0  0  0  0  0  0  0  0  0  0  0  0  0  0  0  0  0  0  0  0  0  0  0  0  0  0
       6   0  0  0  0  0  0  0  0  0  0  0  0  0  0  0  0  0  0  0  0  0  0  0  0  0  0  0  0  0  0
       7   0  0  0  0  0  0  0  0  0  0  0  0  0  0  0  0  0  0  0  0  0  0  0  0  0  0  0  0  0  0
       8   0  0  0  0  0  0  0  0  0  0  0  0  0  0  0  0  0  0  0  0  0  0  0  0  0  0  0  0  0  0
       9   0  0  0  0  0  0  0  0  0  0  0  0  0  0  0  0  0  0  0  0  0  0  0  0  0  0  0  0  0  0
      10   0  0  0  0  0  0  0  0  0  0  0  0  0  0  0  0  0  0  0  0  0  0  0  0  0  0  0  0  0  0
      11   0  0  0  0  0  0  0  0  0  0  0  0  0  0  0  0  0  0  0  0  0  0  0  0  0  0  0  0  0  0
      12   0  0  0  0  0  0  0  0  0  0  0  0  0  0  0  0  0  0  0  0  0  0  0  0  0  0  0  0  0  0
      13   0  0  0  0  0  0  0  0  0  0  0  0  0  0  0  0  0  0  0  0  0  0  0  0  0  0  0  0  0  0
      14   0  0  0  0  0  0  0  0  0  0  0  0  0  0  0  0  0  0  0  0  0  0  0  0  0  0  0  0  0  0
      15   0  0  0  0  0  0  0  0  0  0  0  0  0  0  0  0  0  0  0  0  0  0  0  0  0  0  0  0  0  0
      16   0  0  0  0  0  0  0  0  0  0  0  0  0  0  0  0  0  0  0  0  0  0  0  0  0  0  0  0  0  0
      17   0  0  0  0  0  0  0  0  0  0  0  0  0  0  0  0  0  0  0  0  0  0  0  0  0  0  0  0  0  0
      18   0  0  0  0  0  0  0  0  0  0  0  0  0  0  0  0  0  0  0  0  0  0  0  0  0  0  0  0  0  0
      19   0  0  0  0  0  0  0  0  0  0  0  0  0  0  0  0  0  0  0  0  0  0  0  0  0  0  0  0  0  0
      20   0  0  0  0  0  0  0  0  0  0  0  0  0  0  0  0  0  0  0  0  0  0  0  0  0  0  0  0  0  0
      21   0  0  0  0  0  0  0  0  0  0  0  0  0  0  0  0  0  0  0  0  0  0  0  0  0  0  0  0  0  0
      22   0  0  0  0  0  0  0  0  0  0  0  0  0  0  0  0  0  0  0  0  0  0  0  0  0  0  0  0  0  0
      23   0  0  0  0  0  0  0  0  0  0  0  0  0  0  0  0  0  0  0  0  0  0  0  0  0  0  0  0  0  0
      24   0  0  0  0  0  0  0  0  0  0  0  0  0  0  0  0  0  0  0  0  0  0  0  0  0  0  0  0  0  0
      25   0  0  0  0  0  0  0  0  0  0  0  0  0  0  0  0  0  0  0  0  0  0  0  0  0  0  0  0  0  0
      26   0  0  0  0  0  0  0  0  0  0  0  0  0  0  0  0  0  0  0  0  0  0  0  0  0  0  0  0  0  0
      27   0  0  0  0  0  0  0  0  0  0  0  0  0  0  0  0  0  0  0  0  0  0  0  0  0  0  0  0  0  0
      28   0  0  0  0  0  0  0  0  0  0  0  0  0  0  0  0  0  0  0  0  0  0  0  0  0  0  0  0  0  0
      29   0  0  0  0  0  0  0  0  0  0  0  0  0  0  0  0  0  0  0  0  0  0  0  0  0  0  0  0  0  0
      30   0  0  0  0  0  0  0  0  0  0  0  0  0  0  0  0  0  0  0  0  0  0  0  0  0  0  0  0  0  0

  DIFF  (DP - analytic)
   I2\b1   1  2  3  4  5  6  7  8  9 10 11 12 13 14 15 16 17 18 19 20 21 22 23 24 25 26 27 28 29 30
       1   0  0  0  0  0  0  0  0  0  0  0  0  0  0  0  0  0  0  0  0  0  0  0  0  0  0  0  0  0  0
       2   0  0  0  0  0  0  0  0  0  0  0  0  0  0  0  0  0  0  0  0  0  0  0  0  0  0  0  0  0  0
       3   0  0  0  0  0  0  0  0  0  0  0  0  0  0  0  0  0  0  0  0  0  0  0  0  0  0  0  0  0  0
       4   0  0  0  0  0  0  0  0  0  0  0  0  0  0  0  0  0  0  0  0  0  0  0  0  0  0  0  0  0  0
       5   0  0  0  0  0  0  0  0  0  0  0  0  0  0  0  0  0  0  0  0  0  0  0  0  0  0  0  0  0  0
       6   0  0  0  0  0  0  0  0  0  0  0  0  0  0  0  0  0  0  0  0  0  0  0  0  0  0  0  0  0  0
       7   0  0  0  0  0  0  0  0  0  0  0  0  0  0  0  0  0  0  0  0  0  0  0  0  0  0  0  0  0  0
       8   0  0  0  0  0  0  0  0  0  0  0  0  0  0  0  0  0  0  0  0  0  0  0  0  0  0  0  0  0  0
       9   0  0  0  0  0  0  0  0  0  0  0  0  0  0  0  0  0  0  0  0  0  0  0  0  0  0  0  0  0  0
      10   0  0  0  0  0  0  0  0  0  0  0  0  0  0  0  0  0  0  0  0  0  0  0  0  0  0  0  0  0  0
      11   0  0  0  0  0  0  0  0  0  0  0  0  0  0  0  0  0  0  0  0  0  0  0  0  0  0  0  0  0  0
      12   0  0  0  0  0  0  0  0  0  0  0  0  0  0  0  0  0  0  0  0  0  0  0  0  0  0  0  0  0  0
      13   0  0  0  0  0  0  0  0  0  0  0  0  0  0  0  0  0  0  0  0  0  0  0  0  0  0  0  0  0  0
      14   0  0  0  0  0  0  0  0  0  0  0  0  0  0  0  0  0  0  0  0  0  0  0  0  0  0  0  0  0  0
      15   0  0  0  0  0  0  0  0  0  0  0  0  0  0  0  0  0  0  0  0  0  0  0  0  0  0  0  0  0  0
      16   0  0  0  0  0  0  0  0  0  0  0  0  0  0  0  0  0  0  0  0  0  0  0  0  0  0  0  0  0  0
      17   0  0  0  0  0  0  0  0  0  0  0  0  0  0  0  0  0  0  0  0  0  0  0  0  0  0  0  0  0  0
      18   0  0  0  0  0  0  0  0  0  0  0  0  0  0  0  0  0  0  0  0  0  0  0  0  0  0  0  0  0  0
      19   0  0  0  0  0  0  0  0  0  0  0  0  0  0  0  0  0  0  0  0  0  0  0  0  0  0  0  0  0  0
      20   0  0  0  0  0  0  0  0  0  0  0  0  0  0  0  0  0  0  0  0  0  0  0  0  0  0  0  0  0  0
      21   0  0  0  0  0  0  0  0  0  0  0  0  0  0  0  0  0  0  0  0  0  0  0  0  0  0  0  0  0  0
      22   0  0  0  0  0  0  0  0  0  0  0  0  0  0  0  0  0  0  0  0  0  0  0  0  0  0  0  0  0  0
      23   0  0  0  0  0  0  0  0  0  0  0  0  0  0  0  0  0  0  0  0  0  0  0  0  0  0  0  0  0  0
      24   0  0  0  0  0  0  0  0  0  0  0  0  0  0  0  0  0  0  0  0  0  0  0  0  0  0  0  0  0  0
      25   0  0  0  0  0  0  0  0  0  0  0  0  0  0  0  0  0  0  0  0  0  0  0  0  0  0  0  0  0  0
      26   0  0  0  0  0  0  0  0  0  0  0  0  0  0  0  0  0  0  0  0  0  0  0  0  0  0  0  0  0  0
      27   0  0  0  0  0  0  0  0  0  0  0  0  0  0  0  0  0  0  0  0  0  0  0  0  0  0  0  0  0  0
      28   0  0  0  0  0  0  0  0  0  0  0  0  0  0  0  0  0  0  0  0  0  0  0  0  0  0  0  0  0  0
      29   0  0  0  0  0  0  0  0  0  0  0  0  0  0  0  0  0  0  0  0  0  0  0  0  0  0  0  0  0  0
      30   0  0  0  0  0  0  0  0  0  0  0  0  0  0  0  0  0  0  0  0  0  0  0  0  0  0  0  0  0  0

====================================================================================================
  tau = 0.75      matrices over I2 (rows, 1..30) x b1 (cols, 1..30)
====================================================================================================
  ANALYTIC q*
   I2\b1   1  2  3  4  5  6  7  8  9 10 11 12 13 14 15 16 17 18 19 20 21 22 23 24 25 26 27 28 29 30
       1   0  0  0  0  0  0  0  0  0  0  0  0  0  0  0  0  0  0  0  0  0  0  0  0  0  0  0  0  0  0
       2   0  0  0  0  0  0  0  0  0  0  0  0  0  0  0  0  0  0  0  0  0  0  0  0  0  0  0  0  0  0
       3   0  0  0  0  0  0  0  0  0  0  0  0  0  0  0  0  0  0  0  0  0  0  0  0  0  0  0  0  0  0
       4   0  0  0  0  0  0  0  0  0  0  0  0  0  0  0  0  0  0  0  0  0  0  0  0  0  0  0  0  0  0
       5   0  0  0  0  0  0  0  0  0  0  0  0  0  0  0  0  0  0  0  0  0  0  0  0  0  0  0  0  0  0
       6   0  0  0  0  0  0  0  0  0  0  0  0  0  0  0  0  0  0  0  0  0  0  0  0  0  0  0  0  0  0
       7   0  0  0  0  0  0  0  0  0  0  0  0  0  0  0  0  0  0  0  0  0  0  0  0  0  0  0  0  0  0
       8   0  0  0  0  0  0  0  0  0  0  0  0  0  0  0  0  0  0  0  0  0  0  0  0  0  0  0  0  0  0
       9   0  0  0  0  0  0  0  0  0  0  0  0  0  0  0  0  0  0  0  0  0  0  0  0  0  0  0  0  0  0
      10   0  0  0  0  0  0  0  0  0  0  0  0  0  0  0  0  0  0  0  0  0  0  0  0  0  0  0  0  0  0
      11   0  0  0  0  0  0  0  0  0  0  0  0  0  0  0  0  0  0  0  0  0  0  0  0  0  0  0  0  0  0
      12   0  0  0  0  0  0  0  0  0  0  0  0  0  0  0  0  0  0  0  0  0  0  0  0  0  0  0  0  0  0
      13   0  0  0  0  0  0  0  0  0  0  0  0  0  0  0  0  0  0  0  0  0  0  0  0  0  0  0  0  0  0
      14   0  0  0  0  0  0  0  0  0  0  0  0  0  0  0  0  0  0  0  0  0  0  0  0  0  0  0  0  0  0
      15   0  0  0  0  0  0  0  0  0  0  0  0  0  0  0  0  0  0  0  0  0  0  0  0  0  0  0  0  0  0
      16   0  0  0  0  0  0  0  0  0  0  0  0  0  0  0  0  0  0  0  0  0  0  0  0  0  0  0  0  0  0
      17   0  0  0  0  0  0  0  0  0  0  0  0  0  0  0  0  0  0  0  0  0  0  0  0  0  0  0  0  0  0
      18   0  0  0  0  0  0  0  0  0  0  0  0  0  0  0  0  0  0  0  0  0  0  0  0  0  0  0  0  0  0
      19   0  0  0  0  0  0  0  0  0  0  0  0  0  0  0  0  0  0  0  0  0  0  0  0  0  0  0  0  0  0
      20   0  0  0  0  0  0  0  0  0  0  0  0  0  0  0  0  0  0  0  0  0  0  0  0  0  0  0  0  0  0
      21   0  0  0  0  0  0  0  0  0  0  0  0  0  0  0  0  0  0  0  0  0  0  0  0  0  0  0  0  0  0
      22   0  0  0  0  0  0  0  0  0  0  0  0  0  0  0  0  0  0  0  0  0  0  0  0  0  0  0  0  0  0
      23   0  0  0  0  0  0  0  0  0  0  0  0  0  0  0  0  0  0  0  0  0  0  0  0  0  0  0  0  0  0
      24   0  0  0  0  0  0  0  0  0  0  0  0  0  0  0  0  0  0  0  0  0  0  0  0  0  0  0  0  0  0
      25   0  0  0  0  0  0  0  0  0  0  0  0  0  0  0  0  0  0  0  0  0  0  0  0  0  0  0  0  0  0
      26   0  0  0  0  0  0  0  0  0  0  0  0  0  0  0  0  0  0  0  0  0  0  0  0  0  0  0  0  0  0
      27   0  0  0  0  0  0  0  0  0  0  0  0  0  0  0  0  0  0  0  0  0  0  0  0  0  0  0  0  0  0
      28   0  0  0  0  0  0  0  0  0  0  0  0  0  0  0  0  0  0  0  0  0  0  0  0  0  0  0  0  0  0
      29   0  0  0  0  0  0  0  0  0  0  0  0  0  0  0  0  0  0  0  0  0  0  0  0  0  0  0  0  0  0
      30   0  0  0  0  0  0  0  0  0  0  0  0  0  0  0  0  0  0  0  0  0  0  0  0  0  0  0  0  0  0

  DP q*
   I2\b1   1  2  3  4  5  6  7  8  9 10 11 12 13 14 15 16 17 18 19 20 21 22 23 24 25 26 27 28 29 30
       1   0  0  0  0  0  0  0  0  0  0  0  0  0  0  0  0  0  0  0  0  0  0  0  0  0  0  0  0  0  0
       2   0  0  0  0  0  0  0  0  0  0  0  0  0  0  0  0  0  0  0  0  0  0  0  0  0  0  0  0  0  0
       3   0  0  0  0  0  0  0  0  0  0  0  0  0  0  0  0  0  0  0  0  0  0  0  0  0  0  0  0  0  0
       4   0  0  0  0  0  0  0  0  0  0  0  0  0  0  0  0  0  0  0  0  0  0  0  0  0  0  0  0  0  0
       5   0  0  0  0  0  0  0  0  0  0  0  0  0  0  0  0  0  0  0  0  0  0  0  0  0  0  0  0  0  0
       6   0  0  0  0  0  0  0  0  0  0  0  0  0  0  0  0  0  0  0  0  0  0  0  0  0  0  0  0  0  0
       7   0  0  0  0  0  0  0  0  0  0  0  0  0  0  0  0  0  0  0  0  0  0  0  0  0  0  0  0  0  0
       8   0  0  0  0  0  0  0  0  0  0  0  0  0  0  0  0  0  0  0  0  0  0  0  0  0  0  0  0  0  0
       9   0  0  0  0  0  0  0  0  0  0  0  0  0  0  0  0  0  0  0  0  0  0  0  0  0  0  0  0  0  0
      10   0  0  0  0  0  0  0  0  0  0  0  0  0  0  0  0  0  0  0  0  0  0  0  0  0  0  0  0  0  0
      11   0  0  0  0  0  0  0  0  0  0  0  0  0  0  0  0  0  0  0  0  0  0  0  0  0  0  0  0  0  0
      12   0  0  0  0  0  0  0  0  0  0  0  0  0  0  0  0  0  0  0  0  0  0  0  0  0  0  0  0  0  0
      13   0  0  0  0  0  0  0  0  0  0  0  0  0  0  0  0  0  0  0  0  0  0  0  0  0  0  0  0  0  0
      14   0  0  0  0  0  0  0  0  0  0  0  0  0  0  0  0  0  0  0  0  0  0  0  0  0  0  0  0  0  0
      15   0  0  0  0  0  0  0  0  0  0  0  0  0  0  0  0  0  0  0  0  0  0  0  0  0  0  0  0  0  0
      16   0  0  0  0  0  0  0  0  0  0  0  0  0  0  0  0  0  0  0  0  0  0  0  0  0  0  0  0  0  0
      17   0  0  0  0  0  0  0  0  0  0  0  0  0  0  0  0  0  0  0  0  0  0  0  0  0  0  0  0  0  0
      18   0  0  0  0  0  0  0  0  0  0  0  0  0  0  0  0  0  0  0  0  0  0  0  0  0  0  0  0  0  0
      19   0  0  0  0  0  0  0  0  0  0  0  0  0  0  0  0  0  0  0  0  0  0  0  0  0  0  0  0  0  0
      20   0  0  0  0  0  0  0  0  0  0  0  0  0  0  0  0  0  0  0  0  0  0  0  0  0  0  0  0  0  0
      21   0  0  0  0  0  0  0  0  0  0  0  0  0  0  0  0  0  0  0  0  0  0  0  0  0  0  0  0  0  0
      22   0  0  0  0  0  0  0  0  0  0  0  0  0  0  0  0  0  0  0  0  0  0  0  0  0  0  0  0  0  0
      23   0  0  0  0  0  0  0  0  0  0  0  0  0  0  0  0  0  0  0  0  0  0  0  0  0  0  0  0  0  0
      24   0  0  0  0  0  0  0  0  0  0  0  0  0  0  0  0  0  0  0  0  0  0  0  0  0  0  0  0  0  0
      25   0  0  0  0  0  0  0  0  0  0  0  0  0  0  0  0  0  0  0  0  0  0  0  0  0  0  0  0  0  0
      26   0  0  0  0  0  0  0  0  0  0  0  0  0  0  0  0  0  0  0  0  0  0  0  0  0  0  0  0  0  0
      27   0  0  0  0  0  0  0  0  0  0  0  0  0  0  0  0  0  0  0  0  0  0  0  0  0  0  0  0  0  0
      28   0  0  0  0  0  0  0  0  0  0  0  0  0  0  0  0  0  0  0  0  0  0  0  0  0  0  0  0  0  0
      29   0  0  0  0  0  0  0  0  0  0  0  0  0  0  0  0  0  0  0  0  0  0  0  0  0  0  0  0  0  0
      30   0  0  0  0  0  0  0  0  0  0  0  0  0  0  0  0  0  0  0  0  0  0  0  0  0  0  0  0  0  0

  DIFF  (DP - analytic)
   I2\b1   1  2  3  4  5  6  7  8  9 10 11 12 13 14 15 16 17 18 19 20 21 22 23 24 25 26 27 28 29 30
       1   0  0  0  0  0  0  0  0  0  0  0  0  0  0  0  0  0  0  0  0  0  0  0  0  0  0  0  0  0  0
       2   0  0  0  0  0  0  0  0  0  0  0  0  0  0  0  0  0  0  0  0  0  0  0  0  0  0  0  0  0  0
       3   0  0  0  0  0  0  0  0  0  0  0  0  0  0  0  0  0  0  0  0  0  0  0  0  0  0  0  0  0  0
       4   0  0  0  0  0  0  0  0  0  0  0  0  0  0  0  0  0  0  0  0  0  0  0  0  0  0  0  0  0  0
       5   0  0  0  0  0  0  0  0  0  0  0  0  0  0  0  0  0  0  0  0  0  0  0  0  0  0  0  0  0  0
       6   0  0  0  0  0  0  0  0  0  0  0  0  0  0  0  0  0  0  0  0  0  0  0  0  0  0  0  0  0  0
       7   0  0  0  0  0  0  0  0  0  0  0  0  0  0  0  0  0  0  0  0  0  0  0  0  0  0  0  0  0  0
       8   0  0  0  0  0  0  0  0  0  0  0  0  0  0  0  0  0  0  0  0  0  0  0  0  0  0  0  0  0  0
       9   0  0  0  0  0  0  0  0  0  0  0  0  0  0  0  0  0  0  0  0  0  0  0  0  0  0  0  0  0  0
      10   0  0  0  0  0  0  0  0  0  0  0  0  0  0  0  0  0  0  0  0  0  0  0  0  0  0  0  0  0  0
      11   0  0  0  0  0  0  0  0  0  0  0  0  0  0  0  0  0  0  0  0  0  0  0  0  0  0  0  0  0  0
      12   0  0  0  0  0  0  0  0  0  0  0  0  0  0  0  0  0  0  0  0  0  0  0  0  0  0  0  0  0  0
      13   0  0  0  0  0  0  0  0  0  0  0  0  0  0  0  0  0  0  0  0  0  0  0  0  0  0  0  0  0  0
      14   0  0  0  0  0  0  0  0  0  0  0  0  0  0  0  0  0  0  0  0  0  0  0  0  0  0  0  0  0  0
      15   0  0  0  0  0  0  0  0  0  0  0  0  0  0  0  0  0  0  0  0  0  0  0  0  0  0  0  0  0  0
      16   0  0  0  0  0  0  0  0  0  0  0  0  0  0  0  0  0  0  0  0  0  0  0  0  0  0  0  0  0  0
      17   0  0  0  0  0  0  0  0  0  0  0  0  0  0  0  0  0  0  0  0  0  0  0  0  0  0  0  0  0  0
      18   0  0  0  0  0  0  0  0  0  0  0  0  0  0  0  0  0  0  0  0  0  0  0  0  0  0  0  0  0  0
      19   0  0  0  0  0  0  0  0  0  0  0  0  0  0  0  0  0  0  0  0  0  0  0  0  0  0  0  0  0  0
      20   0  0  0  0  0  0  0  0  0  0  0  0  0  0  0  0  0  0  0  0  0  0  0  0  0  0  0  0  0  0
      21   0  0  0  0  0  0  0  0  0  0  0  0  0  0  0  0  0  0  0  0  0  0  0  0  0  0  0  0  0  0
      22   0  0  0  0  0  0  0  0  0  0  0  0  0  0  0  0  0  0  0  0  0  0  0  0  0  0  0  0  0  0
      23   0  0  0  0  0  0  0  0  0  0  0  0  0  0  0  0  0  0  0  0  0  0  0  0  0  0  0  0  0  0
      24   0  0  0  0  0  0  0  0  0  0  0  0  0  0  0  0  0  0  0  0  0  0  0  0  0  0  0  0  0  0
      25   0  0  0  0  0  0  0  0  0  0  0  0  0  0  0  0  0  0  0  0  0  0  0  0  0  0  0  0  0  0
      26   0  0  0  0  0  0  0  0  0  0  0  0  0  0  0  0  0  0  0  0  0  0  0  0  0  0  0  0  0  0
      27   0  0  0  0  0  0  0  0  0  0  0  0  0  0  0  0  0  0  0  0  0  0  0  0  0  0  0  0  0  0
      28   0  0  0  0  0  0  0  0  0  0  0  0  0  0  0  0  0  0  0  0  0  0  0  0  0  0  0  0  0  0
      29   0  0  0  0  0  0  0  0  0  0  0  0  0  0  0  0  0  0  0  0  0  0  0  0  0  0  0  0  0  0
      30   0  0  0  0  0  0  0  0  0  0  0  0  0  0  0  0  0  0  0  0  0  0  0  0  0  0  0  0  0  0

====================================================================================================
  tau = 1.0      matrices over I2 (rows, 1..30) x b1 (cols, 1..30)
====================================================================================================
  ANALYTIC q*
   I2\b1   1  2  3  4  5  6  7  8  9 10 11 12 13 14 15 16 17 18 19 20 21 22 23 24 25 26 27 28 29 30
       1   0  0  0  0  0  0  0  0  0  0  0  0  0  0  0  0  0  0  0  0  0  0  0  0  0  0  0  0  0  0
       2   0  0  0  0  0  0  0  0  0  0  0  0  0  0  0  0  0  0  0  0  0  0  0  0  0  0  0  0  0  0
       3   0  0  0  0  0  0  0  0  0  0  0  0  0  0  0  0  0  0  0  0  0  0  0  0  0  0  0  0  0  0
       4   0  0  0  0  0  0  0  0  0  0  0  0  0  0  0  0  0  0  0  0  0  0  0  0  0  0  0  0  0  0
       5   0  0  0  0  0  0  0  0  0  0  0  0  0  0  0  0  0  0  0  0  0  0  0  0  0  0  0  0  0  0
       6   0  0  0  0  0  0  0  0  0  0  0  0  0  0  0  0  0  0  0  0  0  0  0  0  0  0  0  0  0  0
       7   0  0  0  0  0  0  0  0  0  0  0  0  0  0  0  0  0  0  0  0  0  0  0  0  0  0  0  0  0  0
       8   0  0  0  0  0  0  0  0  0  0  0  0  0  0  0  0  0  0  0  0  0  0  0  0  0  0  0  0  0  0
       9   0  0  0  0  0  0  0  0  0  0  0  0  0  0  0  0  0  0  0  0  0  0  0  0  0  0  0  0  0  0
      10   0  0  0  0  0  0  0  0  0  0  0  0  0  0  0  0  0  0  0  0  0  0  0  0  0  0  0  0  0  0
      11   0  0  0  0  0  0  0  0  0  0  0  0  0  0  0  0  0  0  0  0  0  0  0  0  0  0  0  0  0  0
      12   0  0  0  0  0  0  0  0  0  0  0  0  0  0  0  0  0  0  0  0  0  0  0  0  0  0  0  0  0  0
      13   0  0  0  0  0  0  0  0  0  0  0  0  0  0  0  0  0  0  0  0  0  0  0  0  0  0  0  0  0  0
      14   0  0  0  0  0  0  0  0  0  0  0  0  0  0  0  0  0  0  0  0  0  0  0  0  0  0  0  0  0  0
      15   0  0  0  0  0  0  0  0  0  0  0  0  0  0  0  0  0  0  0  0  0  0  0  0  0  0  0  0  0  0
      16   0  0  0  0  0  0  0  0  0  0  0  0  0  0  0  0  0  0  0  0  0  0  0  0  0  0  0  0  0  0
      17   0  0  0  0  0  0  0  0  0  0  0  0  0  0  0  0  0  0  0  0  0  0  0  0  0  0  0  0  0  0
      18   0  0  0  0  0  0  0  0  0  0  0  0  0  0  0  0  0  0  0  0  0  0  0  0  0  0  0  0  0  0
      19   0  0  0  0  0  0  0  0  0  0  0  0  0  0  0  0  0  0  0  0  0  0  0  0  0  0  0  0  0  0
      20   0  0  0  0  0  0  0  0  0  0  0  0  0  0  0  0  0  0  0  0  0  0  0  0  0  0  0  0  0  0
      21   0  0  0  0  0  0  0  0  0  0  0  0  0  0  0  0  0  0  0  0  0  0  0  0  0  0  0  0  0  0
      22   0  0  0  0  0  0  0  0  0  0  0  0  0  0  0  0  0  0  0  0  0  0  0  0  0  0  0  0  0  0
      23   0  0  0  0  0  0  0  0  0  0  0  0  0  0  0  0  0  0  0  0  0  0  0  0  0  0  0  0  0  0
      24   0  0  0  0  0  0  0  0  0  0  0  0  0  0  0  0  0  0  0  0  0  0  0  0  0  0  0  0  0  0
      25   0  0  0  0  0  0  0  0  0  0  0  0  0  0  0  0  0  0  0  0  0  0  0  0  0  0  0  0  0  0
      26   0  0  0  0  0  0  0  0  0  0  0  0  0  0  0  0  0  0  0  0  0  0  0  0  0  0  0  0  0  0
      27   0  0  0  0  0  0  0  0  0  0  0  0  0  0  0  0  0  0  0  0  0  0  0  0  0  0  0  0  0  0
      28   0  0  0  0  0  0  0  0  0  0  0  0  0  0  0  0  0  0  0  0  0  0  0  0  0  0  0  0  0  0
      29   0  0  0  0  0  0  0  0  0  0  0  0  0  0  0  0  0  0  0  0  0  0  0  0  0  0  0  0  0  0
      30   0  0  0  0  0  0  0  0  0  0  0  0  0  0  0  0  0  0  0  0  0  0  0  0  0  0  0  0  0  0

  DP q*
   I2\b1   1  2  3  4  5  6  7  8  9 10 11 12 13 14 15 16 17 18 19 20 21 22 23 24 25 26 27 28 29 30
       1   0  0  0  0  0  0  0  0  0  0  0  0  0  0  0  0  0  0  0  0  0  0  0  0  0  0  0  0  0  0
       2   0  0  0  0  0  0  0  0  0  0  0  0  0  0  0  0  0  0  0  0  0  0  0  0  0  0  0  0  0  0
       3   0  0  0  0  0  0  0  0  0  0  0  0  0  0  0  0  0  0  0  0  0  0  0  0  0  0  0  0  0  0
       4   0  0  0  0  0  0  0  0  0  0  0  0  0  0  0  0  0  0  0  0  0  0  0  0  0  0  0  0  0  0
       5   0  0  0  0  0  0  0  0  0  0  0  0  0  0  0  0  0  0  0  0  0  0  0  0  0  0  0  0  0  0
       6   0  0  0  0  0  0  0  0  0  0  0  0  0  0  0  0  0  0  0  0  0  0  0  0  0  0  0  0  0  0
       7   0  0  0  0  0  0  0  0  0  0  0  0  0  0  0  0  0  0  0  0  0  0  0  0  0  0  0  0  0  0
       8   0  0  0  0  0  0  0  0  0  0  0  0  0  0  0  0  0  0  0  0  0  0  0  0  0  0  0  0  0  0
       9   0  0  0  0  0  0  0  0  0  0  0  0  0  0  0  0  0  0  0  0  0  0  0  0  0  0  0  0  0  0
      10   0  0  0  0  0  0  0  0  0  0  0  0  0  0  0  0  0  0  0  0  0  0  0  0  0  0  0  0  0  0
      11   0  0  0  0  0  0  0  0  0  0  0  0  0  0  0  0  0  0  0  0  0  0  0  0  0  0  0  0  0  0
      12   0  0  0  0  0  0  0  0  0  0  0  0  0  0  0  0  0  0  0  0  0  0  0  0  0  0  0  0  0  0
      13   0  0  0  0  0  0  0  0  0  0  0  0  0  0  0  0  0  0  0  0  0  0  0  0  0  0  0  0  0  0
      14   0  0  0  0  0  0  0  0  0  0  0  0  0  0  0  0  0  0  0  0  0  0  0  0  0  0  0  0  0  0
      15   0  0  0  0  0  0  0  0  0  0  0  0  0  0  0  0  0  0  0  0  0  0  0  0  0  0  0  0  0  0
      16   0  0  0  0  0  0  0  0  0  0  0  0  0  0  0  0  0  0  0  0  0  0  0  0  0  0  0  0  0  0
      17   0  0  0  0  0  0  0  0  0  0  0  0  0  0  0  0  0  0  0  0  0  0  0  0  0  0  0  0  0  0
      18   0  0  0  0  0  0  0  0  0  0  0  0  0  0  0  0  0  0  0  0  0  0  0  0  0  0  0  0  0  0
      19   0  0  0  0  0  0  0  0  0  0  0  0  0  0  0  0  0  0  0  0  0  0  0  0  0  0  0  0  0  0
      20   0  0  0  0  0  0  0  0  0  0  0  0  0  0  0  0  0  0  0  0  0  0  0  0  0  0  0  0  0  0
      21   0  0  0  0  0  0  0  0  0  0  0  0  0  0  0  0  0  0  0  0  0  0  0  0  0  0  0  0  0  0
      22   0  0  0  0  0  0  0  0  0  0  0  0  0  0  0  0  0  0  0  0  0  0  0  0  0  0  0  0  0  0
      23   0  0  0  0  0  0  0  0  0  0  0  0  0  0  0  0  0  0  0  0  0  0  0  0  0  0  0  0  0  0
      24   0  0  0  0  0  0  0  0  0  0  0  0  0  0  0  0  0  0  0  0  0  0  0  0  0  0  0  0  0  0
      25   0  0  0  0  0  0  0  0  0  0  0  0  0  0  0  0  0  0  0  0  0  0  0  0  0  0  0  0  0  0
      26   0  0  0  0  0  0  0  0  0  0  0  0  0  0  0  0  0  0  0  0  0  0  0  0  0  0  0  0  0  0
      27   0  0  0  0  0  0  0  0  0  0  0  0  0  0  0  0  0  0  0  0  0  0  0  0  0  0  0  0  0  0
      28   0  0  0  0  0  0  0  0  0  0  0  0  0  0  0  0  0  0  0  0  0  0  0  0  0  0  0  0  0  0
      29   0  0  0  0  0  0  0  0  0  0  0  0  0  0  0  0  0  0  0  0  0  0  0  0  0  0  0  0  0  0
      30   0  0  0  0  0  0  0  0  0  0  0  0  0  0  0  0  0  0  0  0  0  0  0  0  0  0  0  0  0  0

  DIFF  (DP - analytic)
   I2\b1   1  2  3  4  5  6  7  8  9 10 11 12 13 14 15 16 17 18 19 20 21 22 23 24 25 26 27 28 29 30
       1   0  0  0  0  0  0  0  0  0  0  0  0  0  0  0  0  0  0  0  0  0  0  0  0  0  0  0  0  0  0
       2   0  0  0  0  0  0  0  0  0  0  0  0  0  0  0  0  0  0  0  0  0  0  0  0  0  0  0  0  0  0
       3   0  0  0  0  0  0  0  0  0  0  0  0  0  0  0  0  0  0  0  0  0  0  0  0  0  0  0  0  0  0
       4   0  0  0  0  0  0  0  0  0  0  0  0  0  0  0  0  0  0  0  0  0  0  0  0  0  0  0  0  0  0
       5   0  0  0  0  0  0  0  0  0  0  0  0  0  0  0  0  0  0  0  0  0  0  0  0  0  0  0  0  0  0
       6   0  0  0  0  0  0  0  0  0  0  0  0  0  0  0  0  0  0  0  0  0  0  0  0  0  0  0  0  0  0
       7   0  0  0  0  0  0  0  0  0  0  0  0  0  0  0  0  0  0  0  0  0  0  0  0  0  0  0  0  0  0
       8   0  0  0  0  0  0  0  0  0  0  0  0  0  0  0  0  0  0  0  0  0  0  0  0  0  0  0  0  0  0
       9   0  0  0  0  0  0  0  0  0  0  0  0  0  0  0  0  0  0  0  0  0  0  0  0  0  0  0  0  0  0
      10   0  0  0  0  0  0  0  0  0  0  0  0  0  0  0  0  0  0  0  0  0  0  0  0  0  0  0  0  0  0
      11   0  0  0  0  0  0  0  0  0  0  0  0  0  0  0  0  0  0  0  0  0  0  0  0  0  0  0  0  0  0
      12   0  0  0  0  0  0  0  0  0  0  0  0  0  0  0  0  0  0  0  0  0  0  0  0  0  0  0  0  0  0
      13   0  0  0  0  0  0  0  0  0  0  0  0  0  0  0  0  0  0  0  0  0  0  0  0  0  0  0  0  0  0
      14   0  0  0  0  0  0  0  0  0  0  0  0  0  0  0  0  0  0  0  0  0  0  0  0  0  0  0  0  0  0
      15   0  0  0  0  0  0  0  0  0  0  0  0  0  0  0  0  0  0  0  0  0  0  0  0  0  0  0  0  0  0
      16   0  0  0  0  0  0  0  0  0  0  0  0  0  0  0  0  0  0  0  0  0  0  0  0  0  0  0  0  0  0
      17   0  0  0  0  0  0  0  0  0  0  0  0  0  0  0  0  0  0  0  0  0  0  0  0  0  0  0  0  0  0
      18   0  0  0  0  0  0  0  0  0  0  0  0  0  0  0  0  0  0  0  0  0  0  0  0  0  0  0  0  0  0
      19   0  0  0  0  0  0  0  0  0  0  0  0  0  0  0  0  0  0  0  0  0  0  0  0  0  0  0  0  0  0
      20   0  0  0  0  0  0  0  0  0  0  0  0  0  0  0  0  0  0  0  0  0  0  0  0  0  0  0  0  0  0
      21   0  0  0  0  0  0  0  0  0  0  0  0  0  0  0  0  0  0  0  0  0  0  0  0  0  0  0  0  0  0
      22   0  0  0  0  0  0  0  0  0  0  0  0  0  0  0  0  0  0  0  0  0  0  0  0  0  0  0  0  0  0
      23   0  0  0  0  0  0  0  0  0  0  0  0  0  0  0  0  0  0  0  0  0  0  0  0  0  0  0  0  0  0
      24   0  0  0  0  0  0  0  0  0  0  0  0  0  0  0  0  0  0  0  0  0  0  0  0  0  0  0  0  0  0
      25   0  0  0  0  0  0  0  0  0  0  0  0  0  0  0  0  0  0  0  0  0  0  0  0  0  0  0  0  0  0
      26   0  0  0  0  0  0  0  0  0  0  0  0  0  0  0  0  0  0  0  0  0  0  0  0  0  0  0  0  0  0
      27   0  0  0  0  0  0  0  0  0  0  0  0  0  0  0  0  0  0  0  0  0  0  0  0  0  0  0  0  0  0
      28   0  0  0  0  0  0  0  0  0  0  0  0  0  0  0  0  0  0  0  0  0  0  0  0  0  0  0  0  0  0
      29   0  0  0  0  0  0  0  0  0  0  0  0  0  0  0  0  0  0  0  0  0  0  0  0  0  0  0  0  0  0
      30   0  0  0  0  0  0  0  0  0  0  0  0  0  0  0  0  0  0  0  0  0  0  0  0  0  0  0  0  0  0

====================================================================================================
  tau = 1.5      matrices over I2 (rows, 1..30) x b1 (cols, 1..30)
====================================================================================================
  ANALYTIC q*
   I2\b1   1  2  3  4  5  6  7  8  9 10 11 12 13 14 15 16 17 18 19 20 21 22 23 24 25 26 27 28 29 30
       1   0  0  0  0  0  0  0  0  0  0  0  0  0  0  0  0  0  0  0  0  0  0  0  0  0  0  0  0  0  0
       2   0  0  0  0  0  0  0  0  0  0  0  0  0  0  0  0  0  0  0  0  0  0  0  0  0  0  0  0  0  0
       3   0  0  0  0  0  0  0  0  0  0  0  0  0  0  0  0  0  0  0  0  0  0  0  0  0  0  0  0  0  0
       4   0  0  0  0  0  0  0  0  0  0  0  0  0  0  0  0  0  0  0  0  0  0  0  0  0  0  0  0  0  0
       5   0  0  0  0  0  0  0  0  0  0  0  0  0  0  0  0  0  0  0  0  0  0  0  0  0  0  0  0  0  0
       6   0  0  0  0  0  0  0  0  0  0  0  0  0  0  0  0  0  0  0  0  0  0  0  0  0  0  0  0  0  0
       7   0  0  0  0  0  0  0  0  0  0  0  0  0  0  0  0  0  0  0  0  0  0  0  0  0  0  0  0  0  0
       8   0  0  0  0  0  0  0  0  0  0  0  0  0  0  0  0  0  0  0  0  0  0  0  0  0  0  0  0  0  0
       9   0  0  0  0  0  0  0  0  0  0  0  0  0  0  0  0  0  0  0  0  0  0  0  0  0  0  0  0  0  0
      10   0  0  0  0  0  0  0  0  0  0  0  0  0  0  0  0  0  0  0  0  0  0  0  0  0  0  0  0  0  0
      11   0  0  0  0  0  0  0  0  0  0  0  0  0  0  0  0  0  0  0  0  0  0  0  0  0  0  0  0  0  0
      12   0  0  0  0  0  0  0  0  0  0  0  0  0  0  0  0  0  0  0  0  0  0  0  0  0  0  0  0  0  0
      13   0  0  0  0  0  0  0  0  0  0  0  0  0  0  0  0  0  0  0  0  0  0  0  0  0  0  0  0  0  0
      14   0  0  0  0  0  0  0  0  0  0  0  0  0  0  0  0  0  0  0  0  0  0  0  0  0  0  0  0  0  0
      15   0  0  0  0  0  0  0  0  0  0  0  0  0  0  0  0  0  0  0  0  0  0  0  0  0  0  0  0  0  0
      16   0  0  0  0  0  0  0  0  0  0  0  0  0  0  0  0  0  0  0  0  0  0  0  0  0  0  0  0  0  0
      17   0  0  0  0  0  0  0  0  0  0  0  0  0  0  0  0  0  0  0  0  0  0  0  0  0  0  0  0  0  0
      18   0  0  0  0  0  0  0  0  0  0  0  0  0  0  0  0  0  0  0  0  0  0  0  0  0  0  0  0  0  0
      19   0  0  0  0  0  0  0  0  0  0  0  0  0  0  0  0  0  0  0  0  0  0  0  0  0  0  0  0  0  0
      20   0  0  0  0  0  0  0  0  0  0  0  0  0  0  0  0  0  0  0  0  0  0  0  0  0  0  0  0  0  0
      21   0  0  0  0  0  0  0  0  0  0  0  0  0  0  0  0  0  0  0  0  0  0  0  0  0  0  0  0  0  0
      22   0  0  0  0  0  0  0  0  0  0  0  0  0  0  0  0  0  0  0  0  0  0  0  0  0  0  0  0  0  0
      23   0  0  0  0  0  0  0  0  0  0  0  0  0  0  0  0  0  0  0  0  0  0  0  0  0  0  0  0  0  0
      24   0  0  0  0  0  0  0  0  0  0  0  0  0  0  0  0  0  0  0  0  0  0  0  0  0  0  0  0  0  0
      25   0  0  0  0  0  0  0  0  0  0  0  0  0  0  0  0  0  0  0  0  0  0  0  0  0  0  0  0  0  0
      26   0  0  0  0  0  0  0  0  0  0  0  0  0  0  0  0  0  0  0  0  0  0  0  0  0  0  0  0  0  0
      27   0  0  0  0  0  0  0  0  0  0  0  0  0  0  0  0  0  0  0  0  0  0  0  0  0  0  0  0  0  0
      28   0  0  0  0  0  0  0  0  0  0  0  0  0  0  0  0  0  0  0  0  0  0  0  0  0  0  0  0  0  0
      29   0  0  0  0  0  0  0  0  0  0  0  0  0  0  0  0  0  0  0  0  0  0  0  0  0  0  0  0  0  0
      30   0  0  0  0  0  0  0  0  0  0  0  0  0  0  0  0  0  0  0  0  0  0  0  0  0  0  0  0  0  0

  DP q*
   I2\b1   1  2  3  4  5  6  7  8  9 10 11 12 13 14 15 16 17 18 19 20 21 22 23 24 25 26 27 28 29 30
       1   0  0  0  0  0  0  0  0  0  0  0  0  0  0  0  0  0  0  0  0  0  0  0  0  0  0  0  0  0  0
       2   0  0  0  0  0  0  0  0  0  0  0  0  0  0  0  0  0  0  0  0  0  0  0  0  0  0  0  0  0  0
       3   0  0  0  0  0  0  0  0  0  0  0  0  0  0  0  0  0  0  0  0  0  0  0  0  0  0  0  0  0  0
       4   0  0  0  0  0  0  0  0  0  0  0  0  0  0  0  0  0  0  0  0  0  0  0  0  0  0  0  0  0  0
       5   0  0  0  0  0  0  0  0  0  0  0  0  0  0  0  0  0  0  0  0  0  0  0  0  0  0  0  0  0  0
       6   0  0  0  0  0  0  0  0  0  0  0  0  0  0  0  0  0  0  0  0  0  0  0  0  0  0  0  0  0  0
       7   0  0  0  0  0  0  0  0  0  0  0  0  0  0  0  0  0  0  0  0  0  0  0  0  0  0  0  0  0  0
       8   0  0  0  0  0  0  0  0  0  0  0  0  0  0  0  0  0  0  0  0  0  0  0  0  0  0  0  0  0  0
       9   0  0  0  0  0  0  0  0  0  0  0  0  0  0  0  0  0  0  0  0  0  0  0  0  0  0  0  0  0  0
      10   0  0  0  0  0  0  0  0  0  0  0  0  0  0  0  0  0  0  0  0  0  0  0  0  0  0  0  0  0  0
      11   0  0  0  0  0  0  0  0  0  0  0  0  0  0  0  0  0  0  0  0  0  0  0  0  0  0  0  0  0  0
      12   0  0  0  0  0  0  0  0  0  0  0  0  0  0  0  0  0  0  0  0  0  0  0  0  0  0  0  0  0  0
      13   0  0  0  0  0  0  0  0  0  0  0  0  0  0  0  0  0  0  0  0  0  0  0  0  0  0  0  0  0  0
      14   0  0  0  0  0  0  0  0  0  0  0  0  0  0  0  0  0  0  0  0  0  0  0  0  0  0  0  0  0  0
      15   0  0  0  0  0  0  0  0  0  0  0  0  0  0  0  0  0  0  0  0  0  0  0  0  0  0  0  0  0  0
      16   0  0  0  0  0  0  0  0  0  0  0  0  0  0  0  0  0  0  0  0  0  0  0  0  0  0  0  0  0  0
      17   0  0  0  0  0  0  0  0  0  0  0  0  0  0  0  0  0  0  0  0  0  0  0  0  0  0  0  0  0  0
      18   0  0  0  0  0  0  0  0  0  0  0  0  0  0  0  0  0  0  0  0  0  0  0  0  0  0  0  0  0  0
      19   0  0  0  0  0  0  0  0  0  0  0  0  0  0  0  0  0  0  0  0  0  0  0  0  0  0  0  0  0  0
      20   0  0  0  0  0  0  0  0  0  0  0  0  0  0  0  0  0  0  0  0  0  0  0  0  0  0  0  0  0  0
      21   0  0  0  0  0  0  0  0  0  0  0  0  0  0  0  0  0  0  0  0  0  0  0  0  0  0  0  0  0  0
      22   0  0  0  0  0  0  0  0  0  0  0  0  0  0  0  0  0  0  0  0  0  0  0  0  0  0  0  0  0  0
      23   0  0  0  0  0  0  0  0  0  0  0  0  0  0  0  0  0  0  0  0  0  0  0  0  0  0  0  0  0  0
      24   0  0  0  0  0  0  0  0  0  0  0  0  0  0  0  0  0  0  0  0  0  0  0  0  0  0  0  0  0  0
      25   0  0  0  0  0  0  0  0  0  0  0  0  0  0  0  0  0  0  0  0  0  0  0  0  0  0  0  0  0  0
      26   0  0  0  0  0  0  0  0  0  0  0  0  0  0  0  0  0  0  0  0  0  0  0  0  0  0  0  0  0  0
      27   0  0  0  0  0  0  0  0  0  0  0  0  0  0  0  0  0  0  0  0  0  0  0  0  0  0  0  0  0  0
      28   0  0  0  0  0  0  0  0  0  0  0  0  0  0  0  0  0  0  0  0  0  0  0  0  0  0  0  0  0  0
      29   0  0  0  0  0  0  0  0  0  0  0  0  0  0  0  0  0  0  0  0  0  0  0  0  0  0  0  0  0  0
      30   0  0  0  0  0  0  0  0  0  0  0  0  0  0  0  0  0  0  0  0  0  0  0  0  0  0  0  0  0  0

  DIFF  (DP - analytic)
   I2\b1   1  2  3  4  5  6  7  8  9 10 11 12 13 14 15 16 17 18 19 20 21 22 23 24 25 26 27 28 29 30
       1   0  0  0  0  0  0  0  0  0  0  0  0  0  0  0  0  0  0  0  0  0  0  0  0  0  0  0  0  0  0
       2   0  0  0  0  0  0  0  0  0  0  0  0  0  0  0  0  0  0  0  0  0  0  0  0  0  0  0  0  0  0
       3   0  0  0  0  0  0  0  0  0  0  0  0  0  0  0  0  0  0  0  0  0  0  0  0  0  0  0  0  0  0
       4   0  0  0  0  0  0  0  0  0  0  0  0  0  0  0  0  0  0  0  0  0  0  0  0  0  0  0  0  0  0
       5   0  0  0  0  0  0  0  0  0  0  0  0  0  0  0  0  0  0  0  0  0  0  0  0  0  0  0  0  0  0
       6   0  0  0  0  0  0  0  0  0  0  0  0  0  0  0  0  0  0  0  0  0  0  0  0  0  0  0  0  0  0
       7   0  0  0  0  0  0  0  0  0  0  0  0  0  0  0  0  0  0  0  0  0  0  0  0  0  0  0  0  0  0
       8   0  0  0  0  0  0  0  0  0  0  0  0  0  0  0  0  0  0  0  0  0  0  0  0  0  0  0  0  0  0
       9   0  0  0  0  0  0  0  0  0  0  0  0  0  0  0  0  0  0  0  0  0  0  0  0  0  0  0  0  0  0
      10   0  0  0  0  0  0  0  0  0  0  0  0  0  0  0  0  0  0  0  0  0  0  0  0  0  0  0  0  0  0
      11   0  0  0  0  0  0  0  0  0  0  0  0  0  0  0  0  0  0  0  0  0  0  0  0  0  0  0  0  0  0
      12   0  0  0  0  0  0  0  0  0  0  0  0  0  0  0  0  0  0  0  0  0  0  0  0  0  0  0  0  0  0
      13   0  0  0  0  0  0  0  0  0  0  0  0  0  0  0  0  0  0  0  0  0  0  0  0  0  0  0  0  0  0
      14   0  0  0  0  0  0  0  0  0  0  0  0  0  0  0  0  0  0  0  0  0  0  0  0  0  0  0  0  0  0
      15   0  0  0  0  0  0  0  0  0  0  0  0  0  0  0  0  0  0  0  0  0  0  0  0  0  0  0  0  0  0
      16   0  0  0  0  0  0  0  0  0  0  0  0  0  0  0  0  0  0  0  0  0  0  0  0  0  0  0  0  0  0
      17   0  0  0  0  0  0  0  0  0  0  0  0  0  0  0  0  0  0  0  0  0  0  0  0  0  0  0  0  0  0
      18   0  0  0  0  0  0  0  0  0  0  0  0  0  0  0  0  0  0  0  0  0  0  0  0  0  0  0  0  0  0
      19   0  0  0  0  0  0  0  0  0  0  0  0  0  0  0  0  0  0  0  0  0  0  0  0  0  0  0  0  0  0
      20   0  0  0  0  0  0  0  0  0  0  0  0  0  0  0  0  0  0  0  0  0  0  0  0  0  0  0  0  0  0
      21   0  0  0  0  0  0  0  0  0  0  0  0  0  0  0  0  0  0  0  0  0  0  0  0  0  0  0  0  0  0
      22   0  0  0  0  0  0  0  0  0  0  0  0  0  0  0  0  0  0  0  0  0  0  0  0  0  0  0  0  0  0
      23   0  0  0  0  0  0  0  0  0  0  0  0  0  0  0  0  0  0  0  0  0  0  0  0  0  0  0  0  0  0
      24   0  0  0  0  0  0  0  0  0  0  0  0  0  0  0  0  0  0  0  0  0  0  0  0  0  0  0  0  0  0
      25   0  0  0  0  0  0  0  0  0  0  0  0  0  0  0  0  0  0  0  0  0  0  0  0  0  0  0  0  0  0
      26   0  0  0  0  0  0  0  0  0  0  0  0  0  0  0  0  0  0  0  0  0  0  0  0  0  0  0  0  0  0
      27   0  0  0  0  0  0  0  0  0  0  0  0  0  0  0  0  0  0  0  0  0  0  0  0  0  0  0  0  0  0
      28   0  0  0  0  0  0  0  0  0  0  0  0  0  0  0  0  0  0  0  0  0  0  0  0  0  0  0  0  0  0
      29   0  0  0  0  0  0  0  0  0  0  0  0  0  0  0  0  0  0  0  0  0  0  0  0  0  0  0  0  0  0
      30   0  0  0  0  0  0  0  0  0  0  0  0  0  0  0  0  0  0  0  0  0  0  0  0  0  0  0  0  0  0

====================================================================================================
  tau = 2.0      matrices over I2 (rows, 1..30) x b1 (cols, 1..30)
====================================================================================================
  ANALYTIC q*
   I2\b1   1  2  3  4  5  6  7  8  9 10 11 12 13 14 15 16 17 18 19 20 21 22 23 24 25 26 27 28 29 30
       1   0  0  0  0  0  0  0  0  0  0  0  0  0  0  0  0  0  0  0  0  0  0  0  0  0  0  0  0  0  0
       2   0  0  0  0  0  0  0  0  0  0  0  0  0  0  0  0  0  0  0  0  0  0  0  0  0  0  0  0  0  0
       3   0  0  0  0  0  0  0  0  0  0  0  0  0  0  0  0  0  0  0  0  0  0  0  0  0  0  0  0  0  0
       4   0  0  0  0  0  0  0  0  0  0  0  0  0  0  0  0  0  0  0  0  0  0  0  0  0  0  0  0  0  0
       5   0  0  0  0  0  0  0  0  0  0  0  0  0  0  0  0  0  0  0  0  0  0  0  0  0  0  0  0  0  0
       6   0  0  0  0  0  0  0  0  0  0  0  0  0  0  0  0  0  0  0  0  0  0  0  0  0  0  0  0  0  0
       7   0  0  0  0  0  0  0  0  0  0  0  0  0  0  0  0  0  0  0  0  0  0  0  0  0  0  0  0  0  0
       8   0  0  0  0  0  0  0  0  0  0  0  0  0  0  0  0  0  0  0  0  0  0  0  0  0  0  0  0  0  0
       9   0  0  0  0  0  0  0  0  0  0  0  0  0  0  0  0  0  0  0  0  0  0  0  0  0  0  0  0  0  0
      10   0  0  0  0  0  0  0  0  0  0  0  0  0  0  0  0  0  0  0  0  0  0  0  0  0  0  0  0  0  0
      11   0  0  0  0  0  0  0  0  0  0  0  0  0  0  0  0  0  0  0  0  0  0  0  0  0  0  0  0  0  0
      12   0  0  0  0  0  6  7  8  8  8  8  8  8  8  8  8  8  8  8  8  8  8  8  8  8  8  8  8  8  8
      13   0  0  0  0  0  6  7  8  9  9  9  9  9  9  9  9  9  9  9  9  9  9  9  9  9  9  9  9  9  9
      14   0  0  0  0  0  6  7  8  9 10 10 10 10 10 10 10 10 10 10 10 10 10 10 10 10 10 10 10 10 10
      15   0  0  0  0  0  6  7  8  9 10 11 11 11 11 11 11 11 11 11 11 11 11 11 11 11 11 11 11 11 11
      16   0  0  0  0  0  6  7  8  9 10 11 12 12 12 12 12 12 12 12 12 12 12 12 12 12 12 12 12 12 12
      17   0  0  0  0  0  6  7  8  9 10 11 12 13 13 13 13 13 13 13 13 13 13 13 13 13 13 13 13 13 13
      18   0  0  0  0  0  6  7  8  9 10 11 12 13 14 14 14 14 14 14 14 14 14 14 14 14 14 14 14 14 14
      19   0  0  0  0  0  6  7  8  9 10 11 12 13 14 15 15 15 15 15 15 15 15 15 15 15 15 15 15 15 15
      20   0  0  0  0  0  6  7  8  9 10 11 12 13 14 15 16 16 16 16 16 16 16 16 16 16 16 16 16 16 16
      21   0  0  0  0  0  6  7  8  9 10 11 12 13 14 15 16 17 17 17 17 17 17 17 17 17 17 17 17 17 17
      22   0  0  0  0  0  6  7  8  9 10 11 12 13 14 15 16 17 18 18 18 18 18 18 18 18 18 18 18 18 18
      23   0  0  0  0  0  6  7  8  9 10 11 12 13 14 15 16 17 18 19 19 19 19 19 19 19 19 19 19 19 19
      24   0  0  0  0  0  6  7  8  9 10 11 12 13 14 15 16 17 18 19 20 20 20 20 20 20 20 20 20 20 20
      25   0  0  0  0  0  6  7  8  9 10 11 12 13 14 15 16 17 18 19 20 21 21 21 21 21 21 21 21 21 21
      26   0  0  0  0  0  6  7  8  9 10 11 12 13 14 15 16 17 18 19 20 21 22 22 22 22 22 22 22 22 22
      27   0  0  0  0  0  6  7  8  9 10 11 12 13 14 15 16 17 18 19 20 21 22 23 23 23 23 23 23 23 23
      28   0  0  0  0  0  6  7  8  9 10 11 12 13 14 15 16 17 18 19 20 21 22 23 24 24 24 24 24 24 24
      29   0  0  0  0  0  6  7  8  9 10 11 12 13 14 15 16 17 18 19 20 21 22 23 24 25 25 25 25 25 25
      30   0  0  0  0  0  6  7  8  9 10 11 12 13 14 15 16 17 18 19 20 21 22 23 24 25 26 26 26 26 26

  DP q*
   I2\b1   1  2  3  4  5  6  7  8  9 10 11 12 13 14 15 16 17 18 19 20 21 22 23 24 25 26 27 28 29 30
       1   0  0  0  0  0  0  0  0  0  0  0  0  0  0  0  0  0  0  0  0  0  0  0  0  0  0  0  0  0  0
       2   0  0  0  0  0  0  0  0  0  0  0  0  0  0  0  0  0  0  0  0  0  0  0  0  0  0  0  0  0  0
       3   0  0  0  0  0  0  0  0  0  0  0  0  0  0  0  0  0  0  0  0  0  0  0  0  0  0  0  0  0  0
       4   0  0  0  0  0  0  0  0  0  0  0  0  0  0  0  0  0  0  0  0  0  0  0  0  0  0  0  0  0  0
       5   0  0  0  0  0  0  0  0  0  0  0  0  0  0  0  0  0  0  0  0  0  0  0  0  0  0  0  0  0  0
       6   0  0  0  0  0  0  0  0  0  0  0  0  0  0  0  0  0  0  0  0  0  0  0  0  0  0  0  0  0  0
       7   0  0  0  0  0  0  0  0  0  0  0  0  0  0  0  0  0  0  0  0  0  0  0  0  0  0  0  0  0  0
       8   0  0  0  0  0  0  0  0  0  0  0  0  0  0  0  0  0  0  0  0  0  0  0  0  0  0  0  0  0  0
       9   0  0  0  0  0  0  0  0  0  0  0  0  0  0  0  0  0  0  0  0  0  0  0  0  0  0  0  0  0  0
      10   0  0  0  0  0  0  0  0  0  0  0  0  0  0  0  0  0  0  0  0  0  0  0  0  0  0  0  0  0  0
      11   0  0  0  0  0  0  0  0  0  0  0  0  0  0  0  0  0  0  0  0  0  0  0  0  0  0  0  0  0  0
      12   0  0  0  0  0  6  7  8  8  8  8  8  8  8  8  8  8  8  8  8  8  8  8  8  8  8  8  8  8  8
      13   0  0  0  0  0  6  7  8  9  9  9  9  9  9  9  9  9  9  9  9  9  9  9  9  9  9  9  9  9  9
      14   0  0  0  0  0  6  7  8  9 10 10 10 10 10 10 10 10 10 10 10 10 10 10 10 10 10 10 10 10 10
      15   0  0  0  0  0  6  7  8  9 10 11 11 11 11 11 11 11 11 11 11 11 11 11 11 11 11 11 11 11 11
      16   0  0  0  0  0  6  7  8  9 10 11 12 12 12 12 12 12 12 12 12 12 12 12 12 12 12 12 12 12 12
      17   0  0  0  0  0  6  7  8  9 10 11 12 13 13 13 13 13 13 13 13 13 13 13 13 13 13 13 13 13 13
      18   0  0  0  0  0  6  7  8  9 10 11 12 13 14 14 14 14 14 14 14 14 14 14 14 14 14 14 14 14 14
      19   0  0  0  0  0  6  7  8  9 10 11 12 13 14 15 15 15 15 15 15 15 15 15 15 15 15 15 15 15 15
      20   0  0  0  0  0  6  7  8  9 10 11 12 13 14 15 16 16 16 16 16 16 16 16 16 16 16 16 16 16 16
      21   0  0  0  0  0  6  7  8  9 10 11 12 13 14 15 16 17 17 17 17 17 17 17 17 17 17 17 17 17 17
      22   0  0  0  0  0  6  7  8  9 10 11 12 13 14 15 16 17 18 18 18 18 18 18 18 18 18 18 18 18 18
      23   0  0  0  0  0  6  7  8  9 10 11 12 13 14 15 16 17 18 19 19 19 19 19 19 19 19 19 19 19 19
      24   0  0  0  0  0  6  7  8  9 10 11 12 13 14 15 16 17 18 19 20 20 20 20 20 20 20 20 20 20 20
      25   0  0  0  0  0  6  7  8  9 10 11 12 13 14 15 16 17 18 19 20 21 21 21 21 21 21 21 21 21 21
      26   0  0  0  0  0  6  7  8  9 10 11 12 13 14 15 16 17 18 19 20 21 22 22 22 22 22 22 22 22 22
      27   0  0  0  0  0  6  7  8  9 10 11 12 13 14 15 16 17 18 19 20 21 22 23 23 23 23 23 23 23 23
      28   0  0  0  0  0  6  7  8  9 10 11 12 13 14 15 16 17 18 19 20 21 22 23 24 24 24 24 24 24 24
      29   0  0  0  0  0  6  7  8  9 10 11 12 13 14 15 16 17 18 19 20 21 22 23 24 25 25 25 25 25 25
      30   0  0  0  0  0  6  7  8  9 10 11 12 13 14 15 16 17 18 19 20 21 22 23 24 25 26 26 26 26 26

  DIFF  (DP - analytic)
   I2\b1   1  2  3  4  5  6  7  8  9 10 11 12 13 14 15 16 17 18 19 20 21 22 23 24 25 26 27 28 29 30
       1   0  0  0  0  0  0  0  0  0  0  0  0  0  0  0  0  0  0  0  0  0  0  0  0  0  0  0  0  0  0
       2   0  0  0  0  0  0  0  0  0  0  0  0  0  0  0  0  0  0  0  0  0  0  0  0  0  0  0  0  0  0
       3   0  0  0  0  0  0  0  0  0  0  0  0  0  0  0  0  0  0  0  0  0  0  0  0  0  0  0  0  0  0
       4   0  0  0  0  0  0  0  0  0  0  0  0  0  0  0  0  0  0  0  0  0  0  0  0  0  0  0  0  0  0
       5   0  0  0  0  0  0  0  0  0  0  0  0  0  0  0  0  0  0  0  0  0  0  0  0  0  0  0  0  0  0
       6   0  0  0  0  0  0  0  0  0  0  0  0  0  0  0  0  0  0  0  0  0  0  0  0  0  0  0  0  0  0
       7   0  0  0  0  0  0  0  0  0  0  0  0  0  0  0  0  0  0  0  0  0  0  0  0  0  0  0  0  0  0
       8   0  0  0  0  0  0  0  0  0  0  0  0  0  0  0  0  0  0  0  0  0  0  0  0  0  0  0  0  0  0
       9   0  0  0  0  0  0  0  0  0  0  0  0  0  0  0  0  0  0  0  0  0  0  0  0  0  0  0  0  0  0
      10   0  0  0  0  0  0  0  0  0  0  0  0  0  0  0  0  0  0  0  0  0  0  0  0  0  0  0  0  0  0
      11   0  0  0  0  0  0  0  0  0  0  0  0  0  0  0  0  0  0  0  0  0  0  0  0  0  0  0  0  0  0
      12   0  0  0  0  0  0  0  0  0  0  0  0  0  0  0  0  0  0  0  0  0  0  0  0  0  0  0  0  0  0
      13   0  0  0  0  0  0  0  0  0  0  0  0  0  0  0  0  0  0  0  0  0  0  0  0  0  0  0  0  0  0
      14   0  0  0  0  0  0  0  0  0  0  0  0  0  0  0  0  0  0  0  0  0  0  0  0  0  0  0  0  0  0
      15   0  0  0  0  0  0  0  0  0  0  0  0  0  0  0  0  0  0  0  0  0  0  0  0  0  0  0  0  0  0
      16   0  0  0  0  0  0  0  0  0  0  0  0  0  0  0  0  0  0  0  0  0  0  0  0  0  0  0  0  0  0
      17   0  0  0  0  0  0  0  0  0  0  0  0  0  0  0  0  0  0  0  0  0  0  0  0  0  0  0  0  0  0
      18   0  0  0  0  0  0  0  0  0  0  0  0  0  0  0  0  0  0  0  0  0  0  0  0  0  0  0  0  0  0
      19   0  0  0  0  0  0  0  0  0  0  0  0  0  0  0  0  0  0  0  0  0  0  0  0  0  0  0  0  0  0
      20   0  0  0  0  0  0  0  0  0  0  0  0  0  0  0  0  0  0  0  0  0  0  0  0  0  0  0  0  0  0
      21   0  0  0  0  0  0  0  0  0  0  0  0  0  0  0  0  0  0  0  0  0  0  0  0  0  0  0  0  0  0
      22   0  0  0  0  0  0  0  0  0  0  0  0  0  0  0  0  0  0  0  0  0  0  0  0  0  0  0  0  0  0
      23   0  0  0  0  0  0  0  0  0  0  0  0  0  0  0  0  0  0  0  0  0  0  0  0  0  0  0  0  0  0
      24   0  0  0  0  0  0  0  0  0  0  0  0  0  0  0  0  0  0  0  0  0  0  0  0  0  0  0  0  0  0
      25   0  0  0  0  0  0  0  0  0  0  0  0  0  0  0  0  0  0  0  0  0  0  0  0  0  0  0  0  0  0
      26   0  0  0  0  0  0  0  0  0  0  0  0  0  0  0  0  0  0  0  0  0  0  0  0  0  0  0  0  0  0
      27   0  0  0  0  0  0  0  0  0  0  0  0  0  0  0  0  0  0  0  0  0  0  0  0  0  0  0  0  0  0
      28   0  0  0  0  0  0  0  0  0  0  0  0  0  0  0  0  0  0  0  0  0  0  0  0  0  0  0  0  0  0
      29   0  0  0  0  0  0  0  0  0  0  0  0  0  0  0  0  0  0  0  0  0  0  0  0  0  0  0  0  0  0
      30   0  0  0  0  0  0  0  0  0  0  0  0  0  0  0  0  0  0  0  0  0  0  0  0  0  0  0  0  0  0

====================================================================================================
  tau = 3.0      matrices over I2 (rows, 1..30) x b1 (cols, 1..30)
====================================================================================================
  ANALYTIC q*
   I2\b1   1  2  3  4  5  6  7  8  9 10 11 12 13 14 15 16 17 18 19 20 21 22 23 24 25 26 27 28 29 30
       1   0  0  0  0  0  0  0  0  0  0  0  0  0  0  0  0  0  0  0  0  0  0  0  0  0  0  0  0  0  0
       2   0  0  0  0  0  0  0  0  0  0  0  0  0  0  0  0  0  0  0  0  0  0  0  0  0  0  0  0  0  0
       3   0  0  0  0  0  0  0  0  0  0  0  0  0  0  0  0  0  0  0  0  0  0  0  0  0  0  0  0  0  0
       4   0  0  0  0  0  0  0  0  0  0  0  0  0  0  0  0  0  0  0  0  0  0  0  0  0  0  0  0  0  0
       5   0  0  0  0  0  0  0  0  0  0  0  0  0  0  0  0  0  0  0  0  0  0  0  0  0  0  0  0  0  0
       6   0  0  0  0  0  0  0  0  0  0  0  0  0  0  0  0  0  0  0  0  0  0  0  0  0  0  0  0  0  0
       7   0  0  0  0  0  0  0  0  0  0  0  0  0  0  0  0  0  0  0  0  0  0  0  0  0  0  0  0  0  0
       8   0  0  0  0  0  0  0  0  0  0  0  0  0  0  0  0  0  0  0  0  0  0  0  0  0  0  0  0  0  0
       9   0  0  3  4  5  5  5  5  5  5  5  5  5  5  5  5  5  5  5  5  5  5  5  5  5  5  5  5  5  5
      10   0  0  3  4  5  6  6  6  6  6  6  6  6  6  6  6  6  6  6  6  6  6  6  6  6  6  6  6  6  6
      11   0  0  3  4  5  6  7  7  7  7  7  7  7  7  7  7  7  7  7  7  7  7  7  7  7  7  7  7  7  7
      12   0  2  3  4  5  6  7  8  8  8  8  8  8  8  8  8  8  8  8  8  8  8  8  8  8  8  8  8  8  8
      13   0  2  3  4  5  6  7  8  9  9  9  9  9  9  9  9  9  9  9  9  9  9  9  9  9  9  9  9  9  9
      14   0  2  3  4  5  6  7  8  9 10 10 10 10 10 10 10 10 10 10 10 10 10 10 10 10 10 10 10 10 10
      15   0  2  3  4  5  6  7  8  9 10 11 11 11 11 11 11 11 11 11 11 11 11 11 11 11 11 11 11 11 11
      16   0  2  3  4  5  6  7  8  9 10 11 12 12 12 12 12 12 12 12 12 12 12 12 12 12 12 12 12 12 12
      17   0  2  3  4  5  6  7  8  9 10 11 12 13 13 13 13 13 13 13 13 13 13 13 13 13 13 13 13 13 13
      18   0  2  3  4  5  6  7  8  9 10 11 12 13 14 14 14 14 14 14 14 14 14 14 14 14 14 14 14 14 14
      19   0  2  3  4  5  6  7  8  9 10 11 12 13 14 15 15 15 15 15 15 15 15 15 15 15 15 15 15 15 15
      20   0  2  3  4  5  6  7  8  9 10 11 12 13 14 15 16 16 16 16 16 16 16 16 16 16 16 16 16 16 16
      21   0  2  3  4  5  6  7  8  9 10 11 12 13 14 15 16 17 17 17 17 17 17 17 17 17 17 17 17 17 17
      22   0  2  3  4  5  6  7  8  9 10 11 12 13 14 15 16 17 18 18 18 18 18 18 18 18 18 18 18 18 18
      23   0  2  3  4  5  6  7  8  9 10 11 12 13 14 15 16 17 18 19 19 19 19 19 19 19 19 19 19 19 19
      24   0  2  3  4  5  6  7  8  9 10 11 12 13 14 15 16 17 18 19 20 20 20 20 20 20 20 20 20 20 20
      25   0  2  3  4  5  6  7  8  9 10 11 12 13 14 15 16 17 18 19 20 21 21 21 21 21 21 21 21 21 21
      26   0  2  3  4  5  6  7  8  9 10 11 12 13 14 15 16 17 18 19 20 21 22 22 22 22 22 22 22 22 22
      27   0  2  3  4  5  6  7  8  9 10 11 12 13 14 15 16 17 18 19 20 21 22 23 23 23 23 23 23 23 23
      28   0  2  3  4  5  6  7  8  9 10 11 12 13 14 15 16 17 18 19 20 21 22 23 24 24 24 24 24 24 24
      29   0  2  3  4  5  6  7  8  9 10 11 12 13 14 15 16 17 18 19 20 21 22 23 24 25 25 25 25 25 25
      30   0  2  3  4  5  6  7  8  9 10 11 12 13 14 15 16 17 18 19 20 21 22 23 24 25 26 26 26 26 26

  DP q*
   I2\b1   1  2  3  4  5  6  7  8  9 10 11 12 13 14 15 16 17 18 19 20 21 22 23 24 25 26 27 28 29 30
       1   0  0  0  0  0  0  0  0  0  0  0  0  0  0  0  0  0  0  0  0  0  0  0  0  0  0  0  0  0  0
       2   0  0  0  0  0  0  0  0  0  0  0  0  0  0  0  0  0  0  0  0  0  0  0  0  0  0  0  0  0  0
       3   0  0  0  0  0  0  0  0  0  0  0  0  0  0  0  0  0  0  0  0  0  0  0  0  0  0  0  0  0  0
       4   0  0  0  0  0  0  0  0  0  0  0  0  0  0  0  0  0  0  0  0  0  0  0  0  0  0  0  0  0  0
       5   0  0  0  0  0  0  0  0  0  0  0  0  0  0  0  0  0  0  0  0  0  0  0  0  0  0  0  0  0  0
       6   0  0  0  0  0  0  0  0  0  0  0  0  0  0  0  0  0  0  0  0  0  0  0  0  0  0  0  0  0  0
       7   0  0  0  0  0  0  0  0  0  0  0  0  0  0  0  0  0  0  0  0  0  0  0  0  0  0  0  0  0  0
       8   0  0  0  0  0  0  0  0  0  0  0  0  0  0  0  0  0  0  0  0  0  0  0  0  0  0  0  0  0  0
       9   0  0  0  4  5  5  5  5  5  5  5  5  5  5  5  5  5  5  5  5  5  5  5  5  5  5  5  5  5  5
      10   0  0  0  4  5  6  6  6  6  6  6  6  6  6  6  6  6  6  6  6  6  6  6  6  6  6  6  6  6  6
      11   0  0  0  4  5  6  7  7  7  7  7  7  7  7  7  7  7  7  7  7  7  7  7  7  7  7  7  7  7  7
      12   0  0  0  0  5  6  7  8  8  8  8  8  8  8  8  8  8  8  8  8  8  8  8  8  8  8  8  8  8  8
      13   0  0  0  0  5  6  7  8  9  9  9  9  9  9  9  9  9  9  9  9  9  9  9  9  9  9  9  9  9  9
      14   0  0  0  0  0  6  7  8  9 10 10 10 10 10 10 10 10 10 10 10 10 10 10 10 10 10 10 10 10 10
      15   0  0  0  0  0  6  7  8  9 10 11 11 11 11 11 11 11 11 11 11 11 11 11 11 11 11 11 11 11 11
      16   0  0  0  0  0  6  7  8  9 10 11 12 12 12 12 12 12 12 12 12 12 12 12 12 12 12 12 12 12 12
      17   0  0  0  0  0  6  7  8  9 10 11 12 13 13 13 13 13 13 13 13 13 13 13 13 13 13 13 13 13 13
      18   0  0  0  0  0  6  7  8  9 10 11 12 13 14 14 14 14 14 14 14 14 14 14 14 14 14 14 14 14 14
      19   0  0  0  0  5  6  7  8  9 10 11 12 13 14 15 15 15 15 15 15 15 15 15 15 15 15 15 15 15 15
      20   0  0  0  0  5  6  7  8  9 10 11 12 13 14 15 16 16 16 16 16 16 16 16 16 16 16 16 16 16 16
      21   0  0  0  0  5  6  7  8  9 10 11 12 13 14 15 16 17 17 17 17 17 17 17 17 17 17 17 17 17 17
      22   0  0  0  0  5  6  7  8  9 10 11 12 13 14 15 16 17 18 18 18 18 18 18 18 18 18 18 18 18 18
      23   0  0  0  0  5  6  7  8  9 10 11 12 13 14 15 16 17 18 19 19 19 19 19 19 19 19 19 19 19 19
      24   0  0  0  0  5  6  7  8  9 10 11 12 13 14 15 16 17 18 19 20 20 20 20 20 20 20 20 20 20 20
      25   0  0  0  0  5  6  7  8  9 10 11 12 13 14 15 16 17 18 19 20 21 21 21 21 21 21 21 21 21 21
      26   0  0  0  0  5  6  7  8  9 10 11 12 13 14 15 16 17 18 19 20 21 22 22 22 22 22 22 22 22 22
      27   0  0  0  0  5  6  7  8  9 10 11 12 13 14 15 16 17 18 19 20 21 22 23 23 23 23 23 23 23 23
      28   0  0  0  0  5  6  7  8  9 10 11 12 13 14 15 16 17 18 19 20 21 22 23 24 24 24 24 24 24 24
      29   0  0  0  0  5  6  7  8  9 10 11 12 13 14 15 16 17 18 19 20 21 22 23 24 25 25 25 25 25 25
      30   0  0  0  0  5  6  7  8  9 10 11 12 13 14 15 16 17 18 19 20 21 22 23 24 25 26 26 26 26 26

  DIFF  (DP - analytic)
   I2\b1   1  2  3  4  5  6  7  8  9 10 11 12 13 14 15 16 17 18 19 20 21 22 23 24 25 26 27 28 29 30
       1   0  0  0  0  0  0  0  0  0  0  0  0  0  0  0  0  0  0  0  0  0  0  0  0  0  0  0  0  0  0
       2   0  0  0  0  0  0  0  0  0  0  0  0  0  0  0  0  0  0  0  0  0  0  0  0  0  0  0  0  0  0
       3   0  0  0  0  0  0  0  0  0  0  0  0  0  0  0  0  0  0  0  0  0  0  0  0  0  0  0  0  0  0
       4   0  0  0  0  0  0  0  0  0  0  0  0  0  0  0  0  0  0  0  0  0  0  0  0  0  0  0  0  0  0
       5   0  0  0  0  0  0  0  0  0  0  0  0  0  0  0  0  0  0  0  0  0  0  0  0  0  0  0  0  0  0
       6   0  0  0  0  0  0  0  0  0  0  0  0  0  0  0  0  0  0  0  0  0  0  0  0  0  0  0  0  0  0
       7   0  0  0  0  0  0  0  0  0  0  0  0  0  0  0  0  0  0  0  0  0  0  0  0  0  0  0  0  0  0
       8   0  0  0  0  0  0  0  0  0  0  0  0  0  0  0  0  0  0  0  0  0  0  0  0  0  0  0  0  0  0
       9   0  0 -3  0  0  0  0  0  0  0  0  0  0  0  0  0  0  0  0  0  0  0  0  0  0  0  0  0  0  0
      10   0  0 -3  0  0  0  0  0  0  0  0  0  0  0  0  0  0  0  0  0  0  0  0  0  0  0  0  0  0  0
      11   0  0 -3  0  0  0  0  0  0  0  0  0  0  0  0  0  0  0  0  0  0  0  0  0  0  0  0  0  0  0
      12   0 -2 -3 -4  0  0  0  0  0  0  0  0  0  0  0  0  0  0  0  0  0  0  0  0  0  0  0  0  0  0
      13   0 -2 -3 -4  0  0  0  0  0  0  0  0  0  0  0  0  0  0  0  0  0  0  0  0  0  0  0  0  0  0
      14   0 -2 -3 -4 -5  0  0  0  0  0  0  0  0  0  0  0  0  0  0  0  0  0  0  0  0  0  0  0  0  0
      15   0 -2 -3 -4 -5  0  0  0  0  0  0  0  0  0  0  0  0  0  0  0  0  0  0  0  0  0  0  0  0  0
      16   0 -2 -3 -4 -5  0  0  0  0  0  0  0  0  0  0  0  0  0  0  0  0  0  0  0  0  0  0  0  0  0
      17   0 -2 -3 -4 -5  0  0  0  0  0  0  0  0  0  0  0  0  0  0  0  0  0  0  0  0  0  0  0  0  0
      18   0 -2 -3 -4 -5  0  0  0  0  0  0  0  0  0  0  0  0  0  0  0  0  0  0  0  0  0  0  0  0  0
      19   0 -2 -3 -4  0  0  0  0  0  0  0  0  0  0  0  0  0  0  0  0  0  0  0  0  0  0  0  0  0  0
      20   0 -2 -3 -4  0  0  0  0  0  0  0  0  0  0  0  0  0  0  0  0  0  0  0  0  0  0  0  0  0  0
      21   0 -2 -3 -4  0  0  0  0  0  0  0  0  0  0  0  0  0  0  0  0  0  0  0  0  0  0  0  0  0  0
      22   0 -2 -3 -4  0  0  0  0  0  0  0  0  0  0  0  0  0  0  0  0  0  0  0  0  0  0  0  0  0  0
      23   0 -2 -3 -4  0  0  0  0  0  0  0  0  0  0  0  0  0  0  0  0  0  0  0  0  0  0  0  0  0  0
      24   0 -2 -3 -4  0  0  0  0  0  0  0  0  0  0  0  0  0  0  0  0  0  0  0  0  0  0  0  0  0  0
      25   0 -2 -3 -4  0  0  0  0  0  0  0  0  0  0  0  0  0  0  0  0  0  0  0  0  0  0  0  0  0  0
      26   0 -2 -3 -4  0  0  0  0  0  0  0  0  0  0  0  0  0  0  0  0  0  0  0  0  0  0  0  0  0  0
      27   0 -2 -3 -4  0  0  0  0  0  0  0  0  0  0  0  0  0  0  0  0  0  0  0  0  0  0  0  0  0  0
      28   0 -2 -3 -4  0  0  0  0  0  0  0  0  0  0  0  0  0  0  0  0  0  0  0  0  0  0  0  0  0  0
      29   0 -2 -3 -4  0  0  0  0  0  0  0  0  0  0  0  0  0  0  0  0  0  0  0  0  0  0  0  0  0  0
      30   0 -2 -3 -4  0  0  0  0  0  0  0  0  0  0  0  0  0  0  0  0  0  0  0  0  0  0  0  0  0  0

====================================================================================================
  tau = 4.0      matrices over I2 (rows, 1..30) x b1 (cols, 1..30)
====================================================================================================
  ANALYTIC q*
   I2\b1   1  2  3  4  5  6  7  8  9 10 11 12 13 14 15 16 17 18 19 20 21 22 23 24 25 26 27 28 29 30
       1   0  0  0  0  0  0  0  0  0  0  0  0  0  0  0  0  0  0  0  0  0  0  0  0  0  0  0  0  0  0
       2   0  0  0  0  0  0  0  0  0  0  0  0  0  0  0  0  0  0  0  0  0  0  0  0  0  0  0  0  0  0
       3   0  0  0  0  0  0  0  0  0  0  0  0  0  0  0  0  0  0  0  0  0  0  0  0  0  0  0  0  0  0
       4   0  0  0  0  0  0  0  0  0  0  0  0  0  0  0  0  0  0  0  0  0  0  0  0  0  0  0  0  0  0
       5   0  0  0  0  0  0  0  0  0  0  0  0  0  0  0  0  0  0  0  0  0  0  0  0  0  0  0  0  0  0
       6   0  0  0  0  0  0  0  0  0  0  0  0  0  0  0  0  0  0  0  0  0  0  0  0  0  0  0  0  0  0
       7   0  0  0  0  0  0  0  0  0  0  0  0  0  0  0  0  0  0  0  0  0  0  0  0  0  0  0  0  0  0
       8   0  0  0  4  4  4  4  4  4  4  4  4  4  4  4  4  4  4  4  4  4  4  4  4  4  4  4  4  4  4
       9   0  0  3  4  5  5  5  5  5  5  5  5  5  5  5  5  5  5  5  5  5  5  5  5  5  5  5  5  5  5
      10   0  2  3  4  5  6  6  6  6  6  6  6  6  6  6  6  6  6  6  6  6  6  6  6  6  6  6  6  6  6
      11   0  2  3  4  5  6  7  7  7  7  7  7  7  7  7  7  7  7  7  7  7  7  7  7  7  7  7  7  7  7
      12   0  2  3  4  5  6  7  8  8  8  8  8  8  8  8  8  8  8  8  8  8  8  8  8  8  8  8  8  8  8
      13   0  2  3  4  5  6  7  8  9  9  9  9  9  9  9  9  9  9  9  9  9  9  9  9  9  9  9  9  9  9
      14   0  2  3  4  5  6  7  8  9 10 10 10 10 10 10 10 10 10 10 10 10 10 10 10 10 10 10 10 10 10
      15   0  2  3  4  5  6  7  8  9 10 11 11 11 11 11 11 11 11 11 11 11 11 11 11 11 11 11 11 11 11
      16   0  2  3  4  5  6  7  8  9 10 11 12 12 12 12 12 12 12 12 12 12 12 12 12 12 12 12 12 12 12
      17   0  2  3  4  5  6  7  8  9 10 11 12 13 13 13 13 13 13 13 13 13 13 13 13 13 13 13 13 13 13
      18   0  2  3  4  5  6  7  8  9 10 11 12 13 14 14 14 14 14 14 14 14 14 14 14 14 14 14 14 14 14
      19   0  2  3  4  5  6  7  8  9 10 11 12 13 14 15 15 15 15 15 15 15 15 15 15 15 15 15 15 15 15
      20   0  2  3  4  5  6  7  8  9 10 11 12 13 14 15 16 16 16 16 16 16 16 16 16 16 16 16 16 16 16
      21   0  2  3  4  5  6  7  8  9 10 11 12 13 14 15 16 17 17 17 17 17 17 17 17 17 17 17 17 17 17
      22   0  2  3  4  5  6  7  8  9 10 11 12 13 14 15 16 17 18 18 18 18 18 18 18 18 18 18 18 18 18
      23   0  2  3  4  5  6  7  8  9 10 11 12 13 14 15 16 17 18 19 19 19 19 19 19 19 19 19 19 19 19
      24   0  2  3  4  5  6  7  8  9 10 11 12 13 14 15 16 17 18 19 20 20 20 20 20 20 20 20 20 20 20
      25   0  2  3  4  5  6  7  8  9 10 11 12 13 14 15 16 17 18 19 20 21 21 21 21 21 21 21 21 21 21
      26   0  2  3  4  5  6  7  8  9 10 11 12 13 14 15 16 17 18 19 20 21 22 22 22 22 22 22 22 22 22
      27   0  2  3  4  5  6  7  8  9 10 11 12 13 14 15 16 17 18 19 20 21 22 23 23 23 23 23 23 23 23
      28   0  2  3  4  5  6  7  8  9 10 11 12 13 14 15 16 17 18 19 20 21 22 23 24 24 24 24 24 24 24
      29   0  2  3  4  5  6  7  8  9 10 11 12 13 14 15 16 17 18 19 20 21 22 23 24 25 25 25 25 25 25
      30   0  2  3  4  5  6  7  8  9 10 11 12 13 14 15 16 17 18 19 20 21 22 23 24 25 26 26 26 26 26

  DP q*
   I2\b1   1  2  3  4  5  6  7  8  9 10 11 12 13 14 15 16 17 18 19 20 21 22 23 24 25 26 27 28 29 30
       1   0  0  0  0  0  0  0  0  0  0  0  0  0  0  0  0  0  0  0  0  0  0  0  0  0  0  0  0  0  0
       2   0  0  0  0  0  0  0  0  0  0  0  0  0  0  0  0  0  0  0  0  0  0  0  0  0  0  0  0  0  0
       3   0  0  0  0  0  0  0  0  0  0  0  0  0  0  0  0  0  0  0  0  0  0  0  0  0  0  0  0  0  0
       4   0  0  0  0  0  0  0  0  0  0  0  0  0  0  0  0  0  0  0  0  0  0  0  0  0  0  0  0  0  0
       5   0  0  0  0  0  0  0  0  0  0  0  0  0  0  0  0  0  0  0  0  0  0  0  0  0  0  0  0  0  0
       6   0  0  0  0  0  0  0  0  0  0  0  0  0  0  0  0  0  0  0  0  0  0  0  0  0  0  0  0  0  0
       7   0  0  0  0  0  0  0  0  0  0  0  0  0  0  0  0  0  0  0  0  0  0  0  0  0  0  0  0  0  0
       8   0  0  0  4  4  4  4  4  4  4  4  4  4  4  0  0  0  0  0  0  0  0  0  0  0  0  0  0  0  0
       9   0  0  0  4  5  5  5  5  5  5  5  5  5  5  5  5  5  5  5  5  5  5  5  5  5  5  5  0  0  0
      10   0  0  0  4  5  6  6  6  6  6  6  6  6  6  6  6  6  6  6  6  6  6  6  6  6  6  6  6  6  6
      11   0  0  0  0  5  6  7  7  7  7  7  7  7  7  7  7  7  7  7  7  7  7  7  7  7  7  7  7  7  7
      12   0  0  0  0  5  6  7  8  8  8  8  8  8  8  8  8  8  8  8  8  8  8  8  8  8  8  8  8  8  8
      13   0  0  0  0  0  6  7  8  9  9  9  9  9  9  9  9  9  9  9  9  9  9  9  9  9  9  9  9  9  9
      14   0  0  0  0  0  6  7  8  9 10 10 10 10 10 10 10 10 10 10 10 10 10 10 10 10 10 10 10 10 10
      15   0  0  0  0  0  0  7  8  9 10 11 11 11 11 11 11 11 11 11 11 11 11 11 11 11 11 11 11 11 11
      16   0  0  0  0  0  6  7  8  9 10 11 12 12 12 12 12 12 12 12 12 12 12 12 12 12 12 12 12 12 12
      17   0  0  0  0  5  6  7  8  9 10 11 12 13 13 13 13 13 13 13 13 13 13 13 13 13 13 13 13 13 13
      18   0  0  0  0  5  6  7  8  9 10 11 12 13 14 14 14 14 14 14 14 14 14 14 14 14 14 14 14 14 14
      19   0  0  0  0  5  6  7  8  9 10 11 12 13 14 15 15 15 15 15 15 15 15 15 15 15 15 15 15 15 15
      20   0  0  0  0  5  6  7  8  9 10 11 12 13 14 15 16 16 16 16 16 16 16 16 16 16 16 16 16 16 16
      21   0  0  0  0  5  6  7  8  9 10 11 12 13 14 15 16 17 17 17 17 17 17 17 17 17 17 17 17 17 17
      22   0  0  0  0  5  6  7  8  9 10 11 12 13 14 15 16 17 18 18 18 18 18 18 18 18 18 18 18 18 18
      23   0  0  0  0  5  6  7  8  9 10 11 12 13 14 15 16 17 18 19 19 19 19 19 19 19 19 19 19 19 19
      24   0  0  0  0  5  6  7  8  9 10 11 12 13 14 15 16 17 18 19 20 20 20 20 20 20 20 20 20 20 20
      25   0  0  0  0  5  6  7  8  9 10 11 12 13 14 15 16 17 18 19 20 21 21 21 21 21 21 21 21 21 21
      26   0  0  0  0  5  6  7  8  9 10 11 12 13 14 15 16 17 18 19 20 21 22 22 22 22 22 22 22 22 22
      27   0  0  0  0  5  6  7  8  9 10 11 12 13 14 15 16 17 18 19 20 21 22 23 23 23 23 23 23 23 23
      28   0  0  0  0  5  6  7  8  9 10 11 12 13 14 15 16 17 18 19 20 21 22 23 24 24 24 24 24 24 24
      29   0  0  0  0  5  6  7  8  9 10 11 12 13 14 15 16 17 18 19 20 21 22 23 24 25 25 25 25 25 25
      30   0  0  0  0  5  6  7  8  9 10 11 12 13 14 15 16 17 18 19 20 21 22 23 24 25 26 26 26 26 26

  DIFF  (DP - analytic)
   I2\b1   1  2  3  4  5  6  7  8  9 10 11 12 13 14 15 16 17 18 19 20 21 22 23 24 25 26 27 28 29 30
       1   0  0  0  0  0  0  0  0  0  0  0  0  0  0  0  0  0  0  0  0  0  0  0  0  0  0  0  0  0  0
       2   0  0  0  0  0  0  0  0  0  0  0  0  0  0  0  0  0  0  0  0  0  0  0  0  0  0  0  0  0  0
       3   0  0  0  0  0  0  0  0  0  0  0  0  0  0  0  0  0  0  0  0  0  0  0  0  0  0  0  0  0  0
       4   0  0  0  0  0  0  0  0  0  0  0  0  0  0  0  0  0  0  0  0  0  0  0  0  0  0  0  0  0  0
       5   0  0  0  0  0  0  0  0  0  0  0  0  0  0  0  0  0  0  0  0  0  0  0  0  0  0  0  0  0  0
       6   0  0  0  0  0  0  0  0  0  0  0  0  0  0  0  0  0  0  0  0  0  0  0  0  0  0  0  0  0  0
       7   0  0  0  0  0  0  0  0  0  0  0  0  0  0  0  0  0  0  0  0  0  0  0  0  0  0  0  0  0  0
       8   0  0  0  0  0  0  0  0  0  0  0  0  0  0 -4 -4 -4 -4 -4 -4 -4 -4 -4 -4 -4 -4 -4 -4 -4 -4
       9   0  0 -3  0  0  0  0  0  0  0  0  0  0  0  0  0  0  0  0  0  0  0  0  0  0  0  0 -5 -5 -5
      10   0 -2 -3  0  0  0  0  0  0  0  0  0  0  0  0  0  0  0  0  0  0  0  0  0  0  0  0  0  0  0
      11   0 -2 -3 -4  0  0  0  0  0  0  0  0  0  0  0  0  0  0  0  0  0  0  0  0  0  0  0  0  0  0
      12   0 -2 -3 -4  0  0  0  0  0  0  0  0  0  0  0  0  0  0  0  0  0  0  0  0  0  0  0  0  0  0
      13   0 -2 -3 -4 -5  0  0  0  0  0  0  0  0  0  0  0  0  0  0  0  0  0  0  0  0  0  0  0  0  0
      14   0 -2 -3 -4 -5  0  0  0  0  0  0  0  0  0  0  0  0  0  0  0  0  0  0  0  0  0  0  0  0  0
      15   0 -2 -3 -4 -5 -6  0  0  0  0  0  0  0  0  0  0  0  0  0  0  0  0  0  0  0  0  0  0  0  0
      16   0 -2 -3 -4 -5  0  0  0  0  0  0  0  0  0  0  0  0  0  0  0  0  0  0  0  0  0  0  0  0  0
      17   0 -2 -3 -4  0  0  0  0  0  0  0  0  0  0  0  0  0  0  0  0  0  0  0  0  0  0  0  0  0  0
      18   0 -2 -3 -4  0  0  0  0  0  0  0  0  0  0  0  0  0  0  0  0  0  0  0  0  0  0  0  0  0  0
      19   0 -2 -3 -4  0  0  0  0  0  0  0  0  0  0  0  0  0  0  0  0  0  0  0  0  0  0  0  0  0  0
      20   0 -2 -3 -4  0  0  0  0  0  0  0  0  0  0  0  0  0  0  0  0  0  0  0  0  0  0  0  0  0  0
      21   0 -2 -3 -4  0  0  0  0  0  0  0  0  0  0  0  0  0  0  0  0  0  0  0  0  0  0  0  0  0  0
      22   0 -2 -3 -4  0  0  0  0  0  0  0  0  0  0  0  0  0  0  0  0  0  0  0  0  0  0  0  0  0  0
      23   0 -2 -3 -4  0  0  0  0  0  0  0  0  0  0  0  0  0  0  0  0  0  0  0  0  0  0  0  0  0  0
      24   0 -2 -3 -4  0  0  0  0  0  0  0  0  0  0  0  0  0  0  0  0  0  0  0  0  0  0  0  0  0  0
      25   0 -2 -3 -4  0  0  0  0  0  0  0  0  0  0  0  0  0  0  0  0  0  0  0  0  0  0  0  0  0  0
      26   0 -2 -3 -4  0  0  0  0  0  0  0  0  0  0  0  0  0  0  0  0  0  0  0  0  0  0  0  0  0  0
      27   0 -2 -3 -4  0  0  0  0  0  0  0  0  0  0  0  0  0  0  0  0  0  0  0  0  0  0  0  0  0  0
      28   0 -2 -3 -4  0  0  0  0  0  0  0  0  0  0  0  0  0  0  0  0  0  0  0  0  0  0  0  0  0  0
      29   0 -2 -3 -4  0  0  0  0  0  0  0  0  0  0  0  0  0  0  0  0  0  0  0  0  0  0  0  0  0  0
      30   0 -2 -3 -4  0  0  0  0  0  0  0  0  0  0  0  0  0  0  0  0  0  0  0  0  0  0  0  0  0  0

====================================================================================================
  tau = 5.0      matrices over I2 (rows, 1..30) x b1 (cols, 1..30)
====================================================================================================
  ANALYTIC q*
   I2\b1   1  2  3  4  5  6  7  8  9 10 11 12 13 14 15 16 17 18 19 20 21 22 23 24 25 26 27 28 29 30
       1   0  0  0  0  0  0  0  0  0  0  0  0  0  0  0  0  0  0  0  0  0  0  0  0  0  0  0  0  0  0
       2   0  0  0  0  0  0  0  0  0  0  0  0  0  0  0  0  0  0  0  0  0  0  0  0  0  0  0  0  0  0
       3   0  0  0  0  0  0  0  0  0  0  0  0  0  0  0  0  0  0  0  0  0  0  0  0  0  0  0  0  0  0
       4   0  0  0  0  0  0  0  0  0  0  0  0  0  0  0  0  0  0  0  0  0  0  0  0  0  0  0  0  0  0
       5   0  0  0  0  0  0  0  0  0  0  0  0  0  0  0  0  0  0  0  0  0  0  0  0  0  0  0  0  0  0
       6   0  0  0  0  0  0  0  0  0  0  0  0  0  0  0  0  0  0  0  0  0  0  0  0  0  0  0  0  0  0
       7   0  0  0  0  0  0  0  0  0  0  0  0  0  0  0  0  0  0  0  0  0  0  0  0  0  0  0  0  0  0
       8   0  0  0  4  4  4  4  4  4  4  4  4  4  4  4  4  4  4  4  4  4  4  4  4  4  4  4  4  4  4
       9   0  0  3  4  5  5  5  5  5  5  5  5  5  5  5  5  5  5  5  5  5  5  5  5  5  5  5  5  5  5
      10   0  2  3  4  5  6  6  6  6  6  6  6  6  6  6  6  6  6  6  6  6  6  6  6  6  6  6  6  6  6
      11   0  2  3  4  5  6  7  7  7  7  7  7  7  7  7  7  7  7  7  7  7  7  7  7  7  7  7  7  7  7
      12   0  2  3  4  5  6  7  8  8  8  8  8  8  8  8  8  8  8  8  8  8  8  8  8  8  8  8  8  8  8
      13   0  2  3  4  5  6  7  8  9  9  9  9  9  9  9  9  9  9  9  9  9  9  9  9  9  9  9  9  9  9
      14   1  2  3  4  5  6  7  8  9 10 10 10 10 10 10 10 10 10 10 10 10 10 10 10 10 10 10 10 10 10
      15   1  2  3  4  5  6  7  8  9 10 11 11 11 11 11 11 11 11 11 11 11 11 11 11 11 11 11 11 11 11
      16   1  2  3  4  5  6  7  8  9 10 11 12 12 12 12 12 12 12 12 12 12 12 12 12 12 12 12 12 12 12
      17   1  2  3  4  5  6  7  8  9 10 11 12 13 13 13 13 13 13 13 13 13 13 13 13 13 13 13 13 13 13
      18   1  2  3  4  5  6  7  8  9 10 11 12 13 14 14 14 14 14 14 14 14 14 14 14 14 14 14 14 14 14
      19   1  2  3  4  5  6  7  8  9 10 11 12 13 14 15 15 15 15 15 15 15 15 15 15 15 15 15 15 15 15
      20   1  2  3  4  5  6  7  8  9 10 11 12 13 14 15 16 16 16 16 16 16 16 16 16 16 16 16 16 16 16
      21   1  2  3  4  5  6  7  8  9 10 11 12 13 14 15 16 17 17 17 17 17 17 17 17 17 17 17 17 17 17
      22   1  2  3  4  5  6  7  8  9 10 11 12 13 14 15 16 17 18 18 18 18 18 18 18 18 18 18 18 18 18
      23   1  2  3  4  5  6  7  8  9 10 11 12 13 14 15 16 17 18 19 19 19 19 19 19 19 19 19 19 19 19
      24   1  2  3  4  5  6  7  8  9 10 11 12 13 14 15 16 17 18 19 20 20 20 20 20 20 20 20 20 20 20
      25   1  2  3  4  5  6  7  8  9 10 11 12 13 14 15 16 17 18 19 20 21 21 21 21 21 21 21 21 21 21
      26   1  2  3  4  5  6  7  8  9 10 11 12 13 14 15 16 17 18 19 20 21 22 22 22 22 22 22 22 22 22
      27   1  2  3  4  5  6  7  8  9 10 11 12 13 14 15 16 17 18 19 20 21 22 23 23 23 23 23 23 23 23
      28   1  2  3  4  5  6  7  8  9 10 11 12 13 14 15 16 17 18 19 20 21 22 23 24 24 24 24 24 24 24
      29   1  2  3  4  5  6  7  8  9 10 11 12 13 14 15 16 17 18 19 20 21 22 23 24 25 25 25 25 25 25
      30   1  2  3  4  5  6  7  8  9 10 11 12 13 14 15 16 17 18 19 20 21 22 23 24 25 26 26 26 26 26

  DP q*
   I2\b1   1  2  3  4  5  6  7  8  9 10 11 12 13 14 15 16 17 18 19 20 21 22 23 24 25 26 27 28 29 30
       1   0  0  0  0  0  0  0  0  0  0  0  0  0  0  0  0  0  0  0  0  0  0  0  0  0  0  0  0  0  0
       2   0  0  0  0  0  0  0  0  0  0  0  0  0  0  0  0  0  0  0  0  0  0  0  0  0  0  0  0  0  0
       3   0  0  0  0  0  0  0  0  0  0  0  0  0  0  0  0  0  0  0  0  0  0  0  0  0  0  0  0  0  0
       4   0  0  0  0  0  0  0  0  0  0  0  0  0  0  0  0  0  0  0  0  0  0  0  0  0  0  0  0  0  0
       5   0  0  0  0  0  0  0  0  0  0  0  0  0  0  0  0  0  0  0  0  0  0  0  0  0  0  0  0  0  0
       6   0  0  0  0  0  0  0  0  0  0  0  0  0  0  0  0  0  0  0  0  0  0  0  0  0  0  0  0  0  0
       7   0  0  0  0  0  0  0  0  0  0  0  0  0  0  0  0  0  0  0  0  0  0  0  0  0  0  0  0  0  0
       8   0  0  0  4  4  4  4  4  4  4  4  4  4  0  0  0  0  0  0  0  0  0  0  0  0  0  0  0  0  0
       9   0  0  0  4  5  5  5  5  5  5  5  5  5  5  5  5  5  5  5  5  5  5  0  0  0  0  0  0  0  0
      10   0  0  0  4  5  6  6  6  6  6  6  6  6  6  6  6  6  6  6  6  6  6  6  6  5  0  0  0  0  0
      11   0  0  0  0  5  6  7  7  7  7  7  7  7  7  7  7  7  7  7  7  7  7  7  7  7  6  6  0  0  0
      12   0  0  0  0  5  6  7  8  8  8  8  8  8  8  8  8  8  8  8  8  8  8  8  8  8  8  7  7  7  0
      13   0  0  0  0  0  6  7  8  9  9  9  9  9  9  9  9  9  9  9  9  9  9  9  9  9  9  9  8  8  8
      14   0  0  0  0  0  0  7  8  9 10 10 10 10 10 10 10 10 10 10 10 10 10 10 10 10 10 10 10  9  9
      15   0  0  0  0  0  0  7  8  9 10 11 11 11 11 11 11 11 11 11 11 11 11 11 11 11 11 11 11 11 10
      16   0  0  0  0  0  6  7  8  9 10 11 12 12 12 12 12 12 12 12 12 12 12 12 12 12 12 12 12 12 12
      17   0  0  0  0  5  6  7  8  9 10 11 12 13 13 13 13 13 13 13 13 13 13 13 13 13 13 13 13 13 13
      18   0  0  0  0  5  6  7  8  9 10 11 12 13 14 14 14 14 14 14 14 14 14 14 14 14 14 14 14 14 14
      19   0  0  0  0  5  6  7  8  9 10 11 12 13 14 15 15 15 15 15 15 15 15 15 15 15 15 15 15 15 15
      20   0  0  0  0  5  6  7  8  9 10 11 12 13 14 15 16 16 16 16 16 16 16 16 16 16 16 16 16 16 16
      21   0  0  0  0  0  6  7  8  9 10 11 12 13 14 15 16 17 17 17 17 17 17 17 17 17 17 17 17 17 17
      22   0  0  0  0  0  6  7  8  9 10 11 12 13 14 15 16 17 18 18 18 18 18 18 18 18 18 18 18 18 18
      23   0  0  0  0  0  6  7  8  9 10 11 12 13 14 15 16 17 18 19 19 19 19 19 19 19 19 19 19 19 19
      24   0  0  0  0  5  6  7  8  9 10 11 12 13 14 15 16 17 18 19 20 20 20 20 20 20 20 20 20 20 20
      25   0  0  0  0  5  6  7  8  9 10 11 12 13 14 15 16 17 18 19 20 21 21 21 21 21 21 21 21 21 21
      26   0  0  0  0  5  6  7  8  9 10 11 12 13 14 15 16 17 18 19 20 21 22 22 22 22 22 22 22 22 22
      27   0  0  0  0  5  6  7  8  9 10 11 12 13 14 15 16 17 18 19 20 21 22 23 23 23 23 23 23 23 23
      28   0  0  0  0  5  6  7  8  9 10 11 12 13 14 15 16 17 18 19 20 21 22 23 24 24 24 24 24 24 24
      29   0  0  0  0  5  6  7  8  9 10 11 12 13 14 15 16 17 18 19 20 21 22 23 24 25 25 25 25 25 25
      30   0  0  0  0  5  6  7  8  9 10 11 12 13 14 15 16 17 18 19 20 21 22 23 24 25 26 26 26 26 26

  DIFF  (DP - analytic)
   I2\b1   1  2  3  4  5  6  7  8  9 10 11 12 13 14 15 16 17 18 19 20 21 22 23 24 25 26 27 28 29 30
       1   0  0  0  0  0  0  0  0  0  0  0  0  0  0  0  0  0  0  0  0  0  0  0  0  0  0  0  0  0  0
       2   0  0  0  0  0  0  0  0  0  0  0  0  0  0  0  0  0  0  0  0  0  0  0  0  0  0  0  0  0  0
       3   0  0  0  0  0  0  0  0  0  0  0  0  0  0  0  0  0  0  0  0  0  0  0  0  0  0  0  0  0  0
       4   0  0  0  0  0  0  0  0  0  0  0  0  0  0  0  0  0  0  0  0  0  0  0  0  0  0  0  0  0  0
       5   0  0  0  0  0  0  0  0  0  0  0  0  0  0  0  0  0  0  0  0  0  0  0  0  0  0  0  0  0  0
       6   0  0  0  0  0  0  0  0  0  0  0  0  0  0  0  0  0  0  0  0  0  0  0  0  0  0  0  0  0  0
       7   0  0  0  0  0  0  0  0  0  0  0  0  0  0  0  0  0  0  0  0  0  0  0  0  0  0  0  0  0  0
       8   0  0  0  0  0  0  0  0  0  0  0  0  0 -4 -4 -4 -4 -4 -4 -4 -4 -4 -4 -4 -4 -4 -4 -4 -4 -4
       9   0  0 -3  0  0  0  0  0  0  0  0  0  0  0  0  0  0  0  0  0  0  0 -5 -5 -5 -5 -5 -5 -5 -5
      10   0 -2 -3  0  0  0  0  0  0  0  0  0  0  0  0  0  0  0  0  0  0  0  0  0 -1 -6 -6 -6 -6 -6
      11   0 -2 -3 -4  0  0  0  0  0  0  0  0  0  0  0  0  0  0  0  0  0  0  0  0  0 -1 -1 -7 -7 -7
      12   0 -2 -3 -4  0  0  0  0  0  0  0  0  0  0  0  0  0  0  0  0  0  0  0  0  0  0 -1 -1 -1 -8
      13   0 -2 -3 -4 -5  0  0  0  0  0  0  0  0  0  0  0  0  0  0  0  0  0  0  0  0  0  0 -1 -1 -1
      14  -1 -2 -3 -4 -5 -6  0  0  0  0  0  0  0  0  0  0  0  0  0  0  0  0  0  0  0  0  0  0 -1 -1
      15  -1 -2 -3 -4 -5 -6  0  0  0  0  0  0  0  0  0  0  0  0  0  0  0  0  0  0  0  0  0  0  0 -1
      16  -1 -2 -3 -4 -5  0  0  0  0  0  0  0  0  0  0  0  0  0  0  0  0  0  0  0  0  0  0  0  0  0
      17  -1 -2 -3 -4  0  0  0  0  0  0  0  0  0  0  0  0  0  0  0  0  0  0  0  0  0  0  0  0  0  0
      18  -1 -2 -3 -4  0  0  0  0  0  0  0  0  0  0  0  0  0  0  0  0  0  0  0  0  0  0  0  0  0  0
      19  -1 -2 -3 -4  0  0  0  0  0  0  0  0  0  0  0  0  0  0  0  0  0  0  0  0  0  0  0  0  0  0
      20  -1 -2 -3 -4  0  0  0  0  0  0  0  0  0  0  0  0  0  0  0  0  0  0  0  0  0  0  0  0  0  0
      21  -1 -2 -3 -4 -5  0  0  0  0  0  0  0  0  0  0  0  0  0  0  0  0  0  0  0  0  0  0  0  0  0
      22  -1 -2 -3 -4 -5  0  0  0  0  0  0  0  0  0  0  0  0  0  0  0  0  0  0  0  0  0  0  0  0  0
      23  -1 -2 -3 -4 -5  0  0  0  0  0  0  0  0  0  0  0  0  0  0  0  0  0  0  0  0  0  0  0  0  0
      24  -1 -2 -3 -4  0  0  0  0  0  0  0  0  0  0  0  0  0  0  0  0  0  0  0  0  0  0  0  0  0  0
      25  -1 -2 -3 -4  0  0  0  0  0  0  0  0  0  0  0  0  0  0  0  0  0  0  0  0  0  0  0  0  0  0
      26  -1 -2 -3 -4  0  0  0  0  0  0  0  0  0  0  0  0  0  0  0  0  0  0  0  0  0  0  0  0  0  0
      27  -1 -2 -3 -4  0  0  0  0  0  0  0  0  0  0  0  0  0  0  0  0  0  0  0  0  0  0  0  0  0  0
      28  -1 -2 -3 -4  0  0  0  0  0  0  0  0  0  0  0  0  0  0  0  0  0  0  0  0  0  0  0  0  0  0
      29  -1 -2 -3 -4  0  0  0  0  0  0  0  0  0  0  0  0  0  0  0  0  0  0  0  0  0  0  0  0  0  0
      30  -1 -2 -3 -4  0  0  0  0  0  0  0  0  0  0  0  0  0  0  0  0  0  0  0  0  0  0  0  0  0  0

====================================================================================================
  FULL LIST OF DISAGREEMENTS  (with diagnostics for tracing)
====================================================================================================
  S = accumulated saving of the analytic rule; the rule dispatches iff S > Cf.
  A small positive S-Cf next to 'DP waits' means the analytic rule fires on a
  thin margin that the DP does not consider worth it.

    tau   I2   b1 |  q_an  q_DP  diff |  q_circ          S      S-Cf    N  m_c
  ------------------------------------------------------------------------------------
    3.0    9    3 |     3     0    -3 |       3     20.581     0.582    5    5
    3.0   10    3 |     3     0    -3 |       3     24.392     4.392    6    5
    3.0   11    3 |     3     0    -3 |       3     27.311     7.311    7    5
    3.0   12    2 |     2     0    -2 |       2     20.223     0.223    8    5
    3.0   12    3 |     3     0    -3 |       3     29.419     9.419    8    5
    3.0   12    4 |     4     0    -4 |       4     37.652    17.652    8    5
    3.0   13    2 |     2     0    -2 |       2     20.973     0.973    9    5
    3.0   13    3 |     3     0    -3 |       3     30.855    10.855    9    5
    3.0   13    4 |     4     0    -4 |       4     40.051    20.051    9    5
    3.0   14    2 |     2     0    -2 |       2     21.435     1.435   10    5
    3.0   14    3 |     3     0    -3 |       3     31.777    11.777   10    5
    3.0   14    4 |     4     0    -4 |       4     41.658    21.659   10    5
    3.0   14    5 |     5     0    -5 |       5     50.854    30.854   10    5
    3.0   15    2 |     2     0    -2 |       2     21.704     1.704   11    5
    3.0   15    3 |     3     0    -3 |       3     32.336    12.335   11    5
    3.0   15    4 |     4     0    -4 |       4     42.677    22.677   11    5
    3.0   15    5 |     5     0    -5 |       5     52.559    32.559   11    5
    3.0   16    2 |     2     0    -2 |       2     21.852     1.852   12    5
    3.0   16    3 |     3     0    -3 |       3     32.656    12.656   12    5
    3.0   16    4 |     4     0    -4 |       4     43.287    23.287   12    5
    3.0   16    5 |     5     0    -5 |       5     53.629    33.629   12    5
    3.0   17    2 |     2     0    -2 |       2     21.930     1.930   13    5
    3.0   17    3 |     3     0    -3 |       3     32.830    12.830   13    5
    3.0   17    4 |     4     0    -4 |       4     43.634    23.634   13    5
    3.0   17    5 |     5     0    -5 |       5     54.265    34.265   13    5
    3.0   18    2 |     2     0    -2 |       2     21.968     1.968   14    5
    3.0   18    3 |     3     0    -3 |       3     32.920    12.920   14    5
    3.0   18    4 |     4     0    -4 |       4     43.820    23.820   14    5
    3.0   18    5 |     5     0    -5 |       5     54.624    34.624   14    5
    3.0   19    2 |     2     0    -2 |       2     21.986     1.986   15    5
    3.0   19    3 |     3     0    -3 |       3     32.964    12.964   15    5
    3.0   19    4 |     4     0    -4 |       4     43.916    23.916   15    5
    3.0   20    2 |     2     0    -2 |       2     21.994     1.994   16    5
    3.0   20    3 |     3     0    -3 |       3     32.984    12.984   16    5
    3.0   20    4 |     4     0    -4 |       4     43.962    23.962   16    5
    3.0   21    2 |     2     0    -2 |       2     21.998     1.998   17    5
    3.0   21    3 |     3     0    -3 |       3     32.993    12.993   17    5
    3.0   21    4 |     4     0    -4 |       4     43.984    23.984   17    5
    3.0   22    2 |     2     0    -2 |       2     21.999     1.999   18    5
    3.0   22    3 |     3     0    -3 |       3     32.997    12.997   18    5
    3.0   22    4 |     4     0    -4 |       4     43.993    23.993   18    5
    3.0   23    2 |     2     0    -2 |       2     22.000     2.000   19    5
    3.0   23    3 |     3     0    -3 |       3     32.999    12.999   19    5
    3.0   23    4 |     4     0    -4 |       4     43.997    23.997   19    5
    3.0   24    2 |     2     0    -2 |       2     22.000     2.000   20    5
    3.0   24    3 |     3     0    -3 |       3     33.000    13.000   20    5
    3.0   24    4 |     4     0    -4 |       4     43.999    23.999   20    5
    3.0   25    2 |     2     0    -2 |       2     22.000     2.000   21    5
    3.0   25    3 |     3     0    -3 |       3     33.000    13.000   21    5
    3.0   25    4 |     4     0    -4 |       4     44.000    24.000   21    5
    3.0   26    2 |     2     0    -2 |       2     22.000     2.000   22    5
    3.0   26    3 |     3     0    -3 |       3     33.000    13.000   22    5
    3.0   26    4 |     4     0    -4 |       4     44.000    24.000   22    5
    3.0   27    2 |     2     0    -2 |       2     22.000     2.000   23    5
    3.0   27    3 |     3     0    -3 |       3     33.000    13.000   23    5
    3.0   27    4 |     4     0    -4 |       4     44.000    24.000   23    5
    3.0   28    2 |     2     0    -2 |       2     22.000     2.000   24    5
    3.0   28    3 |     3     0    -3 |       3     33.000    13.000   24    5
    3.0   28    4 |     4     0    -4 |       4     44.000    24.000   24    5
    3.0   29    2 |     2     0    -2 |       2     22.000     2.000   25    5
    3.0   29    3 |     3     0    -3 |       3     33.000    13.000   25    5
    3.0   29    4 |     4     0    -4 |       4     44.000    24.000   25    5
    3.0   30    2 |     2     0    -2 |       2     22.000     2.000   26    5
    3.0   30    3 |     3     0    -3 |       3     33.000    13.000   26    5
    3.0   30    4 |     4     0    -4 |       4     44.000    24.000   26    5
    4.0    8   15 |     4     0    -4 |       4     20.004     0.004    4    5
    4.0    8   16 |     4     0    -4 |       4     20.004     0.004    4    5
    4.0    8   17 |     4     0    -4 |       4     20.004     0.004    4    5
    4.0    8   18 |     4     0    -4 |       4     20.004     0.004    4    5
    4.0    8   19 |     4     0    -4 |       4     20.004     0.004    4    5
    4.0    8   20 |     4     0    -4 |       4     20.004     0.004    4    5
    4.0    8   21 |     4     0    -4 |       4     20.004     0.004    4    5
    4.0    8   22 |     4     0    -4 |       4     20.004     0.004    4    5
    4.0    8   23 |     4     0    -4 |       4     20.004     0.004    4    5
    4.0    8   24 |     4     0    -4 |       4     20.004     0.004    4    5
    4.0    8   25 |     4     0    -4 |       4     20.004     0.004    4    5
    4.0    8   26 |     4     0    -4 |       4     20.004     0.004    4    5
    4.0    8   27 |     4     0    -4 |       4     20.004     0.004    4    5
    4.0    8   28 |     4     0    -4 |       4     20.004     0.004    4    5
    4.0    8   29 |     4     0    -4 |       4     20.004     0.004    4    5
    4.0    8   30 |     4     0    -4 |       4     20.004     0.004    4    5
    4.0    9    3 |     3     0    -3 |       3     24.684     4.684    5    5
    4.0    9   28 |     5     0    -5 |       5     30.254    10.254    5    5
    4.0    9   29 |     5     0    -5 |       5     30.254    10.254    5    5
    4.0    9   30 |     5     0    -5 |       5     30.254    10.254    5    5
    4.0   10    2 |     2     0    -2 |       2     22.269     2.269    6    5
    4.0   10    3 |     3     0    -3 |       3     30.548    10.548    6    5
    4.0   11    2 |     2     0    -2 |       2     25.560     5.560    7    5
    4.0   11    3 |     3     0    -3 |       3     35.810    15.810    7    5
    4.0   11    4 |     4     0    -4 |       4     44.089    24.089    7    5
    4.0   12    2 |     2     0    -2 |       2     28.339     8.339    8    5
    4.0   12    3 |     3     0    -3 |       3     40.357    20.357    8    5
    4.0   12    4 |     4     0    -4 |       4     50.608    30.608    8    5
    4.0   13    2 |     2     0    -2 |       2     30.585    10.585    9    5
    4.0   13    3 |     3     0    -3 |       3     44.126    24.126    9    5
    4.0   13    4 |     4     0    -4 |       4     56.145    36.145    9    5
    4.0   13    5 |     5     0    -5 |       5     66.395    46.395    9    5
    4.0   14    2 |     2     0    -2 |       2     32.317    12.317   10    5
    4.0   14    3 |     3     0    -3 |       3     47.115    27.115   10    5
    4.0   14    4 |     4     0    -4 |       4     60.656    40.656   10    5
    4.0   14    5 |     5     0    -5 |       5     72.675    52.675   10    5
    4.0   15    2 |     2     0    -2 |       2     33.592    13.592   11    5
    4.0   15    3 |     3     0    -3 |       3     49.379    29.379   11    5
    4.0   15    4 |     4     0    -4 |       4     64.177    44.177   11    5
    4.0   15    5 |     5     0    -5 |       5     77.719    57.719   11    5
    4.0   15    6 |     6     0    -6 |       6     89.737    69.737   11    5
    4.0   16    2 |     2     0    -2 |       2     34.487    14.487   12    5
    4.0   16    3 |     3     0    -3 |       3     51.017    31.017   12    5
    4.0   16    4 |     4     0    -4 |       4     66.805    46.805   12    5
    4.0   16    5 |     5     0    -5 |       5     81.602    61.602   12    5
    4.0   17    2 |     2     0    -2 |       2     35.087    15.087   13    5
    4.0   17    3 |     3     0    -3 |       3     52.149    32.149   13    5
    4.0   17    4 |     4     0    -4 |       4     68.679    48.679   13    5
    4.0   18    2 |     2     0    -2 |       2     35.470    15.470   14    5
    4.0   18    3 |     3     0    -3 |       3     52.895    32.895   14    5
    4.0   18    4 |     4     0    -4 |       4     69.957    49.957   14    5
    4.0   19    2 |     2     0    -2 |       2     35.704    15.704   15    5
    4.0   19    3 |     3     0    -3 |       3     53.366    33.366   15    5
    4.0   19    4 |     4     0    -4 |       4     70.791    50.791   15    5
    4.0   20    2 |     2     0    -2 |       2     35.841    15.841   16    5
    4.0   20    3 |     3     0    -3 |       3     53.650    33.650   16    5
    4.0   20    4 |     4     0    -4 |       4     71.311    51.311   16    5
    4.0   21    2 |     2     0    -2 |       2     35.918    15.918   17    5
    4.0   21    3 |     3     0    -3 |       3     53.814    33.814   17    5
    4.0   21    4 |     4     0    -4 |       4     71.622    51.622   17    5
    4.0   22    2 |     2     0    -2 |       2     35.959    15.959   18    5
    4.0   22    3 |     3     0    -3 |       3     53.904    33.904   18    5
    4.0   22    4 |     4     0    -4 |       4     71.800    51.800   18    5
    4.0   23    2 |     2     0    -2 |       2     35.980    15.980   19    5
    4.0   23    3 |     3     0    -3 |       3     53.953    33.953   19    5
    4.0   23    4 |     4     0    -4 |       4     71.898    51.898   19    5
    4.0   24    2 |     2     0    -2 |       2     35.991    15.991   20    5
    4.0   24    3 |     3     0    -3 |       3     53.977    33.977   20    5
    4.0   24    4 |     4     0    -4 |       4     71.950    51.950   20    5
    4.0   25    2 |     2     0    -2 |       2     35.996    15.996   21    5
    4.0   25    3 |     3     0    -3 |       3     53.990    33.990   21    5
    4.0   25    4 |     4     0    -4 |       4     71.976    51.976   21    5
    4.0   26    2 |     2     0    -2 |       2     35.998    15.998   22    5
    4.0   26    3 |     3     0    -3 |       3     53.995    33.995   22    5
    4.0   26    4 |     4     0    -4 |       4     71.989    51.989   22    5
    4.0   27    2 |     2     0    -2 |       2     35.999    15.999   23    5
    4.0   27    3 |     3     0    -3 |       3     53.998    33.998   23    5
    4.0   27    4 |     4     0    -4 |       4     71.995    51.995   23    5
    4.0   28    2 |     2     0    -2 |       2     36.000    16.000   24    5
    4.0   28    3 |     3     0    -3 |       3     53.999    33.999   24    5
    4.0   28    4 |     4     0    -4 |       4     71.998    51.998   24    5
    4.0   29    2 |     2     0    -2 |       2     36.000    16.000   25    5
    4.0   29    3 |     3     0    -3 |       3     54.000    34.000   25    5
    4.0   29    4 |     4     0    -4 |       4     71.999    51.999   25    5
    4.0   30    2 |     2     0    -2 |       2     36.000    16.000   26    5
    4.0   30    3 |     3     0    -3 |       3     54.000    34.000   26    5
    4.0   30    4 |     4     0    -4 |       4     72.000    52.000   26    5
    5.0    8   14 |     4     0    -4 |       4     20.559     0.559    4    5
    5.0    8   15 |     4     0    -4 |       4     20.559     0.559    4    5
    5.0    8   16 |     4     0    -4 |       4     20.559     0.559    4    5
    5.0    8   17 |     4     0    -4 |       4     20.559     0.559    4    5
    5.0    8   18 |     4     0    -4 |       4     20.559     0.559    4    5
    5.0    8   19 |     4     0    -4 |       4     20.559     0.559    4    5
    5.0    8   20 |     4     0    -4 |       4     20.559     0.559    4    5
    5.0    8   21 |     4     0    -4 |       4     20.559     0.559    4    5
    5.0    8   22 |     4     0    -4 |       4     20.559     0.559    4    5
    5.0    8   23 |     4     0    -4 |       4     20.559     0.559    4    5
    5.0    8   24 |     4     0    -4 |       4     20.559     0.559    4    5
    5.0    8   25 |     4     0    -4 |       4     20.559     0.559    4    5
    5.0    8   26 |     4     0    -4 |       4     20.559     0.559    4    5
    5.0    8   27 |     4     0    -4 |       4     20.559     0.559    4    5
    5.0    8   28 |     4     0    -4 |       4     20.559     0.559    4    5
    5.0    8   29 |     4     0    -4 |       4     20.559     0.559    4    5
    5.0    8   30 |     4     0    -4 |       4     20.559     0.559    4    5
    5.0    9    3 |     3     0    -3 |       3     25.748     5.748    5    5
    5.0    9   23 |     5     0    -5 |       5     31.403    11.403    5    5
    5.0    9   24 |     5     0    -5 |       5     31.403    11.403    5    5
    5.0    9   25 |     5     0    -5 |       5     31.403    11.403    5    5
    5.0    9   26 |     5     0    -5 |       5     31.403    11.403    5    5
    5.0    9   27 |     5     0    -5 |       5     31.403    11.403    5    5
    5.0    9   28 |     5     0    -5 |       5     31.403    11.403    5    5
    5.0    9   29 |     5     0    -5 |       5     31.403    11.403    5    5
    5.0    9   30 |     5     0    -5 |       5     31.403    11.403    5    5
    5.0   10    2 |     2     0    -2 |       2     23.858     3.858    6    5
    5.0   10    3 |     3     0    -3 |       3     32.456    12.456    6    5
    5.0   10   25 |     6     5    -1 |       6     44.417    24.417    6    5
    5.0   10   26 |     6     0    -6 |       6     44.417    24.417    6    5
    5.0   10   27 |     6     0    -6 |       6     44.417    24.417    6    5
    5.0   10   28 |     6     0    -6 |       6     44.417    24.417    6    5
    5.0   10   29 |     6     0    -6 |       6     44.417    24.417    6    5
    5.0   10   30 |     6     0    -6 |       6     44.417    24.417    6    5
    5.0   11    2 |     2     0    -2 |       2     28.085     8.085    7    5
    5.0   11    3 |     3     0    -3 |       3     38.929    18.929    7    5
    5.0   11    4 |     4     0    -4 |       4     47.526    27.526    7    5
    5.0   11   26 |     7     6    -1 |       7     59.488    39.488    7    5
    5.0   11   27 |     7     6    -1 |       7     59.488    39.488    7    5
    5.0   11   28 |     7     0    -7 |       7     59.488    39.488    7    5
    5.0   11   29 |     7     0    -7 |       7     59.488    39.488    7    5
    5.0   11   30 |     7     0    -7 |       7     59.488    39.488    7    5
    5.0   12    2 |     2     0    -2 |       2     32.044    12.044    8    5
    5.0   12    3 |     3     0    -3 |       3     45.058    25.058    8    5
    5.0   12    4 |     4     0    -4 |       4     55.902    35.902    8    5
    5.0   12   27 |     8     7    -1 |       8     76.461    56.461    8    5
    5.0   12   28 |     8     7    -1 |       8     76.461    56.461    8    5
    5.0   12   29 |     8     7    -1 |       8     76.461    56.461    8    5
    5.0   12   30 |     8     0    -8 |       8     76.461    56.461    8    5
    5.0   13    2 |     2     0    -2 |       2     35.655    15.655    9    5
    5.0   13    3 |     3     0    -3 |       3     50.726    30.726    9    5
    5.0   13    4 |     4     0    -4 |       4     63.740    43.740    9    5
    5.0   13    5 |     5     0    -5 |       5     74.584    54.584    9    5
    5.0   13   28 |     9     8    -1 |       9     95.143    75.143    9    5
    5.0   13   29 |     9     8    -1 |       9     95.143    75.143    9    5
    5.0   13   30 |     9     8    -1 |       9     95.143    75.143    9    5
    5.0   14    1 |     1     0    -1 |       1     20.168     0.168   10    5
    5.0   14    2 |     2     0    -2 |       2     38.850    18.850   10    5
    5.0   14    3 |     3     0    -3 |       3     55.823    35.823   10    5
    5.0   14    4 |     4     0    -4 |       4     70.894    50.894   10    5
    5.0   14    5 |     5     0    -5 |       5     83.908    63.908   10    5
    5.0   14    6 |     6     0    -6 |       6     94.752    74.752   10    5
    5.0   14   29 |    10     9    -1 |      10    115.311    95.311   10    5
    5.0   14   30 |    10     9    -1 |      10    115.311    95.311   10    5
    5.0   15    1 |     1     0    -1 |       1     21.415     1.415   11    5
    5.0   15    2 |     2     0    -2 |       2     41.583    21.583   11    5
    5.0   15    3 |     3     0    -3 |       3     60.265    40.265   11    5
    5.0   15    4 |     4     0    -4 |       4     77.238    57.238   11    5
    5.0   15    5 |     5     0    -5 |       5     92.309    72.309   11    5
    5.0   15    6 |     6     0    -6 |       6    105.323    85.323   11    5
    5.0   15   30 |    11    10    -1 |      11    136.726   116.726   11    5
    5.0   16    1 |     1     0    -1 |       1     22.422     2.422   12    5
    5.0   16    2 |     2     0    -2 |       2     43.837    23.837   12    5
    5.0   16    3 |     3     0    -3 |       3     64.005    44.005   12    5
    5.0   16    4 |     4     0    -4 |       4     82.687    62.687   12    5
    5.0   16    5 |     5     0    -5 |       5     99.660    79.660   12    5
    5.0   17    1 |     1     0    -1 |       1     23.206     3.206   13    5
    5.0   17    2 |     2     0    -2 |       2     45.629    25.629   13    5
    5.0   17    3 |     3     0    -3 |       3     67.043    47.044   13    5
    5.0   17    4 |     4     0    -4 |       4     87.212    67.212   13    5
    5.0   18    1 |     1     0    -1 |       1     23.792     3.792   14    5
    5.0   18    2 |     2     0    -2 |       2     46.998    26.998   14    5
    5.0   18    3 |     3     0    -3 |       3     69.421    49.421   14    5
    5.0   18    4 |     4     0    -4 |       4     90.836    70.836   14    5
    5.0   19    1 |     1     0    -1 |       1     24.213     4.213   15    5
    5.0   19    2 |     2     0    -2 |       2     48.006    28.006   15    5
    5.0   19    3 |     3     0    -3 |       3     71.212    51.212   15    5
    5.0   19    4 |     4     0    -4 |       4     93.635    73.635   15    5
    5.0   20    1 |     1     0    -1 |       1     24.505     4.505   16    5
    5.0   20    2 |     2     0    -2 |       2     48.718    28.718   16    5
    5.0   20    3 |     3     0    -3 |       3     72.510    52.510   16    5
    5.0   20    4 |     4     0    -4 |       4     95.717    75.717   16    5
    5.0   21    1 |     1     0    -1 |       1     24.698     4.698   17    5
    5.0   21    2 |     2     0    -2 |       2     49.203    29.203   17    5
    5.0   21    3 |     3     0    -3 |       3     73.416    53.416   17    5
    5.0   21    4 |     4     0    -4 |       4     97.209    77.209   17    5
    5.0   21    5 |     5     0    -5 |       5    120.415   100.415   17    5
    5.0   22    1 |     1     0    -1 |       1     24.822     4.822   18    5
    5.0   22    2 |     2     0    -2 |       2     49.520    29.520   18    5
    5.0   22    3 |     3     0    -3 |       3     74.025    54.025   18    5
    5.0   22    4 |     4     0    -4 |       4     98.239    78.239   18    5
    5.0   22    5 |     5     0    -5 |       5    122.031   102.031   18    5
    5.0   23    1 |     1     0    -1 |       1     24.899     4.899   19    5
    5.0   23    2 |     2     0    -2 |       2     49.721    29.721   19    5
    5.0   23    3 |     3     0    -3 |       3     74.419    54.419   19    5
    5.0   23    4 |     4     0    -4 |       4     98.924    78.924   19    5
    5.0   23    5 |     5     0    -5 |       5    123.137   103.137   19    5
    5.0   24    1 |     1     0    -1 |       1     24.944     4.944   20    5
    5.0   24    2 |     2     0    -2 |       2     49.843    29.843   20    5
    5.0   24    3 |     3     0    -3 |       3     74.665    54.665   20    5
    5.0   24    4 |     4     0    -4 |       4     99.363    79.363   20    5
    5.0   25    1 |     1     0    -1 |       1     24.970     4.970   21    5
    5.0   25    2 |     2     0    -2 |       2     49.914    29.914   21    5
    5.0   25    3 |     3     0    -3 |       3     74.812    54.812   21    5
    5.0   25    4 |     4     0    -4 |       4     99.635    79.635   21    5
    5.0   26    1 |     1     0    -1 |       1     24.985     4.984   22    5
    5.0   26    2 |     2     0    -2 |       2     49.955    29.954   22    5
    5.0   26    3 |     3     0    -3 |       3     74.898    54.898   22    5
    5.0   26    4 |     4     0    -4 |       4     99.797    79.797   22    5
    5.0   27    1 |     1     0    -1 |       1     24.992     4.992   23    5
    5.0   27    2 |     2     0    -2 |       2     49.977    29.977   23    5
    5.0   27    3 |     3     0    -3 |       3     74.947    54.947   23    5
    5.0   27    4 |     4     0    -4 |       4     99.891    79.891   23    5
    5.0   28    1 |     1     0    -1 |       1     24.996     4.996   24    5
    5.0   28    2 |     2     0    -2 |       2     49.988    29.988   24    5
    5.0   28    3 |     3     0    -3 |       3     74.973    54.973   24    5
    5.0   28    4 |     4     0    -4 |       4     99.943    79.943   24    5
    5.0   29    1 |     1     0    -1 |       1     24.998     4.998   25    5
    5.0   29    2 |     2     0    -2 |       2     49.994    29.994   25    5
    5.0   29    3 |     3     0    -3 |       3     74.987    54.986   25    5
    5.0   29    4 |     4     0    -4 |       4     99.971    79.971   25    5
    5.0   30    1 |     1     0    -1 |       1     24.999     4.999   26    5
    5.0   30    2 |     2     0    -2 |       2     49.997    29.997   26    5
    5.0   30    3 |     3     0    -3 |       3     74.993    54.993   26    5
    5.0   30    4 |     4     0    -4 |       4     99.986    79.986   26    5

  total disagreements: 287 of 8100
====================================================================================================