tau,I2,b1,q_analytic,q_DP,diff,dispatch_analytic,dispatch_DP,q_circ,S,Cf,S_minus_Cf,N_profitable,m_c,retained_DP,retained_predicted
0.25,1,1,0,0,0,0,0,0,0.0,20.0,-20.0,0,-1,1,1
0.25,1,2,0,0,0,0,0,0,0.0,20.0,-20.0,0,-1,1,1
0.25,1,3,0,0,0,0,0,0,0.0,20.0,-20.0,0,-1,1,1
0.25,1,4,0,0,0,0,0,0,0.0,20.0,-20.0,0,-1,1,1
0.25,1,5,0,0,0,0,0,0,0.0,20.0,-20.0,0,-1,1,1
0.25,1,6,0,0,0,0,0,0,0.0,20.0,-20.0,0,-1,1,1
0.25,1,7,0,0,0,0,0,0,0.0,20.0,-20.0,0,-1,1,1
0.25,1,8,0,0,0,0,0,0,0.0,20.0,-20.0,0,-1,1,1
0.25,1,9,0,0,0,0,0,0,0.0,20.0,-20.0,0,-1,1,1
0.25,1,10,0,0,0,0,0,0,0.0,20.0,-20.0,0,-1,1,1
0.25,1,11,0,0,0,0,0,0,0.0,20.0,-20.0,0,-1,1,1
0.25,1,12,0,0,0,0,0,0,0.0,20.0,-20.0,0,-1,1,1
0.25,1,13,0,0,0,0,0,0,0.0,20.0,-20.0,0,-1,1,1
0.25,1,14,0,0,0,0,0,0,0.0,20.0,-20.0,0,-1,1,1
0.25,1,15,0,0,0,0,0,0,0.0,20.0,-20.0,0,-1,1,1
0.25,1,16,0,0,0,0,0,0,0.0,20.0,-20.0,0,-1,1,1
0.25,1,17,0,0,0,0,0,0,0.0,20.0,-20.0,0,-1,1,1
0.25,1,18,0,0,0,0,0,0,0.0,20.0,-20.0,0,-1,1,1
0.25,1,19,0,0,0,0,0,0,0.0,20.0,-20.0,0,-1,1,1
0.25,1,20,0,0,0,0,0,0,0.0,20.0,-20.0,0,-1,1,1
0.25,1,21,0,0,0,0,0,0,0.0,20.0,-20.0,0,-1,1,1
0.25,1,22,0,0,0,0,0,0,0.0,20.0,-20.0,0,-1,1,1
0.25,1,23,0,0,0,0,0,0,0.0,20.0,-20.0,0,-1,1,1
0.25,1,24,0,0,0,0,0,0,0.0,20.0,-20.0,0,-1,1,1
0.25,1,25,0,0,0,0,0,0,0.0,20.0,-20.0,0,-1,1,1
0.25,1,26,0,0,0,0,0,0,0.0,20.0,-20.0,0,-1,1,1
0.25,1,27,0,0,0,0,0,0,0.0,20.0,-20.0,0,-1,1,1
0.25,1,28,0,0,0,0,0,0,0.0,20.0,-20.0,0,-1,1,1
0.25,1,29,0,0,0,0,0,0,0.0,20.0,-20.0,0,-1,1,1
0.25,1,30,0,0,0,0,0,0,0.0,20.0,-20.0,0,-1,1,1
0.25,2,1,0,0,0,0,0,0,0.0,20.0,-20.0,0,-1,2,2
0.25,2,2,0,0,0,0,0,0,0.0,20.0,-20.0,0,-1,2,2
0.25,2,3,0,0,0,0,0,0,0.0,20.0,-20.0,0,-1,2,2
0.25,2,4,0,0,0,0,0,0,0.0,20.0,-20.0,0,-1,2,2
0.25,2,5,0,0,0,0,0,0,0.0,20.0,-20.0,0,-1,2,2
0.25,2,6,0,0,0,0,0,0,0.0,20.0,-20.0,0,-1,2,2
0.25,2,7,0,0,0,0,0,0,0.0,20.0,-20.0,0,-1,2,2
0.25,2,8,0,0,0,0,0,0,0.0,20.0,-20.0,0,-1,2,2
0.25,2,9,0,0,0,0,0,0,0.0,20.0,-20.0,0,-1,2,2
0.25,2,10,0,0,0,0,0,0,0.0,20.0,-20.0,0,-1,2,2
0.25,2,11,0,0,0,0,0,0,0.0,20.0,-20.0,0,-1,2,2
0.25,2,12,0,0,0,0,0,0,0.0,20.0,-20.0,0,-1,2,2
0.25,2,13,0,0,0,0,0,0,0.0,20.0,-20.0,0,-1,2,2
0.25,2,14,0,0,0,0,0,0,0.0,20.0,-20.0,0,-1,2,2
0.25,2,15,0,0,0,0,0,0,0.0,20.0,-20.0,0,-1,2,2
0.25,2,16,0,0,0,0,0,0,0.0,20.0,-20.0,0,-1,2,2
0.25,2,17,0,0,0,0,0,0,0.0,20.0,-20.0,0,-1,2,2
0.25,2,18,0,0,0,0,0,0,0.0,20.0,-20.0,0,-1,2,2
0.25,2,19,0,0,0,0,0,0,0.0,20.0,-20.0,0,-1,2,2
0.25,2,20,0,0,0,0,0,0,0.0,20.0,-20.0,0,-1,2,2
0.25,2,21,0,0,0,0,0,0,0.0,20.0,-20.0,0,-1,2,2
0.25,2,22,0,0,0,0,0,0,0.0,20.0,-20.0,0,-1,2,2
0.25,2,23,0,0,0,0,0,0,0.0,20.0,-20.0,0,-1,2,2
0.25,2,24,0,0,0,0,0,0,0.0,20.0,-20.0,0,-1,2,2
0.25,2,25,0,0,0,0,0,0,0.0,20.0,-20.0,0,-1,2,2
0.25,2,26,0,0,0,0,0,0,0.0,20.0,-20.0,0,-1,2,2
0.25,2,27,0,0,0,0,0,0,0.0,20.0,-20.0,0,-1,2,2
0.25,2,28,0,0,0,0,0,0,0.0,20.0,-20.0,0,-1,2,2
0.25,2,29,0,0,0,0,0,0,0.0,20.0,-20.0,0,-1,2,2
0.25,2,30,0,0,0,0,0,0,0.0,20.0,-20.0,0,-1,2,2
0.25,3,1,0,0,0,0,0,0,0.0,20.0,-20.0,0,-1,3,3
0.25,3,2,0,0,0,0,0,0,0.0,20.0,-20.0,0,-1,3,3
0.25,3,3,0,0,0,0,0,0,0.0,20.0,-20.0,0,-1,3,3
0.25,3,4,0,0,0,0,0,0,0.0,20.0,-20.0,0,-1,3,3
0.25,3,5,0,0,0,0,0,0,0.0,20.0,-20.0,0,-1,3,3
0.25,3,6,0,0,0,0,0,0,0.0,20.0,-20.0,0,-1,3,3
0.25,3,7,0,0,0,0,0,0,0.0,20.0,-20.0,0,-1,3,3
0.25,3,8,0,0,0,0,0,0,0.0,20.0,-20.0,0,-1,3,3
0.25,3,9,0,0,0,0,0,0,0.0,20.0,-20.0,0,-1,3,3
0.25,3,10,0,0,0,0,0,0,0.0,20.0,-20.0,0,-1,3,3
0.25,3,11,0,0,0,0,0,0,0.0,20.0,-20.0,0,-1,3,3
0.25,3,12,0,0,0,0,0,0,0.0,20.0,-20.0,0,-1,3,3
0.25,3,13,0,0,0,0,0,0,0.0,20.0,-20.0,0,-1,3,3
0.25,3,14,0,0,0,0,0,0,0.0,20.0,-20.0,0,-1,3,3
0.25,3,15,0,0,0,0,0,0,0.0,20.0,-20.0,0,-1,3,3
0.25,3,16,0,0,0,0,0,0,0.0,20.0,-20.0,0,-1,3,3
0.25,3,17,0,0,0,0,0,0,0.0,20.0,-20.0,0,-1,3,3
0.25,3,18,0,0,0,0,0,0,0.0,20.0,-20.0,0,-1,3,3
0.25,3,19,0,0,0,0,0,0,0.0,20.0,-20.0,0,-1,3,3
0.25,3,20,0,0,0,0,0,0,0.0,20.0,-20.0,0,-1,3,3
0.25,3,21,0,0,0,0,0,0,0.0,20.0,-20.0,0,-1,3,3
0.25,3,22,0,0,0,0,0,0,0.0,20.0,-20.0,0,-1,3,3
0.25,3,23,0,0,0,0,0,0,0.0,20.0,-20.0,0,-1,3,3
0.25,3,24,0,0,0,0,0,0,0.0,20.0,-20.0,0,-1,3,3
0.25,3,25,0,0,0,0,0,0,0.0,20.0,-20.0,0,-1,3,3
0.25,3,26,0,0,0,0,0,0,0.0,20.0,-20.0,0,-1,3,3
0.25,3,27,0,0,0,0,0,0,0.0,20.0,-20.0,0,-1,3,3
0.25,3,28,0,0,0,0,0,0,0.0,20.0,-20.0,0,-1,3,3
0.25,3,29,0,0,0,0,0,0,0.0,20.0,-20.0,0,-1,3,3
0.25,3,30,0,0,0,0,0,0,0.0,20.0,-20.0,0,-1,3,3
0.25,4,1,0,0,0,0,0,0,0.0,20.0,-20.0,0,-1,4,4
0.25,4,2,0,0,0,0,0,0,0.0,20.0,-20.0,0,-1,4,4
0.25,4,3,0,0,0,0,0,0,0.0,20.0,-20.0,0,-1,4,4
0.25,4,4,0,0,0,0,0,0,0.0,20.0,-20.0,0,-1,4,4
0.25,4,5,0,0,0,0,0,0,0.0,20.0,-20.0,0,-1,4,4
0.25,4,6,0,0,0,0,0,0,0.0,20.0,-20.0,0,-1,4,4
0.25,4,7,0,0,0,0,0,0,0.0,20.0,-20.0,0,-1,4,4
0.25,4,8,0,0,0,0,0,0,0.0,20.0,-20.0,0,-1,4,4
0.25,4,9,0,0,0,0,0,0,0.0,20.0,-20.0,0,-1,4,4
0.25,4,10,0,0,0,0,0,0,0.0,20.0,-20.0,0,-1,4,4
0.25,4,11,0,0,0,0,0,0,0.0,20.0,-20.0,0,-1,4,4
0.25,4,12,0,0,0,0,0,0,0.0,20.0,-20.0,0,-1,4,4
0.25,4,13,0,0,0,0,0,0,0.0,20.0,-20.0,0,-1,4,4
0.25,4,14,0,0,0,0,0,0,0.0,20.0,-20.0,0,-1,4,4
0.25,4,15,0,0,0,0,0,0,0.0,20.0,-20.0,0,-1,4,4
0.25,4,16,0,0,0,0,0,0,0.0,20.0,-20.0,0,-1,4,4
0.25,4,17,0,0,0,0,0,0,0.0,20.0,-20.0,0,-1,4,4
0.25,4,18,0,0,0,0,0,0,0.0,20.0,-20.0,0,-1,4,4
0.25,4,19,0,0,0,0,0,0,0.0,20.0,-20.0,0,-1,4,4
0.25,4,20,0,0,0,0,0,0,0.0,20.0,-20.0,0,-1,4,4
0.25,4,21,0,0,0,0,0,0,0.0,20.0,-20.0,0,-1,4,4
0.25,4,22,0,0,0,0,0,0,0.0,20.0,-20.0,0,-1,4,4
0.25,4,23,0,0,0,0,0,0,0.0,20.0,-20.0,0,-1,4,4
0.25,4,24,0,0,0,0,0,0,0.0,20.0,-20.0,0,-1,4,4
0.25,4,25,0,0,0,0,0,0,0.0,20.0,-20.0,0,-1,4,4
0.25,4,26,0,0,0,0,0,0,0.0,20.0,-20.0,0,-1,4,4
0.25,4,27,0,0,0,0,0,0,0.0,20.0,-20.0,0,-1,4,4
0.25,4,28,0,0,0,0,0,0,0.0,20.0,-20.0,0,-1,4,4
0.25,4,29,0,0,0,0,0,0,0.0,20.0,-20.0,0,-1,4,4
0.25,4,30,0,0,0,0,0,0,0.0,20.0,-20.0,0,-1,4,4
0.25,5,1,0,0,0,0,0,0,0.0,20.0,-20.0,0,-1,5,5
0.25,5,2,0,0,0,0,0,0,0.0,20.0,-20.0,0,-1,5,5
0.25,5,3,0,0,0,0,0,0,0.0,20.0,-20.0,0,-1,5,5
0.25,5,4,0,0,0,0,0,0,0.0,20.0,-20.0,0,-1,5,5
0.25,5,5,0,0,0,0,0,0,0.0,20.0,-20.0,0,-1,5,5
0.25,5,6,0,0,0,0,0,0,0.0,20.0,-20.0,0,-1,5,5
0.25,5,7,0,0,0,0,0,0,0.0,20.0,-20.0,0,-1,5,5
0.25,5,8,0,0,0,0,0,0,0.0,20.0,-20.0,0,-1,5,5
0.25,5,9,0,0,0,0,0,0,0.0,20.0,-20.0,0,-1,5,5
0.25,5,10,0,0,0,0,0,0,0.0,20.0,-20.0,0,-1,5,5
0.25,5,11,0,0,0,0,0,0,0.0,20.0,-20.0,0,-1,5,5
0.25,5,12,0,0,0,0,0,0,0.0,20.0,-20.0,0,-1,5,5
0.25,5,13,0,0,0,0,0,0,0.0,20.0,-20.0,0,-1,5,5
0.25,5,14,0,0,0,0,0,0,0.0,20.0,-20.0,0,-1,5,5
0.25,5,15,0,0,0,0,0,0,0.0,20.0,-20.0,0,-1,5,5
0.25,5,16,0,0,0,0,0,0,0.0,20.0,-20.0,0,-1,5,5
0.25,5,17,0,0,0,0,0,0,0.0,20.0,-20.0,0,-1,5,5
0.25,5,18,0,0,0,0,0,0,0.0,20.0,-20.0,0,-1,5,5
0.25,5,19,0,0,0,0,0,0,0.0,20.0,-20.0,0,-1,5,5
0.25,5,20,0,0,0,0,0,0,0.0,20.0,-20.0,0,-1,5,5
0.25,5,21,0,0,0,0,0,0,0.0,20.0,-20.0,0,-1,5,5
0.25,5,22,0,0,0,0,0,0,0.0,20.0,-20.0,0,-1,5,5
0.25,5,23,0,0,0,0,0,0,0.0,20.0,-20.0,0,-1,5,5
0.25,5,24,0,0,0,0,0,0,0.0,20.0,-20.0,0,-1,5,5
0.25,5,25,0,0,0,0,0,0,0.0,20.0,-20.0,0,-1,5,5
0.25,5,26,0,0,0,0,0,0,0.0,20.0,-20.0,0,-1,5,5
0.25,5,27,0,0,0,0,0,0,0.0,20.0,-20.0,0,-1,5,5
0.25,5,28,0,0,0,0,0,0,0.0,20.0,-20.0,0,-1,5,5
0.25,5,29,0,0,0,0,0,0,0.0,20.0,-20.0,0,-1,5,5
0.25,5,30,0,0,0,0,0,0,0.0,20.0,-20.0,0,-1,5,5
0.25,6,1,0,0,0,0,0,0,0.0,20.0,-20.0,0,-1,6,6
0.25,6,2,0,0,0,0,0,0,0.0,20.0,-20.0,0,-1,6,6
0.25,6,3,0,0,0,0,0,0,0.0,20.0,-20.0,0,-1,6,6
0.25,6,4,0,0,0,0,0,0,0.0,20.0,-20.0,0,-1,6,6
0.25,6,5,0,0,0,0,0,0,0.0,20.0,-20.0,0,-1,6,6
0.25,6,6,0,0,0,0,0,0,0.0,20.0,-20.0,0,-1,6,6
0.25,6,7,0,0,0,0,0,0,0.0,20.0,-20.0,0,-1,6,6
0.25,6,8,0,0,0,0,0,0,0.0,20.0,-20.0,0,-1,6,6
0.25,6,9,0,0,0,0,0,0,0.0,20.0,-20.0,0,-1,6,6
0.25,6,10,0,0,0,0,0,0,0.0,20.0,-20.0,0,-1,6,6
0.25,6,11,0,0,0,0,0,0,0.0,20.0,-20.0,0,-1,6,6
0.25,6,12,0,0,0,0,0,0,0.0,20.0,-20.0,0,-1,6,6
0.25,6,13,0,0,0,0,0,0,0.0,20.0,-20.0,0,-1,6,6
0.25,6,14,0,0,0,0,0,0,0.0,20.0,-20.0,0,-1,6,6
0.25,6,15,0,0,0,0,0,0,0.0,20.0,-20.0,0,-1,6,6
0.25,6,16,0,0,0,0,0,0,0.0,20.0,-20.0,0,-1,6,6
0.25,6,17,0,0,0,0,0,0,0.0,20.0,-20.0,0,-1,6,6
0.25,6,18,0,0,0,0,0,0,0.0,20.0,-20.0,0,-1,6,6
0.25,6,19,0,0,0,0,0,0,0.0,20.0,-20.0,0,-1,6,6
0.25,6,20,0,0,0,0,0,0,0.0,20.0,-20.0,0,-1,6,6
0.25,6,21,0,0,0,0,0,0,0.0,20.0,-20.0,0,-1,6,6
0.25,6,22,0,0,0,0,0,0,0.0,20.0,-20.0,0,-1,6,6
0.25,6,23,0,0,0,0,0,0,0.0,20.0,-20.0,0,-1,6,6
0.25,6,24,0,0,0,0,0,0,0.0,20.0,-20.0,0,-1,6,6
0.25,6,25,0,0,0,0,0,0,0.0,20.0,-20.0,0,-1,6,6
0.25,6,26,0,0,0,0,0,0,0.0,20.0,-20.0,0,-1,6,6
0.25,6,27,0,0,0,0,0,0,0.0,20.0,-20.0,0,-1,6,6
0.25,6,28,0,0,0,0,0,0,0.0,20.0,-20.0,0,-1,6,6
0.25,6,29,0,0,0,0,0,0,0.0,20.0,-20.0,0,-1,6,6
0.25,6,30,0,0,0,0,0,0,0.0,20.0,-20.0,0,-1,6,6
0.25,7,1,0,0,0,0,0,0,0.0,20.0,-20.0,0,-1,7,7
0.25,7,2,0,0,0,0,0,0,0.0,20.0,-20.0,0,-1,7,7
0.25,7,3,0,0,0,0,0,0,0.0,20.0,-20.0,0,-1,7,7
0.25,7,4,0,0,0,0,0,0,0.0,20.0,-20.0,0,-1,7,7
0.25,7,5,0,0,0,0,0,0,0.0,20.0,-20.0,0,-1,7,7
0.25,7,6,0,0,0,0,0,0,0.0,20.0,-20.0,0,-1,7,7
0.25,7,7,0,0,0,0,0,0,0.0,20.0,-20.0,0,-1,7,7
0.25,7,8,0,0,0,0,0,0,0.0,20.0,-20.0,0,-1,7,7
0.25,7,9,0,0,0,0,0,0,0.0,20.0,-20.0,0,-1,7,7
0.25,7,10,0,0,0,0,0,0,0.0,20.0,-20.0,0,-1,7,7
0.25,7,11,0,0,0,0,0,0,0.0,20.0,-20.0,0,-1,7,7
0.25,7,12,0,0,0,0,0,0,0.0,20.0,-20.0,0,-1,7,7
0.25,7,13,0,0,0,0,0,0,0.0,20.0,-20.0,0,-1,7,7
0.25,7,14,0,0,0,0,0,0,0.0,20.0,-20.0,0,-1,7,7
0.25,7,15,0,0,0,0,0,0,0.0,20.0,-20.0,0,-1,7,7
0.25,7,16,0,0,0,0,0,0,0.0,20.0,-20.0,0,-1,7,7
0.25,7,17,0,0,0,0,0,0,0.0,20.0,-20.0,0,-1,7,7
0.25,7,18,0,0,0,0,0,0,0.0,20.0,-20.0,0,-1,7,7
0.25,7,19,0,0,0,0,0,0,0.0,20.0,-20.0,0,-1,7,7
0.25,7,20,0,0,0,0,0,0,0.0,20.0,-20.0,0,-1,7,7
0.25,7,21,0,0,0,0,0,0,0.0,20.0,-20.0,0,-1,7,7
0.25,7,22,0,0,0,0,0,0,0.0,20.0,-20.0,0,-1,7,7
0.25,7,23,0,0,0,0,0,0,0.0,20.0,-20.0,0,-1,7,7
0.25,7,24,0,0,0,0,0,0,0.0,20.0,-20.0,0,-1,7,7
0.25,7,25,0,0,0,0,0,0,0.0,20.0,-20.0,0,-1,7,7
0.25,7,26,0,0,0,0,0,0,0.0,20.0,-20.0,0,-1,7,7
0.25,7,27,0,0,0,0,0,0,0.0,20.0,-20.0,0,-1,7,7
0.25,7,28,0,0,0,0,0,0,0.0,20.0,-20.0,0,-1,7,7
0.25,7,29,0,0,0,0,0,0,0.0,20.0,-20.0,0,-1,7,7
0.25,7,30,0,0,0,0,0,0,0.0,20.0,-20.0,0,-1,7,7
0.25,8,1,0,0,0,0,0,0,0.0,20.0,-20.0,0,-1,8,8
0.25,8,2,0,0,0,0,0,0,0.0,20.0,-20.0,0,-1,8,8
0.25,8,3,0,0,0,0,0,0,0.0,20.0,-20.0,0,-1,8,8
0.25,8,4,0,0,0,0,0,0,0.0,20.0,-20.0,0,-1,8,8
0.25,8,5,0,0,0,0,0,0,0.0,20.0,-20.0,0,-1,8,8
0.25,8,6,0,0,0,0,0,0,0.0,20.0,-20.0,0,-1,8,8
0.25,8,7,0,0,0,0,0,0,0.0,20.0,-20.0,0,-1,8,8
0.25,8,8,0,0,0,0,0,0,0.0,20.0,-20.0,0,-1,8,8
0.25,8,9,0,0,0,0,0,0,0.0,20.0,-20.0,0,-1,8,8
0.25,8,10,0,0,0,0,0,0,0.0,20.0,-20.0,0,-1,8,8
0.25,8,11,0,0,0,0,0,0,0.0,20.0,-20.0,0,-1,8,8
0.25,8,12,0,0,0,0,0,0,0.0,20.0,-20.0,0,-1,8,8
0.25,8,13,0,0,0,0,0,0,0.0,20.0,-20.0,0,-1,8,8
0.25,8,14,0,0,0,0,0,0,0.0,20.0,-20.0,0,-1,8,8
0.25,8,15,0,0,0,0,0,0,0.0,20.0,-20.0,0,-1,8,8
0.25,8,16,0,0,0,0,0,0,0.0,20.0,-20.0,0,-1,8,8
0.25,8,17,0,0,0,0,0,0,0.0,20.0,-20.0,0,-1,8,8
0.25,8,18,0,0,0,0,0,0,0.0,20.0,-20.0,0,-1,8,8
0.25,8,19,0,0,0,0,0,0,0.0,20.0,-20.0,0,-1,8,8
0.25,8,20,0,0,0,0,0,0,0.0,20.0,-20.0,0,-1,8,8
0.25,8,21,0,0,0,0,0,0,0.0,20.0,-20.0,0,-1,8,8
0.25,8,22,0,0,0,0,0,0,0.0,20.0,-20.0,0,-1,8,8
0.25,8,23,0,0,0,0,0,0,0.0,20.0,-20.0,0,-1,8,8
0.25,8,24,0,0,0,0,0,0,0.0,20.0,-20.0,0,-1,8,8
0.25,8,25,0,0,0,0,0,0,0.0,20.0,-20.0,0,-1,8,8
0.25,8,26,0,0,0,0,0,0,0.0,20.0,-20.0,0,-1,8,8
0.25,8,27,0,0,0,0,0,0,0.0,20.0,-20.0,0,-1,8,8
0.25,8,28,0,0,0,0,0,0,0.0,20.0,-20.0,0,-1,8,8
0.25,8,29,0,0,0,0,0,0,0.0,20.0,-20.0,0,-1,8,8
0.25,8,30,0,0,0,0,0,0,0.0,20.0,-20.0,0,-1,8,8
0.25,9,1,0,0,0,0,0,0,0.0,20.0,-20.0,0,-1,9,9
0.25,9,2,0,0,0,0,0,0,0.0,20.0,-20.0,0,-1,9,9
0.25,9,3,0,0,0,0,0,0,0.0,20.0,-20.0,0,-1,9,9
0.25,9,4,0,0,0,0,0,0,0.0,20.0,-20.0,0,-1,9,9
0.25,9,5,0,0,0,0,0,0,0.0,20.0,-20.0,0,-1,9,9
0.25,9,6,0,0,0,0,0,0,0.0,20.0,-20.0,0,-1,9,9
0.25,9,7,0,0,0,0,0,0,0.0,20.0,-20.0,0,-1,9,9
0.25,9,8,0,0,0,0,0,0,0.0,20.0,-20.0,0,-1,9,9
0.25,9,9,0,0,0,0,0,0,0.0,20.0,-20.0,0,-1,9,9
0.25,9,10,0,0,0,0,0,0,0.0,20.0,-20.0,0,-1,9,9
0.25,9,11,0,0,0,0,0,0,0.0,20.0,-20.0,0,-1,9,9
0.25,9,12,0,0,0,0,0,0,0.0,20.0,-20.0,0,-1,9,9
0.25,9,13,0,0,0,0,0,0,0.0,20.0,-20.0,0,-1,9,9
0.25,9,14,0,0,0,0,0,0,0.0,20.0,-20.0,0,-1,9,9
0.25,9,15,0,0,0,0,0,0,0.0,20.0,-20.0,0,-1,9,9
0.25,9,16,0,0,0,0,0,0,0.0,20.0,-20.0,0,-1,9,9
0.25,9,17,0,0,0,0,0,0,0.0,20.0,-20.0,0,-1,9,9
0.25,9,18,0,0,0,0,0,0,0.0,20.0,-20.0,0,-1,9,9
0.25,9,19,0,0,0,0,0,0,0.0,20.0,-20.0,0,-1,9,9
0.25,9,20,0,0,0,0,0,0,0.0,20.0,-20.0,0,-1,9,9
0.25,9,21,0,0,0,0,0,0,0.0,20.0,-20.0,0,-1,9,9
0.25,9,22,0,0,0,0,0,0,0.0,20.0,-20.0,0,-1,9,9
0.25,9,23,0,0,0,0,0,0,0.0,20.0,-20.0,0,-1,9,9
0.25,9,24,0,0,0,0,0,0,0.0,20.0,-20.0,0,-1,9,9
0.25,9,25,0,0,0,0,0,0,0.0,20.0,-20.0,0,-1,9,9
0.25,9,26,0,0,0,0,0,0,0.0,20.0,-20.0,0,-1,9,9
0.25,9,27,0,0,0,0,0,0,0.0,20.0,-20.0,0,-1,9,9
0.25,9,28,0,0,0,0,0,0,0.0,20.0,-20.0,0,-1,9,9
0.25,9,29,0,0,0,0,0,0,0.0,20.0,-20.0,0,-1,9,9
0.25,9,30,0,0,0,0,0,0,0.0,20.0,-20.0,0,-1,9,9
0.25,10,1,0,0,0,0,0,0,0.0,20.0,-20.0,0,-1,10,10
0.25,10,2,0,0,0,0,0,0,0.0,20.0,-20.0,0,-1,10,10
0.25,10,3,0,0,0,0,0,0,0.0,20.0,-20.0,0,-1,10,10
0.25,10,4,0,0,0,0,0,0,0.0,20.0,-20.0,0,-1,10,10
0.25,10,5,0,0,0,0,0,0,0.0,20.0,-20.0,0,-1,10,10
0.25,10,6,0,0,0,0,0,0,0.0,20.0,-20.0,0,-1,10,10
0.25,10,7,0,0,0,0,0,0,0.0,20.0,-20.0,0,-1,10,10
0.25,10,8,0,0,0,0,0,0,0.0,20.0,-20.0,0,-1,10,10
0.25,10,9,0,0,0,0,0,0,0.0,20.0,-20.0,0,-1,10,10
0.25,10,10,0,0,0,0,0,0,0.0,20.0,-20.0,0,-1,10,10
0.25,10,11,0,0,0,0,0,0,0.0,20.0,-20.0,0,-1,10,10
0.25,10,12,0,0,0,0,0,0,0.0,20.0,-20.0,0,-1,10,10
0.25,10,13,0,0,0,0,0,0,0.0,20.0,-20.0,0,-1,10,10
0.25,10,14,0,0,0,0,0,0,0.0,20.0,-20.0,0,-1,10,10
0.25,10,15,0,0,0,0,0,0,0.0,20.0,-20.0,0,-1,10,10
0.25,10,16,0,0,0,0,0,0,0.0,20.0,-20.0,0,-1,10,10
0.25,10,17,0,0,0,0,0,0,0.0,20.0,-20.0,0,-1,10,10
0.25,10,18,0,0,0,0,0,0,0.0,20.0,-20.0,0,-1,10,10
0.25,10,19,0,0,0,0,0,0,0.0,20.0,-20.0,0,-1,10,10
0.25,10,20,0,0,0,0,0,0,0.0,20.0,-20.0,0,-1,10,10
0.25,10,21,0,0,0,0,0,0,0.0,20.0,-20.0,0,-1,10,10
0.25,10,22,0,0,0,0,0,0,0.0,20.0,-20.0,0,-1,10,10
0.25,10,23,0,0,0,0,0,0,0.0,20.0,-20.0,0,-1,10,10
0.25,10,24,0,0,0,0,0,0,0.0,20.0,-20.0,0,-1,10,10
0.25,10,25,0,0,0,0,0,0,0.0,20.0,-20.0,0,-1,10,10
0.25,10,26,0,0,0,0,0,0,0.0,20.0,-20.0,0,-1,10,10
0.25,10,27,0,0,0,0,0,0,0.0,20.0,-20.0,0,-1,10,10
0.25,10,28,0,0,0,0,0,0,0.0,20.0,-20.0,0,-1,10,10
0.25,10,29,0,0,0,0,0,0,0.0,20.0,-20.0,0,-1,10,10
0.25,10,30,0,0,0,0,0,0,0.0,20.0,-20.0,0,-1,10,10
0.25,11,1,0,0,0,0,0,0,0.0,20.0,-20.0,0,-1,11,11
0.25,11,2,0,0,0,0,0,0,0.0,20.0,-20.0,0,-1,11,11
0.25,11,3,0,0,0,0,0,0,0.0,20.0,-20.0,0,-1,11,11
0.25,11,4,0,0,0,0,0,0,0.0,20.0,-20.0,0,-1,11,11
0.25,11,5,0,0,0,0,0,0,0.0,20.0,-20.0,0,-1,11,11
0.25,11,6,0,0,0,0,0,0,0.0,20.0,-20.0,0,-1,11,11
0.25,11,7,0,0,0,0,0,0,0.0,20.0,-20.0,0,-1,11,11
0.25,11,8,0,0,0,0,0,0,0.0,20.0,-20.0,0,-1,11,11
0.25,11,9,0,0,0,0,0,0,0.0,20.0,-20.0,0,-1,11,11
0.25,11,10,0,0,0,0,0,0,0.0,20.0,-20.0,0,-1,11,11
0.25,11,11,0,0,0,0,0,0,0.0,20.0,-20.0,0,-1,11,11
0.25,11,12,0,0,0,0,0,0,0.0,20.0,-20.0,0,-1,11,11
0.25,11,13,0,0,0,0,0,0,0.0,20.0,-20.0,0,-1,11,11
0.25,11,14,0,0,0,0,0,0,0.0,20.0,-20.0,0,-1,11,11
0.25,11,15,0,0,0,0,0,0,0.0,20.0,-20.0,0,-1,11,11
0.25,11,16,0,0,0,0,0,0,0.0,20.0,-20.0,0,-1,11,11
0.25,11,17,0,0,0,0,0,0,0.0,20.0,-20.0,0,-1,11,11
0.25,11,18,0,0,0,0,0,0,0.0,20.0,-20.0,0,-1,11,11
0.25,11,19,0,0,0,0,0,0,0.0,20.0,-20.0,0,-1,11,11
0.25,11,20,0,0,0,0,0,0,0.0,20.0,-20.0,0,-1,11,11
0.25,11,21,0,0,0,0,0,0,0.0,20.0,-20.0,0,-1,11,11
0.25,11,22,0,0,0,0,0,0,0.0,20.0,-20.0,0,-1,11,11
0.25,11,23,0,0,0,0,0,0,0.0,20.0,-20.0,0,-1,11,11
0.25,11,24,0,0,0,0,0,0,0.0,20.0,-20.0,0,-1,11,11
0.25,11,25,0,0,0,0,0,0,0.0,20.0,-20.0,0,-1,11,11
0.25,11,26,0,0,0,0,0,0,0.0,20.0,-20.0,0,-1,11,11
0.25,11,27,0,0,0,0,0,0,0.0,20.0,-20.0,0,-1,11,11
0.25,11,28,0,0,0,0,0,0,0.0,20.0,-20.0,0,-1,11,11
0.25,11,29,0,0,0,0,0,0,0.0,20.0,-20.0,0,-1,11,11
0.25,11,30,0,0,0,0,0,0,0.0,20.0,-20.0,0,-1,11,11
0.25,12,1,0,0,0,0,0,0,0.0,20.0,-20.0,0,-1,12,12
0.25,12,2,0,0,0,0,0,0,0.0,20.0,-20.0,0,-1,12,12
0.25,12,3,0,0,0,0,0,0,0.0,20.0,-20.0,0,-1,12,12
0.25,12,4,0,0,0,0,0,0,0.0,20.0,-20.0,0,-1,12,12
0.25,12,5,0,0,0,0,0,0,0.0,20.0,-20.0,0,-1,12,12
0.25,12,6,0,0,0,0,0,0,0.0,20.0,-20.0,0,-1,12,12
0.25,12,7,0,0,0,0,0,0,0.0,20.0,-20.0,0,-1,12,12
0.25,12,8,0,0,0,0,0,0,0.0,20.0,-20.0,0,-1,12,12
0.25,12,9,0,0,0,0,0,0,0.0,20.0,-20.0,0,-1,12,12
0.25,12,10,0,0,0,0,0,0,0.0,20.0,-20.0,0,-1,12,12
0.25,12,11,0,0,0,0,0,0,0.0,20.0,-20.0,0,-1,12,12
0.25,12,12,0,0,0,0,0,0,0.0,20.0,-20.0,0,-1,12,12
0.25,12,13,0,0,0,0,0,0,0.0,20.0,-20.0,0,-1,12,12
0.25,12,14,0,0,0,0,0,0,0.0,20.0,-20.0,0,-1,12,12
0.25,12,15,0,0,0,0,0,0,0.0,20.0,-20.0,0,-1,12,12
0.25,12,16,0,0,0,0,0,0,0.0,20.0,-20.0,0,-1,12,12
0.25,12,17,0,0,0,0,0,0,0.0,20.0,-20.0,0,-1,12,12
0.25,12,18,0,0,0,0,0,0,0.0,20.0,-20.0,0,-1,12,12
0.25,12,19,0,0,0,0,0,0,0.0,20.0,-20.0,0,-1,12,12
0.25,12,20,0,0,0,0,0,0,0.0,20.0,-20.0,0,-1,12,12
0.25,12,21,0,0,0,0,0,0,0.0,20.0,-20.0,0,-1,12,12
0.25,12,22,0,0,0,0,0,0,0.0,20.0,-20.0,0,-1,12,12
0.25,12,23,0,0,0,0,0,0,0.0,20.0,-20.0,0,-1,12,12
0.25,12,24,0,0,0,0,0,0,0.0,20.0,-20.0,0,-1,12,12
0.25,12,25,0,0,0,0,0,0,0.0,20.0,-20.0,0,-1,12,12
0.25,12,26,0,0,0,0,0,0,0.0,20.0,-20.0,0,-1,12,12
0.25,12,27,0,0,0,0,0,0,0.0,20.0,-20.0,0,-1,12,12
0.25,12,28,0,0,0,0,0,0,0.0,20.0,-20.0,0,-1,12,12
0.25,12,29,0,0,0,0,0,0,0.0,20.0,-20.0,0,-1,12,12
0.25,12,30,0,0,0,0,0,0,0.0,20.0,-20.0,0,-1,12,12
0.25,13,1,0,0,0,0,0,0,0.0,20.0,-20.0,0,-1,13,13
0.25,13,2,0,0,0,0,0,0,0.0,20.0,-20.0,0,-1,13,13
0.25,13,3,0,0,0,0,0,0,0.0,20.0,-20.0,0,-1,13,13
0.25,13,4,0,0,0,0,0,0,0.0,20.0,-20.0,0,-1,13,13
0.25,13,5,0,0,0,0,0,0,0.0,20.0,-20.0,0,-1,13,13
0.25,13,6,0,0,0,0,0,0,0.0,20.0,-20.0,0,-1,13,13
0.25,13,7,0,0,0,0,0,0,0.0,20.0,-20.0,0,-1,13,13
0.25,13,8,0,0,0,0,0,0,0.0,20.0,-20.0,0,-1,13,13
0.25,13,9,0,0,0,0,0,0,0.0,20.0,-20.0,0,-1,13,13
0.25,13,10,0,0,0,0,0,0,0.0,20.0,-20.0,0,-1,13,13
0.25,13,11,0,0,0,0,0,0,0.0,20.0,-20.0,0,-1,13,13
0.25,13,12,0,0,0,0,0,0,0.0,20.0,-20.0,0,-1,13,13
0.25,13,13,0,0,0,0,0,0,0.0,20.0,-20.0,0,-1,13,13
0.25,13,14,0,0,0,0,0,0,0.0,20.0,-20.0,0,-1,13,13
0.25,13,15,0,0,0,0,0,0,0.0,20.0,-20.0,0,-1,13,13
0.25,13,16,0,0,0,0,0,0,0.0,20.0,-20.0,0,-1,13,13
0.25,13,17,0,0,0,0,0,0,0.0,20.0,-20.0,0,-1,13,13
0.25,13,18,0,0,0,0,0,0,0.0,20.0,-20.0,0,-1,13,13
0.25,13,19,0,0,0,0,0,0,0.0,20.0,-20.0,0,-1,13,13
0.25,13,20,0,0,0,0,0,0,0.0,20.0,-20.0,0,-1,13,13
0.25,13,21,0,0,0,0,0,0,0.0,20.0,-20.0,0,-1,13,13
0.25,13,22,0,0,0,0,0,0,0.0,20.0,-20.0,0,-1,13,13
0.25,13,23,0,0,0,0,0,0,0.0,20.0,-20.0,0,-1,13,13
0.25,13,24,0,0,0,0,0,0,0.0,20.0,-20.0,0,-1,13,13
0.25,13,25,0,0,0,0,0,0,0.0,20.0,-20.0,0,-1,13,13
0.25,13,26,0,0,0,0,0,0,0.0,20.0,-20.0,0,-1,13,13
0.25,13,27,0,0,0,0,0,0,0.0,20.0,-20.0,0,-1,13,13
0.25,13,28,0,0,0,0,0,0,0.0,20.0,-20.0,0,-1,13,13
0.25,13,29,0,0,0,0,0,0,0.0,20.0,-20.0,0,-1,13,13
0.25,13,30,0,0,0,0,0,0,0.0,20.0,-20.0,0,-1,13,13
0.25,14,1,0,0,0,0,0,0,0.0,20.0,-20.0,0,-1,14,14
0.25,14,2,0,0,0,0,0,0,0.0,20.0,-20.0,0,-1,14,14
0.25,14,3,0,0,0,0,0,0,0.0,20.0,-20.0,0,-1,14,14
0.25,14,4,0,0,0,0,0,0,0.0,20.0,-20.0,0,-1,14,14
0.25,14,5,0,0,0,0,0,0,0.0,20.0,-20.0,0,-1,14,14
0.25,14,6,0,0,0,0,0,0,0.0,20.0,-20.0,0,-1,14,14
0.25,14,7,0,0,0,0,0,0,0.0,20.0,-20.0,0,-1,14,14
0.25,14,8,0,0,0,0,0,0,0.0,20.0,-20.0,0,-1,14,14
0.25,14,9,0,0,0,0,0,0,0.0,20.0,-20.0,0,-1,14,14
0.25,14,10,0,0,0,0,0,0,0.0,20.0,-20.0,0,-1,14,14
0.25,14,11,0,0,0,0,0,0,0.0,20.0,-20.0,0,-1,14,14
0.25,14,12,0,0,0,0,0,0,0.0,20.0,-20.0,0,-1,14,14
0.25,14,13,0,0,0,0,0,0,0.0,20.0,-20.0,0,-1,14,14
0.25,14,14,0,0,0,0,0,0,0.0,20.0,-20.0,0,-1,14,14
0.25,14,15,0,0,0,0,0,0,0.0,20.0,-20.0,0,-1,14,14
0.25,14,16,0,0,0,0,0,0,0.0,20.0,-20.0,0,-1,14,14
0.25,14,17,0,0,0,0,0,0,0.0,20.0,-20.0,0,-1,14,14
0.25,14,18,0,0,0,0,0,0,0.0,20.0,-20.0,0,-1,14,14
0.25,14,19,0,0,0,0,0,0,0.0,20.0,-20.0,0,-1,14,14
0.25,14,20,0,0,0,0,0,0,0.0,20.0,-20.0,0,-1,14,14
0.25,14,21,0,0,0,0,0,0,0.0,20.0,-20.0,0,-1,14,14
0.25,14,22,0,0,0,0,0,0,0.0,20.0,-20.0,0,-1,14,14
0.25,14,23,0,0,0,0,0,0,0.0,20.0,-20.0,0,-1,14,14
0.25,14,24,0,0,0,0,0,0,0.0,20.0,-20.0,0,-1,14,14
0.25,14,25,0,0,0,0,0,0,0.0,20.0,-20.0,0,-1,14,14
0.25,14,26,0,0,0,0,0,0,0.0,20.0,-20.0,0,-1,14,14
0.25,14,27,0,0,0,0,0,0,0.0,20.0,-20.0,0,-1,14,14
0.25,14,28,0,0,0,0,0,0,0.0,20.0,-20.0,0,-1,14,14
0.25,14,29,0,0,0,0,0,0,0.0,20.0,-20.0,0,-1,14,14
0.25,14,30,0,0,0,0,0,0,0.0,20.0,-20.0,0,-1,14,14
0.25,15,1,0,0,0,0,0,0,0.0,20.0,-20.0,0,-1,15,15
0.25,15,2,0,0,0,0,0,0,0.0,20.0,-20.0,0,-1,15,15
0.25,15,3,0,0,0,0,0,0,0.0,20.0,-20.0,0,-1,15,15
0.25,15,4,0,0,0,0,0,0,0.0,20.0,-20.0,0,-1,15,15
0.25,15,5,0,0,0,0,0,0,0.0,20.0,-20.0,0,-1,15,15
0.25,15,6,0,0,0,0,0,0,0.0,20.0,-20.0,0,-1,15,15
0.25,15,7,0,0,0,0,0,0,0.0,20.0,-20.0,0,-1,15,15
0.25,15,8,0,0,0,0,0,0,0.0,20.0,-20.0,0,-1,15,15
0.25,15,9,0,0,0,0,0,0,0.0,20.0,-20.0,0,-1,15,15
0.25,15,10,0,0,0,0,0,0,0.0,20.0,-20.0,0,-1,15,15
0.25,15,11,0,0,0,0,0,0,0.0,20.0,-20.0,0,-1,15,15
0.25,15,12,0,0,0,0,0,0,0.0,20.0,-20.0,0,-1,15,15
0.25,15,13,0,0,0,0,0,0,0.0,20.0,-20.0,0,-1,15,15
0.25,15,14,0,0,0,0,0,0,0.0,20.0,-20.0,0,-1,15,15
0.25,15,15,0,0,0,0,0,0,0.0,20.0,-20.0,0,-1,15,15
0.25,15,16,0,0,0,0,0,0,0.0,20.0,-20.0,0,-1,15,15
0.25,15,17,0,0,0,0,0,0,0.0,20.0,-20.0,0,-1,15,15
0.25,15,18,0,0,0,0,0,0,0.0,20.0,-20.0,0,-1,15,15
0.25,15,19,0,0,0,0,0,0,0.0,20.0,-20.0,0,-1,15,15
0.25,15,20,0,0,0,0,0,0,0.0,20.0,-20.0,0,-1,15,15
0.25,15,21,0,0,0,0,0,0,0.0,20.0,-20.0,0,-1,15,15
0.25,15,22,0,0,0,0,0,0,0.0,20.0,-20.0,0,-1,15,15
0.25,15,23,0,0,0,0,0,0,0.0,20.0,-20.0,0,-1,15,15
0.25,15,24,0,0,0,0,0,0,0.0,20.0,-20.0,0,-1,15,15
0.25,15,25,0,0,0,0,0,0,0.0,20.0,-20.0,0,-1,15,15
0.25,15,26,0,0,0,0,0,0,0.0,20.0,-20.0,0,-1,15,15
0.25,15,27,0,0,0,0,0,0,0.0,20.0,-20.0,0,-1,15,15
0.25,15,28,0,0,0,0,0,0,0.0,20.0,-20.0,0,-1,15,15
0.25,15,29,0,0,0,0,0,0,0.0,20.0,-20.0,0,-1,15,15
0.25,15,30,0,0,0,0,0,0,0.0,20.0,-20.0,0,-1,15,15
0.25,16,1,0,0,0,0,0,0,0.0,20.0,-20.0,0,-1,16,16
0.25,16,2,0,0,0,0,0,0,0.0,20.0,-20.0,0,-1,16,16
0.25,16,3,0,0,0,0,0,0,0.0,20.0,-20.0,0,-1,16,16
0.25,16,4,0,0,0,0,0,0,0.0,20.0,-20.0,0,-1,16,16
0.25,16,5,0,0,0,0,0,0,0.0,20.0,-20.0,0,-1,16,16
0.25,16,6,0,0,0,0,0,0,0.0,20.0,-20.0,0,-1,16,16
0.25,16,7,0,0,0,0,0,0,0.0,20.0,-20.0,0,-1,16,16
0.25,16,8,0,0,0,0,0,0,0.0,20.0,-20.0,0,-1,16,16
0.25,16,9,0,0,0,0,0,0,0.0,20.0,-20.0,0,-1,16,16
0.25,16,10,0,0,0,0,0,0,0.0,20.0,-20.0,0,-1,16,16
0.25,16,11,0,0,0,0,0,0,0.0,20.0,-20.0,0,-1,16,16
0.25,16,12,0,0,0,0,0,0,0.0,20.0,-20.0,0,-1,16,16
0.25,16,13,0,0,0,0,0,0,0.0,20.0,-20.0,0,-1,16,16
0.25,16,14,0,0,0,0,0,0,0.0,20.0,-20.0,0,-1,16,16
0.25,16,15,0,0,0,0,0,0,0.0,20.0,-20.0,0,-1,16,16
0.25,16,16,0,0,0,0,0,0,0.0,20.0,-20.0,0,-1,16,16
0.25,16,17,0,0,0,0,0,0,0.0,20.0,-20.0,0,-1,16,16
0.25,16,18,0,0,0,0,0,0,0.0,20.0,-20.0,0,-1,16,16
0.25,16,19,0,0,0,0,0,0,0.0,20.0,-20.0,0,-1,16,16
0.25,16,20,0,0,0,0,0,0,0.0,20.0,-20.0,0,-1,16,16
0.25,16,21,0,0,0,0,0,0,0.0,20.0,-20.0,0,-1,16,16
0.25,16,22,0,0,0,0,0,0,0.0,20.0,-20.0,0,-1,16,16
0.25,16,23,0,0,0,0,0,0,0.0,20.0,-20.0,0,-1,16,16
0.25,16,24,0,0,0,0,0,0,0.0,20.0,-20.0,0,-1,16,16
0.25,16,25,0,0,0,0,0,0,0.0,20.0,-20.0,0,-1,16,16
0.25,16,26,0,0,0,0,0,0,0.0,20.0,-20.0,0,-1,16,16
0.25,16,27,0,0,0,0,0,0,0.0,20.0,-20.0,0,-1,16,16
0.25,16,28,0,0,0,0,0,0,0.0,20.0,-20.0,0,-1,16,16
0.25,16,29,0,0,0,0,0,0,0.0,20.0,-20.0,0,-1,16,16
0.25,16,30,0,0,0,0,0,0,0.0,20.0,-20.0,0,-1,16,16
0.25,17,1,0,0,0,0,0,0,0.0,20.0,-20.0,0,-1,17,17
0.25,17,2,0,0,0,0,0,0,0.0,20.0,-20.0,0,-1,17,17
0.25,17,3,0,0,0,0,0,0,0.0,20.0,-20.0,0,-1,17,17
0.25,17,4,0,0,0,0,0,0,0.0,20.0,-20.0,0,-1,17,17
0.25,17,5,0,0,0,0,0,0,0.0,20.0,-20.0,0,-1,17,17
0.25,17,6,0,0,0,0,0,0,0.0,20.0,-20.0,0,-1,17,17
0.25,17,7,0,0,0,0,0,0,0.0,20.0,-20.0,0,-1,17,17
0.25,17,8,0,0,0,0,0,0,0.0,20.0,-20.0,0,-1,17,17
0.25,17,9,0,0,0,0,0,0,0.0,20.0,-20.0,0,-1,17,17
0.25,17,10,0,0,0,0,0,0,0.0,20.0,-20.0,0,-1,17,17
0.25,17,11,0,0,0,0,0,0,0.0,20.0,-20.0,0,-1,17,17
0.25,17,12,0,0,0,0,0,0,0.0,20.0,-20.0,0,-1,17,17
0.25,17,13,0,0,0,0,0,0,0.0,20.0,-20.0,0,-1,17,17
0.25,17,14,0,0,0,0,0,0,0.0,20.0,-20.0,0,-1,17,17
0.25,17,15,0,0,0,0,0,0,0.0,20.0,-20.0,0,-1,17,17
0.25,17,16,0,0,0,0,0,0,0.0,20.0,-20.0,0,-1,17,17
0.25,17,17,0,0,0,0,0,0,0.0,20.0,-20.0,0,-1,17,17
0.25,17,18,0,0,0,0,0,0,0.0,20.0,-20.0,0,-1,17,17
0.25,17,19,0,0,0,0,0,0,0.0,20.0,-20.0,0,-1,17,17
0.25,17,20,0,0,0,0,0,0,0.0,20.0,-20.0,0,-1,17,17
0.25,17,21,0,0,0,0,0,0,0.0,20.0,-20.0,0,-1,17,17
0.25,17,22,0,0,0,0,0,0,0.0,20.0,-20.0,0,-1,17,17
0.25,17,23,0,0,0,0,0,0,0.0,20.0,-20.0,0,-1,17,17
0.25,17,24,0,0,0,0,0,0,0.0,20.0,-20.0,0,-1,17,17
0.25,17,25,0,0,0,0,0,0,0.0,20.0,-20.0,0,-1,17,17
0.25,17,26,0,0,0,0,0,0,0.0,20.0,-20.0,0,-1,17,17
0.25,17,27,0,0,0,0,0,0,0.0,20.0,-20.0,0,-1,17,17
0.25,17,28,0,0,0,0,0,0,0.0,20.0,-20.0,0,-1,17,17
0.25,17,29,0,0,0,0,0,0,0.0,20.0,-20.0,0,-1,17,17
0.25,17,30,0,0,0,0,0,0,0.0,20.0,-20.0,0,-1,17,17
0.25,18,1,0,0,0,0,0,0,0.0,20.0,-20.0,0,-1,18,18
0.25,18,2,0,0,0,0,0,0,0.0,20.0,-20.0,0,-1,18,18
0.25,18,3,0,0,0,0,0,0,0.0,20.0,-20.0,0,-1,18,18
0.25,18,4,0,0,0,0,0,0,0.0,20.0,-20.0,0,-1,18,18
0.25,18,5,0,0,0,0,0,0,0.0,20.0,-20.0,0,-1,18,18
0.25,18,6,0,0,0,0,0,0,0.0,20.0,-20.0,0,-1,18,18
0.25,18,7,0,0,0,0,0,0,0.0,20.0,-20.0,0,-1,18,18
0.25,18,8,0,0,0,0,0,0,0.0,20.0,-20.0,0,-1,18,18
0.25,18,9,0,0,0,0,0,0,0.0,20.0,-20.0,0,-1,18,18
0.25,18,10,0,0,0,0,0,0,0.0,20.0,-20.0,0,-1,18,18
0.25,18,11,0,0,0,0,0,0,0.0,20.0,-20.0,0,-1,18,18
0.25,18,12,0,0,0,0,0,0,0.0,20.0,-20.0,0,-1,18,18
0.25,18,13,0,0,0,0,0,0,0.0,20.0,-20.0,0,-1,18,18
0.25,18,14,0,0,0,0,0,0,0.0,20.0,-20.0,0,-1,18,18
0.25,18,15,0,0,0,0,0,0,0.0,20.0,-20.0,0,-1,18,18
0.25,18,16,0,0,0,0,0,0,0.0,20.0,-20.0,0,-1,18,18
0.25,18,17,0,0,0,0,0,0,0.0,20.0,-20.0,0,-1,18,18
0.25,18,18,0,0,0,0,0,0,0.0,20.0,-20.0,0,-1,18,18
0.25,18,19,0,0,0,0,0,0,0.0,20.0,-20.0,0,-1,18,18
0.25,18,20,0,0,0,0,0,0,0.0,20.0,-20.0,0,-1,18,18
0.25,18,21,0,0,0,0,0,0,0.0,20.0,-20.0,0,-1,18,18
0.25,18,22,0,0,0,0,0,0,0.0,20.0,-20.0,0,-1,18,18
0.25,18,23,0,0,0,0,0,0,0.0,20.0,-20.0,0,-1,18,18
0.25,18,24,0,0,0,0,0,0,0.0,20.0,-20.0,0,-1,18,18
0.25,18,25,0,0,0,0,0,0,0.0,20.0,-20.0,0,-1,18,18
0.25,18,26,0,0,0,0,0,0,0.0,20.0,-20.0,0,-1,18,18
0.25,18,27,0,0,0,0,0,0,0.0,20.0,-20.0,0,-1,18,18
0.25,18,28,0,0,0,0,0,0,0.0,20.0,-20.0,0,-1,18,18
0.25,18,29,0,0,0,0,0,0,0.0,20.0,-20.0,0,-1,18,18
0.25,18,30,0,0,0,0,0,0,0.0,20.0,-20.0,0,-1,18,18
0.25,19,1,0,0,0,0,0,0,0.0,20.0,-20.0,0,-1,19,19
0.25,19,2,0,0,0,0,0,0,0.0,20.0,-20.0,0,-1,19,19
0.25,19,3,0,0,0,0,0,0,0.0,20.0,-20.0,0,-1,19,19
0.25,19,4,0,0,0,0,0,0,0.0,20.0,-20.0,0,-1,19,19
0.25,19,5,0,0,0,0,0,0,0.0,20.0,-20.0,0,-1,19,19
0.25,19,6,0,0,0,0,0,0,0.0,20.0,-20.0,0,-1,19,19
0.25,19,7,0,0,0,0,0,0,0.0,20.0,-20.0,0,-1,19,19
0.25,19,8,0,0,0,0,0,0,0.0,20.0,-20.0,0,-1,19,19
0.25,19,9,0,0,0,0,0,0,0.0,20.0,-20.0,0,-1,19,19
0.25,19,10,0,0,0,0,0,0,0.0,20.0,-20.0,0,-1,19,19
0.25,19,11,0,0,0,0,0,0,0.0,20.0,-20.0,0,-1,19,19
0.25,19,12,0,0,0,0,0,0,0.0,20.0,-20.0,0,-1,19,19
0.25,19,13,0,0,0,0,0,0,0.0,20.0,-20.0,0,-1,19,19
0.25,19,14,0,0,0,0,0,0,0.0,20.0,-20.0,0,-1,19,19
0.25,19,15,0,0,0,0,0,0,0.0,20.0,-20.0,0,-1,19,19
0.25,19,16,0,0,0,0,0,0,0.0,20.0,-20.0,0,-1,19,19
0.25,19,17,0,0,0,0,0,0,0.0,20.0,-20.0,0,-1,19,19
0.25,19,18,0,0,0,0,0,0,0.0,20.0,-20.0,0,-1,19,19
0.25,19,19,0,0,0,0,0,0,0.0,20.0,-20.0,0,-1,19,19
0.25,19,20,0,0,0,0,0,0,0.0,20.0,-20.0,0,-1,19,19
0.25,19,21,0,0,0,0,0,0,0.0,20.0,-20.0,0,-1,19,19
0.25,19,22,0,0,0,0,0,0,0.0,20.0,-20.0,0,-1,19,19
0.25,19,23,0,0,0,0,0,0,0.0,20.0,-20.0,0,-1,19,19
0.25,19,24,0,0,0,0,0,0,0.0,20.0,-20.0,0,-1,19,19
0.25,19,25,0,0,0,0,0,0,0.0,20.0,-20.0,0,-1,19,19
0.25,19,26,0,0,0,0,0,0,0.0,20.0,-20.0,0,-1,19,19
0.25,19,27,0,0,0,0,0,0,0.0,20.0,-20.0,0,-1,19,19
0.25,19,28,0,0,0,0,0,0,0.0,20.0,-20.0,0,-1,19,19
0.25,19,29,0,0,0,0,0,0,0.0,20.0,-20.0,0,-1,19,19
0.25,19,30,0,0,0,0,0,0,0.0,20.0,-20.0,0,-1,19,19
0.25,20,1,0,0,0,0,0,0,0.0,20.0,-20.0,0,-1,20,20
0.25,20,2,0,0,0,0,0,0,0.0,20.0,-20.0,0,-1,20,20
0.25,20,3,0,0,0,0,0,0,0.0,20.0,-20.0,0,-1,20,20
0.25,20,4,0,0,0,0,0,0,0.0,20.0,-20.0,0,-1,20,20
0.25,20,5,0,0,0,0,0,0,0.0,20.0,-20.0,0,-1,20,20
0.25,20,6,0,0,0,0,0,0,0.0,20.0,-20.0,0,-1,20,20
0.25,20,7,0,0,0,0,0,0,0.0,20.0,-20.0,0,-1,20,20
0.25,20,8,0,0,0,0,0,0,0.0,20.0,-20.0,0,-1,20,20
0.25,20,9,0,0,0,0,0,0,0.0,20.0,-20.0,0,-1,20,20
0.25,20,10,0,0,0,0,0,0,0.0,20.0,-20.0,0,-1,20,20
0.25,20,11,0,0,0,0,0,0,0.0,20.0,-20.0,0,-1,20,20
0.25,20,12,0,0,0,0,0,0,0.0,20.0,-20.0,0,-1,20,20
0.25,20,13,0,0,0,0,0,0,0.0,20.0,-20.0,0,-1,20,20
0.25,20,14,0,0,0,0,0,0,0.0,20.0,-20.0,0,-1,20,20
0.25,20,15,0,0,0,0,0,0,0.0,20.0,-20.0,0,-1,20,20
0.25,20,16,0,0,0,0,0,0,0.0,20.0,-20.0,0,-1,20,20
0.25,20,17,0,0,0,0,0,0,0.0,20.0,-20.0,0,-1,20,20
0.25,20,18,0,0,0,0,0,0,0.0,20.0,-20.0,0,-1,20,20
0.25,20,19,0,0,0,0,0,0,0.0,20.0,-20.0,0,-1,20,20
0.25,20,20,0,0,0,0,0,0,0.0,20.0,-20.0,0,-1,20,20
0.25,20,21,0,0,0,0,0,0,0.0,20.0,-20.0,0,-1,20,20
0.25,20,22,0,0,0,0,0,0,0.0,20.0,-20.0,0,-1,20,20
0.25,20,23,0,0,0,0,0,0,0.0,20.0,-20.0,0,-1,20,20
0.25,20,24,0,0,0,0,0,0,0.0,20.0,-20.0,0,-1,20,20
0.25,20,25,0,0,0,0,0,0,0.0,20.0,-20.0,0,-1,20,20
0.25,20,26,0,0,0,0,0,0,0.0,20.0,-20.0,0,-1,20,20
0.25,20,27,0,0,0,0,0,0,0.0,20.0,-20.0,0,-1,20,20
0.25,20,28,0,0,0,0,0,0,0.0,20.0,-20.0,0,-1,20,20
0.25,20,29,0,0,0,0,0,0,0.0,20.0,-20.0,0,-1,20,20
0.25,20,30,0,0,0,0,0,0,0.0,20.0,-20.0,0,-1,20,20
0.25,21,1,0,0,0,0,0,0,0.0,20.0,-20.0,0,-1,21,21
0.25,21,2,0,0,0,0,0,0,0.0,20.0,-20.0,0,-1,21,21
0.25,21,3,0,0,0,0,0,0,0.0,20.0,-20.0,0,-1,21,21
0.25,21,4,0,0,0,0,0,0,0.0,20.0,-20.0,0,-1,21,21
0.25,21,5,0,0,0,0,0,0,0.0,20.0,-20.0,0,-1,21,21
0.25,21,6,0,0,0,0,0,0,0.0,20.0,-20.0,0,-1,21,21
0.25,21,7,0,0,0,0,0,0,0.0,20.0,-20.0,0,-1,21,21
0.25,21,8,0,0,0,0,0,0,0.0,20.0,-20.0,0,-1,21,21
0.25,21,9,0,0,0,0,0,0,0.0,20.0,-20.0,0,-1,21,21
0.25,21,10,0,0,0,0,0,0,0.0,20.0,-20.0,0,-1,21,21
0.25,21,11,0,0,0,0,0,0,0.0,20.0,-20.0,0,-1,21,21
0.25,21,12,0,0,0,0,0,0,0.0,20.0,-20.0,0,-1,21,21
0.25,21,13,0,0,0,0,0,0,0.0,20.0,-20.0,0,-1,21,21
0.25,21,14,0,0,0,0,0,0,0.0,20.0,-20.0,0,-1,21,21
0.25,21,15,0,0,0,0,0,0,0.0,20.0,-20.0,0,-1,21,21
0.25,21,16,0,0,0,0,0,0,0.0,20.0,-20.0,0,-1,21,21
0.25,21,17,0,0,0,0,0,0,0.0,20.0,-20.0,0,-1,21,21
0.25,21,18,0,0,0,0,0,0,0.0,20.0,-20.0,0,-1,21,21
0.25,21,19,0,0,0,0,0,0,0.0,20.0,-20.0,0,-1,21,21
0.25,21,20,0,0,0,0,0,0,0.0,20.0,-20.0,0,-1,21,21
0.25,21,21,0,0,0,0,0,0,0.0,20.0,-20.0,0,-1,21,21
0.25,21,22,0,0,0,0,0,0,0.0,20.0,-20.0,0,-1,21,21
0.25,21,23,0,0,0,0,0,0,0.0,20.0,-20.0,0,-1,21,21
0.25,21,24,0,0,0,0,0,0,0.0,20.0,-20.0,0,-1,21,21
0.25,21,25,0,0,0,0,0,0,0.0,20.0,-20.0,0,-1,21,21
0.25,21,26,0,0,0,0,0,0,0.0,20.0,-20.0,0,-1,21,21
0.25,21,27,0,0,0,0,0,0,0.0,20.0,-20.0,0,-1,21,21
0.25,21,28,0,0,0,0,0,0,0.0,20.0,-20.0,0,-1,21,21
0.25,21,29,0,0,0,0,0,0,0.0,20.0,-20.0,0,-1,21,21
0.25,21,30,0,0,0,0,0,0,0.0,20.0,-20.0,0,-1,21,21
0.25,22,1,0,0,0,0,0,0,0.0,20.0,-20.0,0,-1,22,22
0.25,22,2,0,0,0,0,0,0,0.0,20.0,-20.0,0,-1,22,22
0.25,22,3,0,0,0,0,0,0,0.0,20.0,-20.0,0,-1,22,22
0.25,22,4,0,0,0,0,0,0,0.0,20.0,-20.0,0,-1,22,22
0.25,22,5,0,0,0,0,0,0,0.0,20.0,-20.0,0,-1,22,22
0.25,22,6,0,0,0,0,0,0,0.0,20.0,-20.0,0,-1,22,22
0.25,22,7,0,0,0,0,0,0,0.0,20.0,-20.0,0,-1,22,22
0.25,22,8,0,0,0,0,0,0,0.0,20.0,-20.0,0,-1,22,22
0.25,22,9,0,0,0,0,0,0,0.0,20.0,-20.0,0,-1,22,22
0.25,22,10,0,0,0,0,0,0,0.0,20.0,-20.0,0,-1,22,22
0.25,22,11,0,0,0,0,0,0,0.0,20.0,-20.0,0,-1,22,22
0.25,22,12,0,0,0,0,0,0,0.0,20.0,-20.0,0,-1,22,22
0.25,22,13,0,0,0,0,0,0,0.0,20.0,-20.0,0,-1,22,22
0.25,22,14,0,0,0,0,0,0,0.0,20.0,-20.0,0,-1,22,22
0.25,22,15,0,0,0,0,0,0,0.0,20.0,-20.0,0,-1,22,22
0.25,22,16,0,0,0,0,0,0,0.0,20.0,-20.0,0,-1,22,22
0.25,22,17,0,0,0,0,0,0,0.0,20.0,-20.0,0,-1,22,22
0.25,22,18,0,0,0,0,0,0,0.0,20.0,-20.0,0,-1,22,22
0.25,22,19,0,0,0,0,0,0,0.0,20.0,-20.0,0,-1,22,22
0.25,22,20,0,0,0,0,0,0,0.0,20.0,-20.0,0,-1,22,22
0.25,22,21,0,0,0,0,0,0,0.0,20.0,-20.0,0,-1,22,22
0.25,22,22,0,0,0,0,0,0,0.0,20.0,-20.0,0,-1,22,22
0.25,22,23,0,0,0,0,0,0,0.0,20.0,-20.0,0,-1,22,22
0.25,22,24,0,0,0,0,0,0,0.0,20.0,-20.0,0,-1,22,22
0.25,22,25,0,0,0,0,0,0,0.0,20.0,-20.0,0,-1,22,22
0.25,22,26,0,0,0,0,0,0,0.0,20.0,-20.0,0,-1,22,22
0.25,22,27,0,0,0,0,0,0,0.0,20.0,-20.0,0,-1,22,22
0.25,22,28,0,0,0,0,0,0,0.0,20.0,-20.0,0,-1,22,22
0.25,22,29,0,0,0,0,0,0,0.0,20.0,-20.0,0,-1,22,22
0.25,22,30,0,0,0,0,0,0,0.0,20.0,-20.0,0,-1,22,22
0.25,23,1,0,0,0,0,0,0,0.0,20.0,-20.0,0,-1,23,23
0.25,23,2,0,0,0,0,0,0,0.0,20.0,-20.0,0,-1,23,23
0.25,23,3,0,0,0,0,0,0,0.0,20.0,-20.0,0,-1,23,23
0.25,23,4,0,0,0,0,0,0,0.0,20.0,-20.0,0,-1,23,23
0.25,23,5,0,0,0,0,0,0,0.0,20.0,-20.0,0,-1,23,23
0.25,23,6,0,0,0,0,0,0,0.0,20.0,-20.0,0,-1,23,23
0.25,23,7,0,0,0,0,0,0,0.0,20.0,-20.0,0,-1,23,23
0.25,23,8,0,0,0,0,0,0,0.0,20.0,-20.0,0,-1,23,23
0.25,23,9,0,0,0,0,0,0,0.0,20.0,-20.0,0,-1,23,23
0.25,23,10,0,0,0,0,0,0,0.0,20.0,-20.0,0,-1,23,23
0.25,23,11,0,0,0,0,0,0,0.0,20.0,-20.0,0,-1,23,23
0.25,23,12,0,0,0,0,0,0,0.0,20.0,-20.0,0,-1,23,23
0.25,23,13,0,0,0,0,0,0,0.0,20.0,-20.0,0,-1,23,23
0.25,23,14,0,0,0,0,0,0,0.0,20.0,-20.0,0,-1,23,23
0.25,23,15,0,0,0,0,0,0,0.0,20.0,-20.0,0,-1,23,23
0.25,23,16,0,0,0,0,0,0,0.0,20.0,-20.0,0,-1,23,23
0.25,23,17,0,0,0,0,0,0,0.0,20.0,-20.0,0,-1,23,23
0.25,23,18,0,0,0,0,0,0,0.0,20.0,-20.0,0,-1,23,23
0.25,23,19,0,0,0,0,0,0,0.0,20.0,-20.0,0,-1,23,23
0.25,23,20,0,0,0,0,0,0,0.0,20.0,-20.0,0,-1,23,23
0.25,23,21,0,0,0,0,0,0,0.0,20.0,-20.0,0,-1,23,23
0.25,23,22,0,0,0,0,0,0,0.0,20.0,-20.0,0,-1,23,23
0.25,23,23,0,0,0,0,0,0,0.0,20.0,-20.0,0,-1,23,23
0.25,23,24,0,0,0,0,0,0,0.0,20.0,-20.0,0,-1,23,23
0.25,23,25,0,0,0,0,0,0,0.0,20.0,-20.0,0,-1,23,23
0.25,23,26,0,0,0,0,0,0,0.0,20.0,-20.0,0,-1,23,23
0.25,23,27,0,0,0,0,0,0,0.0,20.0,-20.0,0,-1,23,23
0.25,23,28,0,0,0,0,0,0,0.0,20.0,-20.0,0,-1,23,23
0.25,23,29,0,0,0,0,0,0,0.0,20.0,-20.0,0,-1,23,23
0.25,23,30,0,0,0,0,0,0,0.0,20.0,-20.0,0,-1,23,23
0.25,24,1,0,0,0,0,0,0,0.0,20.0,-20.0,0,-1,24,24
0.25,24,2,0,0,0,0,0,0,0.0,20.0,-20.0,0,-1,24,24
0.25,24,3,0,0,0,0,0,0,0.0,20.0,-20.0,0,-1,24,24
0.25,24,4,0,0,0,0,0,0,0.0,20.0,-20.0,0,-1,24,24
0.25,24,5,0,0,0,0,0,0,0.0,20.0,-20.0,0,-1,24,24
0.25,24,6,0,0,0,0,0,0,0.0,20.0,-20.0,0,-1,24,24
0.25,24,7,0,0,0,0,0,0,0.0,20.0,-20.0,0,-1,24,24
0.25,24,8,0,0,0,0,0,0,0.0,20.0,-20.0,0,-1,24,24
0.25,24,9,0,0,0,0,0,0,0.0,20.0,-20.0,0,-1,24,24
0.25,24,10,0,0,0,0,0,0,0.0,20.0,-20.0,0,-1,24,24
0.25,24,11,0,0,0,0,0,0,0.0,20.0,-20.0,0,-1,24,24
0.25,24,12,0,0,0,0,0,0,0.0,20.0,-20.0,0,-1,24,24
0.25,24,13,0,0,0,0,0,0,0.0,20.0,-20.0,0,-1,24,24
0.25,24,14,0,0,0,0,0,0,0.0,20.0,-20.0,0,-1,24,24
0.25,24,15,0,0,0,0,0,0,0.0,20.0,-20.0,0,-1,24,24
0.25,24,16,0,0,0,0,0,0,0.0,20.0,-20.0,0,-1,24,24
0.25,24,17,0,0,0,0,0,0,0.0,20.0,-20.0,0,-1,24,24
0.25,24,18,0,0,0,0,0,0,0.0,20.0,-20.0,0,-1,24,24
0.25,24,19,0,0,0,0,0,0,0.0,20.0,-20.0,0,-1,24,24
0.25,24,20,0,0,0,0,0,0,0.0,20.0,-20.0,0,-1,24,24
0.25,24,21,0,0,0,0,0,0,0.0,20.0,-20.0,0,-1,24,24
0.25,24,22,0,0,0,0,0,0,0.0,20.0,-20.0,0,-1,24,24
0.25,24,23,0,0,0,0,0,0,0.0,20.0,-20.0,0,-1,24,24
0.25,24,24,0,0,0,0,0,0,0.0,20.0,-20.0,0,-1,24,24
0.25,24,25,0,0,0,0,0,0,0.0,20.0,-20.0,0,-1,24,24
0.25,24,26,0,0,0,0,0,0,0.0,20.0,-20.0,0,-1,24,24
0.25,24,27,0,0,0,0,0,0,0.0,20.0,-20.0,0,-1,24,24
0.25,24,28,0,0,0,0,0,0,0.0,20.0,-20.0,0,-1,24,24
0.25,24,29,0,0,0,0,0,0,0.0,20.0,-20.0,0,-1,24,24
0.25,24,30,0,0,0,0,0,0,0.0,20.0,-20.0,0,-1,24,24
0.25,25,1,0,0,0,0,0,0,0.0,20.0,-20.0,0,-1,25,25
0.25,25,2,0,0,0,0,0,0,0.0,20.0,-20.0,0,-1,25,25
0.25,25,3,0,0,0,0,0,0,0.0,20.0,-20.0,0,-1,25,25
0.25,25,4,0,0,0,0,0,0,0.0,20.0,-20.0,0,-1,25,25
0.25,25,5,0,0,0,0,0,0,0.0,20.0,-20.0,0,-1,25,25
0.25,25,6,0,0,0,0,0,0,0.0,20.0,-20.0,0,-1,25,25
0.25,25,7,0,0,0,0,0,0,0.0,20.0,-20.0,0,-1,25,25
0.25,25,8,0,0,0,0,0,0,0.0,20.0,-20.0,0,-1,25,25
0.25,25,9,0,0,0,0,0,0,0.0,20.0,-20.0,0,-1,25,25
0.25,25,10,0,0,0,0,0,0,0.0,20.0,-20.0,0,-1,25,25
0.25,25,11,0,0,0,0,0,0,0.0,20.0,-20.0,0,-1,25,25
0.25,25,12,0,0,0,0,0,0,0.0,20.0,-20.0,0,-1,25,25
0.25,25,13,0,0,0,0,0,0,0.0,20.0,-20.0,0,-1,25,25
0.25,25,14,0,0,0,0,0,0,0.0,20.0,-20.0,0,-1,25,25
0.25,25,15,0,0,0,0,0,0,0.0,20.0,-20.0,0,-1,25,25
0.25,25,16,0,0,0,0,0,0,0.0,20.0,-20.0,0,-1,25,25
0.25,25,17,0,0,0,0,0,0,0.0,20.0,-20.0,0,-1,25,25
0.25,25,18,0,0,0,0,0,0,0.0,20.0,-20.0,0,-1,25,25
0.25,25,19,0,0,0,0,0,0,0.0,20.0,-20.0,0,-1,25,25
0.25,25,20,0,0,0,0,0,0,0.0,20.0,-20.0,0,-1,25,25
0.25,25,21,0,0,0,0,0,0,0.0,20.0,-20.0,0,-1,25,25
0.25,25,22,0,0,0,0,0,0,0.0,20.0,-20.0,0,-1,25,25
0.25,25,23,0,0,0,0,0,0,0.0,20.0,-20.0,0,-1,25,25
0.25,25,24,0,0,0,0,0,0,0.0,20.0,-20.0,0,-1,25,25
0.25,25,25,0,0,0,0,0,0,0.0,20.0,-20.0,0,-1,25,25
0.25,25,26,0,0,0,0,0,0,0.0,20.0,-20.0,0,-1,25,25
0.25,25,27,0,0,0,0,0,0,0.0,20.0,-20.0,0,-1,25,25
0.25,25,28,0,0,0,0,0,0,0.0,20.0,-20.0,0,-1,25,25
0.25,25,29,0,0,0,0,0,0,0.0,20.0,-20.0,0,-1,25,25
0.25,25,30,0,0,0,0,0,0,0.0,20.0,-20.0,0,-1,25,25
0.25,26,1,0,0,0,0,0,0,0.0,20.0,-20.0,0,-1,26,26
0.25,26,2,0,0,0,0,0,0,0.0,20.0,-20.0,0,-1,26,26
0.25,26,3,0,0,0,0,0,0,0.0,20.0,-20.0,0,-1,26,26
0.25,26,4,0,0,0,0,0,0,0.0,20.0,-20.0,0,-1,26,26
0.25,26,5,0,0,0,0,0,0,0.0,20.0,-20.0,0,-1,26,26
0.25,26,6,0,0,0,0,0,0,0.0,20.0,-20.0,0,-1,26,26
0.25,26,7,0,0,0,0,0,0,0.0,20.0,-20.0,0,-1,26,26
0.25,26,8,0,0,0,0,0,0,0.0,20.0,-20.0,0,-1,26,26
0.25,26,9,0,0,0,0,0,0,0.0,20.0,-20.0,0,-1,26,26
0.25,26,10,0,0,0,0,0,0,0.0,20.0,-20.0,0,-1,26,26
0.25,26,11,0,0,0,0,0,0,0.0,20.0,-20.0,0,-1,26,26
0.25,26,12,0,0,0,0,0,0,0.0,20.0,-20.0,0,-1,26,26
0.25,26,13,0,0,0,0,0,0,0.0,20.0,-20.0,0,-1,26,26
0.25,26,14,0,0,0,0,0,0,0.0,20.0,-20.0,0,-1,26,26
0.25,26,15,0,0,0,0,0,0,0.0,20.0,-20.0,0,-1,26,26
0.25,26,16,0,0,0,0,0,0,0.0,20.0,-20.0,0,-1,26,26
0.25,26,17,0,0,0,0,0,0,0.0,20.0,-20.0,0,-1,26,26
0.25,26,18,0,0,0,0,0,0,0.0,20.0,-20.0,0,-1,26,26
0.25,26,19,0,0,0,0,0,0,0.0,20.0,-20.0,0,-1,26,26
0.25,26,20,0,0,0,0,0,0,0.0,20.0,-20.0,0,-1,26,26
0.25,26,21,0,0,0,0,0,0,0.0,20.0,-20.0,0,-1,26,26
0.25,26,22,0,0,0,0,0,0,0.0,20.0,-20.0,0,-1,26,26
0.25,26,23,0,0,0,0,0,0,0.0,20.0,-20.0,0,-1,26,26
0.25,26,24,0,0,0,0,0,0,0.0,20.0,-20.0,0,-1,26,26
0.25,26,25,0,0,0,0,0,0,0.0,20.0,-20.0,0,-1,26,26
0.25,26,26,0,0,0,0,0,0,0.0,20.0,-20.0,0,-1,26,26
0.25,26,27,0,0,0,0,0,0,0.0,20.0,-20.0,0,-1,26,26
0.25,26,28,0,0,0,0,0,0,0.0,20.0,-20.0,0,-1,26,26
0.25,26,29,0,0,0,0,0,0,0.0,20.0,-20.0,0,-1,26,26
0.25,26,30,0,0,0,0,0,0,0.0,20.0,-20.0,0,-1,26,26
0.25,27,1,0,0,0,0,0,0,0.0,20.0,-20.0,0,-1,27,27
0.25,27,2,0,0,0,0,0,0,0.0,20.0,-20.0,0,-1,27,27
0.25,27,3,0,0,0,0,0,0,0.0,20.0,-20.0,0,-1,27,27
0.25,27,4,0,0,0,0,0,0,0.0,20.0,-20.0,0,-1,27,27
0.25,27,5,0,0,0,0,0,0,0.0,20.0,-20.0,0,-1,27,27
0.25,27,6,0,0,0,0,0,0,0.0,20.0,-20.0,0,-1,27,27
0.25,27,7,0,0,0,0,0,0,0.0,20.0,-20.0,0,-1,27,27
0.25,27,8,0,0,0,0,0,0,0.0,20.0,-20.0,0,-1,27,27
0.25,27,9,0,0,0,0,0,0,0.0,20.0,-20.0,0,-1,27,27
0.25,27,10,0,0,0,0,0,0,0.0,20.0,-20.0,0,-1,27,27
0.25,27,11,0,0,0,0,0,0,0.0,20.0,-20.0,0,-1,27,27
0.25,27,12,0,0,0,0,0,0,0.0,20.0,-20.0,0,-1,27,27
0.25,27,13,0,0,0,0,0,0,0.0,20.0,-20.0,0,-1,27,27
0.25,27,14,0,0,0,0,0,0,0.0,20.0,-20.0,0,-1,27,27
0.25,27,15,0,0,0,0,0,0,0.0,20.0,-20.0,0,-1,27,27
0.25,27,16,0,0,0,0,0,0,0.0,20.0,-20.0,0,-1,27,27
0.25,27,17,0,0,0,0,0,0,0.0,20.0,-20.0,0,-1,27,27
0.25,27,18,0,0,0,0,0,0,0.0,20.0,-20.0,0,-1,27,27
0.25,27,19,0,0,0,0,0,0,0.0,20.0,-20.0,0,-1,27,27
0.25,27,20,0,0,0,0,0,0,0.0,20.0,-20.0,0,-1,27,27
0.25,27,21,0,0,0,0,0,0,0.0,20.0,-20.0,0,-1,27,27
0.25,27,22,0,0,0,0,0,0,0.0,20.0,-20.0,0,-1,27,27
0.25,27,23,0,0,0,0,0,0,0.0,20.0,-20.0,0,-1,27,27
0.25,27,24,0,0,0,0,0,0,0.0,20.0,-20.0,0,-1,27,27
0.25,27,25,0,0,0,0,0,0,0.0,20.0,-20.0,0,-1,27,27
0.25,27,26,0,0,0,0,0,0,0.0,20.0,-20.0,0,-1,27,27
0.25,27,27,0,0,0,0,0,0,0.0,20.0,-20.0,0,-1,27,27
0.25,27,28,0,0,0,0,0,0,0.0,20.0,-20.0,0,-1,27,27
0.25,27,29,0,0,0,0,0,0,0.0,20.0,-20.0,0,-1,27,27
0.25,27,30,0,0,0,0,0,0,0.0,20.0,-20.0,0,-1,27,27
0.25,28,1,0,0,0,0,0,0,0.0,20.0,-20.0,0,-1,28,28
0.25,28,2,0,0,0,0,0,0,0.0,20.0,-20.0,0,-1,28,28
0.25,28,3,0,0,0,0,0,0,0.0,20.0,-20.0,0,-1,28,28
0.25,28,4,0,0,0,0,0,0,0.0,20.0,-20.0,0,-1,28,28
0.25,28,5,0,0,0,0,0,0,0.0,20.0,-20.0,0,-1,28,28
0.25,28,6,0,0,0,0,0,0,0.0,20.0,-20.0,0,-1,28,28
0.25,28,7,0,0,0,0,0,0,0.0,20.0,-20.0,0,-1,28,28
0.25,28,8,0,0,0,0,0,0,0.0,20.0,-20.0,0,-1,28,28
0.25,28,9,0,0,0,0,0,0,0.0,20.0,-20.0,0,-1,28,28
0.25,28,10,0,0,0,0,0,0,0.0,20.0,-20.0,0,-1,28,28
0.25,28,11,0,0,0,0,0,0,0.0,20.0,-20.0,0,-1,28,28
0.25,28,12,0,0,0,0,0,0,0.0,20.0,-20.0,0,-1,28,28
0.25,28,13,0,0,0,0,0,0,0.0,20.0,-20.0,0,-1,28,28
0.25,28,14,0,0,0,0,0,0,0.0,20.0,-20.0,0,-1,28,28
0.25,28,15,0,0,0,0,0,0,0.0,20.0,-20.0,0,-1,28,28
0.25,28,16,0,0,0,0,0,0,0.0,20.0,-20.0,0,-1,28,28
0.25,28,17,0,0,0,0,0,0,0.0,20.0,-20.0,0,-1,28,28
0.25,28,18,0,0,0,0,0,0,0.0,20.0,-20.0,0,-1,28,28
0.25,28,19,0,0,0,0,0,0,0.0,20.0,-20.0,0,-1,28,28
0.25,28,20,0,0,0,0,0,0,0.0,20.0,-20.0,0,-1,28,28
0.25,28,21,0,0,0,0,0,0,0.0,20.0,-20.0,0,-1,28,28
0.25,28,22,0,0,0,0,0,0,0.0,20.0,-20.0,0,-1,28,28
0.25,28,23,0,0,0,0,0,0,0.0,20.0,-20.0,0,-1,28,28
0.25,28,24,0,0,0,0,0,0,0.0,20.0,-20.0,0,-1,28,28
0.25,28,25,0,0,0,0,0,0,0.0,20.0,-20.0,0,-1,28,28
0.25,28,26,0,0,0,0,0,0,0.0,20.0,-20.0,0,-1,28,28
0.25,28,27,0,0,0,0,0,0,0.0,20.0,-20.0,0,-1,28,28
0.25,28,28,0,0,0,0,0,0,0.0,20.0,-20.0,0,-1,28,28
0.25,28,29,0,0,0,0,0,0,0.0,20.0,-20.0,0,-1,28,28
0.25,28,30,0,0,0,0,0,0,0.0,20.0,-20.0,0,-1,28,28
0.25,29,1,0,0,0,0,0,0,0.0,20.0,-20.0,0,-1,29,29
0.25,29,2,0,0,0,0,0,0,0.0,20.0,-20.0,0,-1,29,29
0.25,29,3,0,0,0,0,0,0,0.0,20.0,-20.0,0,-1,29,29
0.25,29,4,0,0,0,0,0,0,0.0,20.0,-20.0,0,-1,29,29
0.25,29,5,0,0,0,0,0,0,0.0,20.0,-20.0,0,-1,29,29
0.25,29,6,0,0,0,0,0,0,0.0,20.0,-20.0,0,-1,29,29
0.25,29,7,0,0,0,0,0,0,0.0,20.0,-20.0,0,-1,29,29
0.25,29,8,0,0,0,0,0,0,0.0,20.0,-20.0,0,-1,29,29
0.25,29,9,0,0,0,0,0,0,0.0,20.0,-20.0,0,-1,29,29
0.25,29,10,0,0,0,0,0,0,0.0,20.0,-20.0,0,-1,29,29
0.25,29,11,0,0,0,0,0,0,0.0,20.0,-20.0,0,-1,29,29
0.25,29,12,0,0,0,0,0,0,0.0,20.0,-20.0,0,-1,29,29
0.25,29,13,0,0,0,0,0,0,0.0,20.0,-20.0,0,-1,29,29
0.25,29,14,0,0,0,0,0,0,0.0,20.0,-20.0,0,-1,29,29
0.25,29,15,0,0,0,0,0,0,0.0,20.0,-20.0,0,-1,29,29
0.25,29,16,0,0,0,0,0,0,0.0,20.0,-20.0,0,-1,29,29
0.25,29,17,0,0,0,0,0,0,0.0,20.0,-20.0,0,-1,29,29
0.25,29,18,0,0,0,0,0,0,0.0,20.0,-20.0,0,-1,29,29
0.25,29,19,0,0,0,0,0,0,0.0,20.0,-20.0,0,-1,29,29
0.25,29,20,0,0,0,0,0,0,0.0,20.0,-20.0,0,-1,29,29
0.25,29,21,0,0,0,0,0,0,0.0,20.0,-20.0,0,-1,29,29
0.25,29,22,0,0,0,0,0,0,0.0,20.0,-20.0,0,-1,29,29
0.25,29,23,0,0,0,0,0,0,0.0,20.0,-20.0,0,-1,29,29
0.25,29,24,0,0,0,0,0,0,0.0,20.0,-20.0,0,-1,29,29
0.25,29,25,0,0,0,0,0,0,0.0,20.0,-20.0,0,-1,29,29
0.25,29,26,0,0,0,0,0,0,0.0,20.0,-20.0,0,-1,29,29
0.25,29,27,0,0,0,0,0,0,0.0,20.0,-20.0,0,-1,29,29
0.25,29,28,0,0,0,0,0,0,0.0,20.0,-20.0,0,-1,29,29
0.25,29,29,0,0,0,0,0,0,0.0,20.0,-20.0,0,-1,29,29
0.25,29,30,0,0,0,0,0,0,0.0,20.0,-20.0,0,-1,29,29
0.25,30,1,0,0,0,0,0,0,0.0,20.0,-20.0,0,-1,30,30
0.25,30,2,0,0,0,0,0,0,0.0,20.0,-20.0,0,-1,30,30
0.25,30,3,0,0,0,0,0,0,0.0,20.0,-20.0,0,-1,30,30
0.25,30,4,0,0,0,0,0,0,0.0,20.0,-20.0,0,-1,30,30
0.25,30,5,0,0,0,0,0,0,0.0,20.0,-20.0,0,-1,30,30
0.25,30,6,0,0,0,0,0,0,0.0,20.0,-20.0,0,-1,30,30
0.25,30,7,0,0,0,0,0,0,0.0,20.0,-20.0,0,-1,30,30
0.25,30,8,0,0,0,0,0,0,0.0,20.0,-20.0,0,-1,30,30
0.25,30,9,0,0,0,0,0,0,0.0,20.0,-20.0,0,-1,30,30
0.25,30,10,0,0,0,0,0,0,0.0,20.0,-20.0,0,-1,30,30
0.25,30,11,0,0,0,0,0,0,0.0,20.0,-20.0,0,-1,30,30
0.25,30,12,0,0,0,0,0,0,0.0,20.0,-20.0,0,-1,30,30
0.25,30,13,0,0,0,0,0,0,0.0,20.0,-20.0,0,-1,30,30
0.25,30,14,0,0,0,0,0,0,0.0,20.0,-20.0,0,-1,30,30
0.25,30,15,0,0,0,0,0,0,0.0,20.0,-20.0,0,-1,30,30
0.25,30,16,0,0,0,0,0,0,0.0,20.0,-20.0,0,-1,30,30
0.25,30,17,0,0,0,0,0,0,0.0,20.0,-20.0,0,-1,30,30
0.25,30,18,0,0,0,0,0,0,0.0,20.0,-20.0,0,-1,30,30
0.25,30,19,0,0,0,0,0,0,0.0,20.0,-20.0,0,-1,30,30
0.25,30,20,0,0,0,0,0,0,0.0,20.0,-20.0,0,-1,30,30
0.25,30,21,0,0,0,0,0,0,0.0,20.0,-20.0,0,-1,30,30
0.25,30,22,0,0,0,0,0,0,0.0,20.0,-20.0,0,-1,30,30
0.25,30,23,0,0,0,0,0,0,0.0,20.0,-20.0,0,-1,30,30
0.25,30,24,0,0,0,0,0,0,0.0,20.0,-20.0,0,-1,30,30
0.25,30,25,0,0,0,0,0,0,0.0,20.0,-20.0,0,-1,30,30
0.25,30,26,0,0,0,0,0,0,0.0,20.0,-20.0,0,-1,30,30
0.25,30,27,0,0,0,0,0,0,0.0,20.0,-20.0,0,-1,30,30
0.25,30,28,0,0,0,0,0,0,0.0,20.0,-20.0,0,-1,30,30
0.25,30,29,0,0,0,0,0,0,0.0,20.0,-20.0,0,-1,30,30
0.25,30,30,0,0,0,0,0,0,0.0,20.0,-20.0,0,-1,30,30
0.5,1,1,0,0,0,0,0,0,0.0,20.0,-20.0,0,-1,1,1
0.5,1,2,0,0,0,0,0,0,0.0,20.0,-20.0,0,-1,1,1
0.5,1,3,0,0,0,0,0,0,0.0,20.0,-20.0,0,-1,1,1
0.5,1,4,0,0,0,0,0,0,0.0,20.0,-20.0,0,-1,1,1
0.5,1,5,0,0,0,0,0,0,0.0,20.0,-20.0,0,-1,1,1
0.5,1,6,0,0,0,0,0,0,0.0,20.0,-20.0,0,-1,1,1
0.5,1,7,0,0,0,0,0,0,0.0,20.0,-20.0,0,-1,1,1
0.5,1,8,0,0,0,0,0,0,0.0,20.0,-20.0,0,-1,1,1
0.5,1,9,0,0,0,0,0,0,0.0,20.0,-20.0,0,-1,1,1
0.5,1,10,0,0,0,0,0,0,0.0,20.0,-20.0,0,-1,1,1
0.5,1,11,0,0,0,0,0,0,0.0,20.0,-20.0,0,-1,1,1
0.5,1,12,0,0,0,0,0,0,0.0,20.0,-20.0,0,-1,1,1
0.5,1,13,0,0,0,0,0,0,0.0,20.0,-20.0,0,-1,1,1
0.5,1,14,0,0,0,0,0,0,0.0,20.0,-20.0,0,-1,1,1
0.5,1,15,0,0,0,0,0,0,0.0,20.0,-20.0,0,-1,1,1
0.5,1,16,0,0,0,0,0,0,0.0,20.0,-20.0,0,-1,1,1
0.5,1,17,0,0,0,0,0,0,0.0,20.0,-20.0,0,-1,1,1
0.5,1,18,0,0,0,0,0,0,0.0,20.0,-20.0,0,-1,1,1
0.5,1,19,0,0,0,0,0,0,0.0,20.0,-20.0,0,-1,1,1
0.5,1,20,0,0,0,0,0,0,0.0,20.0,-20.0,0,-1,1,1
0.5,1,21,0,0,0,0,0,0,0.0,20.0,-20.0,0,-1,1,1
0.5,1,22,0,0,0,0,0,0,0.0,20.0,-20.0,0,-1,1,1
0.5,1,23,0,0,0,0,0,0,0.0,20.0,-20.0,0,-1,1,1
0.5,1,24,0,0,0,0,0,0,0.0,20.0,-20.0,0,-1,1,1
0.5,1,25,0,0,0,0,0,0,0.0,20.0,-20.0,0,-1,1,1
0.5,1,26,0,0,0,0,0,0,0.0,20.0,-20.0,0,-1,1,1
0.5,1,27,0,0,0,0,0,0,0.0,20.0,-20.0,0,-1,1,1
0.5,1,28,0,0,0,0,0,0,0.0,20.0,-20.0,0,-1,1,1
0.5,1,29,0,0,0,0,0,0,0.0,20.0,-20.0,0,-1,1,1
0.5,1,30,0,0,0,0,0,0,0.0,20.0,-20.0,0,-1,1,1
0.5,2,1,0,0,0,0,0,0,0.0,20.0,-20.0,0,-1,2,2
0.5,2,2,0,0,0,0,0,0,0.0,20.0,-20.0,0,-1,2,2
0.5,2,3,0,0,0,0,0,0,0.0,20.0,-20.0,0,-1,2,2
0.5,2,4,0,0,0,0,0,0,0.0,20.0,-20.0,0,-1,2,2
0.5,2,5,0,0,0,0,0,0,0.0,20.0,-20.0,0,-1,2,2
0.5,2,6,0,0,0,0,0,0,0.0,20.0,-20.0,0,-1,2,2
0.5,2,7,0,0,0,0,0,0,0.0,20.0,-20.0,0,-1,2,2
0.5,2,8,0,0,0,0,0,0,0.0,20.0,-20.0,0,-1,2,2
0.5,2,9,0,0,0,0,0,0,0.0,20.0,-20.0,0,-1,2,2
0.5,2,10,0,0,0,0,0,0,0.0,20.0,-20.0,0,-1,2,2
0.5,2,11,0,0,0,0,0,0,0.0,20.0,-20.0,0,-1,2,2
0.5,2,12,0,0,0,0,0,0,0.0,20.0,-20.0,0,-1,2,2
0.5,2,13,0,0,0,0,0,0,0.0,20.0,-20.0,0,-1,2,2
0.5,2,14,0,0,0,0,0,0,0.0,20.0,-20.0,0,-1,2,2
0.5,2,15,0,0,0,0,0,0,0.0,20.0,-20.0,0,-1,2,2
0.5,2,16,0,0,0,0,0,0,0.0,20.0,-20.0,0,-1,2,2
0.5,2,17,0,0,0,0,0,0,0.0,20.0,-20.0,0,-1,2,2
0.5,2,18,0,0,0,0,0,0,0.0,20.0,-20.0,0,-1,2,2
0.5,2,19,0,0,0,0,0,0,0.0,20.0,-20.0,0,-1,2,2
0.5,2,20,0,0,0,0,0,0,0.0,20.0,-20.0,0,-1,2,2
0.5,2,21,0,0,0,0,0,0,0.0,20.0,-20.0,0,-1,2,2
0.5,2,22,0,0,0,0,0,0,0.0,20.0,-20.0,0,-1,2,2
0.5,2,23,0,0,0,0,0,0,0.0,20.0,-20.0,0,-1,2,2
0.5,2,24,0,0,0,0,0,0,0.0,20.0,-20.0,0,-1,2,2
0.5,2,25,0,0,0,0,0,0,0.0,20.0,-20.0,0,-1,2,2
0.5,2,26,0,0,0,0,0,0,0.0,20.0,-20.0,0,-1,2,2
0.5,2,27,0,0,0,0,0,0,0.0,20.0,-20.0,0,-1,2,2
0.5,2,28,0,0,0,0,0,0,0.0,20.0,-20.0,0,-1,2,2
0.5,2,29,0,0,0,0,0,0,0.0,20.0,-20.0,0,-1,2,2
0.5,2,30,0,0,0,0,0,0,0.0,20.0,-20.0,0,-1,2,2
0.5,3,1,0,0,0,0,0,0,0.0,20.0,-20.0,0,-1,3,3
0.5,3,2,0,0,0,0,0,0,0.0,20.0,-20.0,0,-1,3,3
0.5,3,3,0,0,0,0,0,0,0.0,20.0,-20.0,0,-1,3,3
0.5,3,4,0,0,0,0,0,0,0.0,20.0,-20.0,0,-1,3,3
0.5,3,5,0,0,0,0,0,0,0.0,20.0,-20.0,0,-1,3,3
0.5,3,6,0,0,0,0,0,0,0.0,20.0,-20.0,0,-1,3,3
0.5,3,7,0,0,0,0,0,0,0.0,20.0,-20.0,0,-1,3,3
0.5,3,8,0,0,0,0,0,0,0.0,20.0,-20.0,0,-1,3,3
0.5,3,9,0,0,0,0,0,0,0.0,20.0,-20.0,0,-1,3,3
0.5,3,10,0,0,0,0,0,0,0.0,20.0,-20.0,0,-1,3,3
0.5,3,11,0,0,0,0,0,0,0.0,20.0,-20.0,0,-1,3,3
0.5,3,12,0,0,0,0,0,0,0.0,20.0,-20.0,0,-1,3,3
0.5,3,13,0,0,0,0,0,0,0.0,20.0,-20.0,0,-1,3,3
0.5,3,14,0,0,0,0,0,0,0.0,20.0,-20.0,0,-1,3,3
0.5,3,15,0,0,0,0,0,0,0.0,20.0,-20.0,0,-1,3,3
0.5,3,16,0,0,0,0,0,0,0.0,20.0,-20.0,0,-1,3,3
0.5,3,17,0,0,0,0,0,0,0.0,20.0,-20.0,0,-1,3,3
0.5,3,18,0,0,0,0,0,0,0.0,20.0,-20.0,0,-1,3,3
0.5,3,19,0,0,0,0,0,0,0.0,20.0,-20.0,0,-1,3,3
0.5,3,20,0,0,0,0,0,0,0.0,20.0,-20.0,0,-1,3,3
0.5,3,21,0,0,0,0,0,0,0.0,20.0,-20.0,0,-1,3,3
0.5,3,22,0,0,0,0,0,0,0.0,20.0,-20.0,0,-1,3,3
0.5,3,23,0,0,0,0,0,0,0.0,20.0,-20.0,0,-1,3,3
0.5,3,24,0,0,0,0,0,0,0.0,20.0,-20.0,0,-1,3,3
0.5,3,25,0,0,0,0,0,0,0.0,20.0,-20.0,0,-1,3,3
0.5,3,26,0,0,0,0,0,0,0.0,20.0,-20.0,0,-1,3,3
0.5,3,27,0,0,0,0,0,0,0.0,20.0,-20.0,0,-1,3,3
0.5,3,28,0,0,0,0,0,0,0.0,20.0,-20.0,0,-1,3,3
0.5,3,29,0,0,0,0,0,0,0.0,20.0,-20.0,0,-1,3,3
0.5,3,30,0,0,0,0,0,0,0.0,20.0,-20.0,0,-1,3,3
0.5,4,1,0,0,0,0,0,0,0.0,20.0,-20.0,0,-1,4,4
0.5,4,2,0,0,0,0,0,0,0.0,20.0,-20.0,0,-1,4,4
0.5,4,3,0,0,0,0,0,0,0.0,20.0,-20.0,0,-1,4,4
0.5,4,4,0,0,0,0,0,0,0.0,20.0,-20.0,0,-1,4,4
0.5,4,5,0,0,0,0,0,0,0.0,20.0,-20.0,0,-1,4,4
0.5,4,6,0,0,0,0,0,0,0.0,20.0,-20.0,0,-1,4,4
0.5,4,7,0,0,0,0,0,0,0.0,20.0,-20.0,0,-1,4,4
0.5,4,8,0,0,0,0,0,0,0.0,20.0,-20.0,0,-1,4,4
0.5,4,9,0,0,0,0,0,0,0.0,20.0,-20.0,0,-1,4,4
0.5,4,10,0,0,0,0,0,0,0.0,20.0,-20.0,0,-1,4,4
0.5,4,11,0,0,0,0,0,0,0.0,20.0,-20.0,0,-1,4,4
0.5,4,12,0,0,0,0,0,0,0.0,20.0,-20.0,0,-1,4,4
0.5,4,13,0,0,0,0,0,0,0.0,20.0,-20.0,0,-1,4,4
0.5,4,14,0,0,0,0,0,0,0.0,20.0,-20.0,0,-1,4,4
0.5,4,15,0,0,0,0,0,0,0.0,20.0,-20.0,0,-1,4,4
0.5,4,16,0,0,0,0,0,0,0.0,20.0,-20.0,0,-1,4,4
0.5,4,17,0,0,0,0,0,0,0.0,20.0,-20.0,0,-1,4,4
0.5,4,18,0,0,0,0,0,0,0.0,20.0,-20.0,0,-1,4,4
0.5,4,19,0,0,0,0,0,0,0.0,20.0,-20.0,0,-1,4,4
0.5,4,20,0,0,0,0,0,0,0.0,20.0,-20.0,0,-1,4,4
0.5,4,21,0,0,0,0,0,0,0.0,20.0,-20.0,0,-1,4,4
0.5,4,22,0,0,0,0,0,0,0.0,20.0,-20.0,0,-1,4,4
0.5,4,23,0,0,0,0,0,0,0.0,20.0,-20.0,0,-1,4,4
0.5,4,24,0,0,0,0,0,0,0.0,20.0,-20.0,0,-1,4,4
0.5,4,25,0,0,0,0,0,0,0.0,20.0,-20.0,0,-1,4,4
0.5,4,26,0,0,0,0,0,0,0.0,20.0,-20.0,0,-1,4,4
0.5,4,27,0,0,0,0,0,0,0.0,20.0,-20.0,0,-1,4,4
0.5,4,28,0,0,0,0,0,0,0.0,20.0,-20.0,0,-1,4,4
0.5,4,29,0,0,0,0,0,0,0.0,20.0,-20.0,0,-1,4,4
0.5,4,30,0,0,0,0,0,0,0.0,20.0,-20.0,0,-1,4,4
0.5,5,1,0,0,0,0,0,0,0.0,20.0,-20.0,0,-1,5,5
0.5,5,2,0,0,0,0,0,0,0.0,20.0,-20.0,0,-1,5,5
0.5,5,3,0,0,0,0,0,0,0.0,20.0,-20.0,0,-1,5,5
0.5,5,4,0,0,0,0,0,0,0.0,20.0,-20.0,0,-1,5,5
0.5,5,5,0,0,0,0,0,0,0.0,20.0,-20.0,0,-1,5,5
0.5,5,6,0,0,0,0,0,0,0.0,20.0,-20.0,0,-1,5,5
0.5,5,7,0,0,0,0,0,0,0.0,20.0,-20.0,0,-1,5,5
0.5,5,8,0,0,0,0,0,0,0.0,20.0,-20.0,0,-1,5,5
0.5,5,9,0,0,0,0,0,0,0.0,20.0,-20.0,0,-1,5,5
0.5,5,10,0,0,0,0,0,0,0.0,20.0,-20.0,0,-1,5,5
0.5,5,11,0,0,0,0,0,0,0.0,20.0,-20.0,0,-1,5,5
0.5,5,12,0,0,0,0,0,0,0.0,20.0,-20.0,0,-1,5,5
0.5,5,13,0,0,0,0,0,0,0.0,20.0,-20.0,0,-1,5,5
0.5,5,14,0,0,0,0,0,0,0.0,20.0,-20.0,0,-1,5,5
0.5,5,15,0,0,0,0,0,0,0.0,20.0,-20.0,0,-1,5,5
0.5,5,16,0,0,0,0,0,0,0.0,20.0,-20.0,0,-1,5,5
0.5,5,17,0,0,0,0,0,0,0.0,20.0,-20.0,0,-1,5,5
0.5,5,18,0,0,0,0,0,0,0.0,20.0,-20.0,0,-1,5,5
0.5,5,19,0,0,0,0,0,0,0.0,20.0,-20.0,0,-1,5,5
0.5,5,20,0,0,0,0,0,0,0.0,20.0,-20.0,0,-1,5,5
0.5,5,21,0,0,0,0,0,0,0.0,20.0,-20.0,0,-1,5,5
0.5,5,22,0,0,0,0,0,0,0.0,20.0,-20.0,0,-1,5,5
0.5,5,23,0,0,0,0,0,0,0.0,20.0,-20.0,0,-1,5,5
0.5,5,24,0,0,0,0,0,0,0.0,20.0,-20.0,0,-1,5,5
0.5,5,25,0,0,0,0,0,0,0.0,20.0,-20.0,0,-1,5,5
0.5,5,26,0,0,0,0,0,0,0.0,20.0,-20.0,0,-1,5,5
0.5,5,27,0,0,0,0,0,0,0.0,20.0,-20.0,0,-1,5,5
0.5,5,28,0,0,0,0,0,0,0.0,20.0,-20.0,0,-1,5,5
0.5,5,29,0,0,0,0,0,0,0.0,20.0,-20.0,0,-1,5,5
0.5,5,30,0,0,0,0,0,0,0.0,20.0,-20.0,0,-1,5,5
0.5,6,1,0,0,0,0,0,0,0.0,20.0,-20.0,0,-1,6,6
0.5,6,2,0,0,0,0,0,0,0.0,20.0,-20.0,0,-1,6,6
0.5,6,3,0,0,0,0,0,0,0.0,20.0,-20.0,0,-1,6,6
0.5,6,4,0,0,0,0,0,0,0.0,20.0,-20.0,0,-1,6,6
0.5,6,5,0,0,0,0,0,0,0.0,20.0,-20.0,0,-1,6,6
0.5,6,6,0,0,0,0,0,0,0.0,20.0,-20.0,0,-1,6,6
0.5,6,7,0,0,0,0,0,0,0.0,20.0,-20.0,0,-1,6,6
0.5,6,8,0,0,0,0,0,0,0.0,20.0,-20.0,0,-1,6,6
0.5,6,9,0,0,0,0,0,0,0.0,20.0,-20.0,0,-1,6,6
0.5,6,10,0,0,0,0,0,0,0.0,20.0,-20.0,0,-1,6,6
0.5,6,11,0,0,0,0,0,0,0.0,20.0,-20.0,0,-1,6,6
0.5,6,12,0,0,0,0,0,0,0.0,20.0,-20.0,0,-1,6,6
0.5,6,13,0,0,0,0,0,0,0.0,20.0,-20.0,0,-1,6,6
0.5,6,14,0,0,0,0,0,0,0.0,20.0,-20.0,0,-1,6,6
0.5,6,15,0,0,0,0,0,0,0.0,20.0,-20.0,0,-1,6,6
0.5,6,16,0,0,0,0,0,0,0.0,20.0,-20.0,0,-1,6,6
0.5,6,17,0,0,0,0,0,0,0.0,20.0,-20.0,0,-1,6,6
0.5,6,18,0,0,0,0,0,0,0.0,20.0,-20.0,0,-1,6,6
0.5,6,19,0,0,0,0,0,0,0.0,20.0,-20.0,0,-1,6,6
0.5,6,20,0,0,0,0,0,0,0.0,20.0,-20.0,0,-1,6,6
0.5,6,21,0,0,0,0,0,0,0.0,20.0,-20.0,0,-1,6,6
0.5,6,22,0,0,0,0,0,0,0.0,20.0,-20.0,0,-1,6,6
0.5,6,23,0,0,0,0,0,0,0.0,20.0,-20.0,0,-1,6,6
0.5,6,24,0,0,0,0,0,0,0.0,20.0,-20.0,0,-1,6,6
0.5,6,25,0,0,0,0,0,0,0.0,20.0,-20.0,0,-1,6,6
0.5,6,26,0,0,0,0,0,0,0.0,20.0,-20.0,0,-1,6,6
0.5,6,27,0,0,0,0,0,0,0.0,20.0,-20.0,0,-1,6,6
0.5,6,28,0,0,0,0,0,0,0.0,20.0,-20.0,0,-1,6,6
0.5,6,29,0,0,0,0,0,0,0.0,20.0,-20.0,0,-1,6,6
0.5,6,30,0,0,0,0,0,0,0.0,20.0,-20.0,0,-1,6,6
0.5,7,1,0,0,0,0,0,0,0.0,20.0,-20.0,0,-1,7,7
0.5,7,2,0,0,0,0,0,0,0.0,20.0,-20.0,0,-1,7,7
0.5,7,3,0,0,0,0,0,0,0.0,20.0,-20.0,0,-1,7,7
0.5,7,4,0,0,0,0,0,0,0.0,20.0,-20.0,0,-1,7,7
0.5,7,5,0,0,0,0,0,0,0.0,20.0,-20.0,0,-1,7,7
0.5,7,6,0,0,0,0,0,0,0.0,20.0,-20.0,0,-1,7,7
0.5,7,7,0,0,0,0,0,0,0.0,20.0,-20.0,0,-1,7,7
0.5,7,8,0,0,0,0,0,0,0.0,20.0,-20.0,0,-1,7,7
0.5,7,9,0,0,0,0,0,0,0.0,20.0,-20.0,0,-1,7,7
0.5,7,10,0,0,0,0,0,0,0.0,20.0,-20.0,0,-1,7,7
0.5,7,11,0,0,0,0,0,0,0.0,20.0,-20.0,0,-1,7,7
0.5,7,12,0,0,0,0,0,0,0.0,20.0,-20.0,0,-1,7,7
0.5,7,13,0,0,0,0,0,0,0.0,20.0,-20.0,0,-1,7,7
0.5,7,14,0,0,0,0,0,0,0.0,20.0,-20.0,0,-1,7,7
0.5,7,15,0,0,0,0,0,0,0.0,20.0,-20.0,0,-1,7,7
0.5,7,16,0,0,0,0,0,0,0.0,20.0,-20.0,0,-1,7,7
0.5,7,17,0,0,0,0,0,0,0.0,20.0,-20.0,0,-1,7,7
0.5,7,18,0,0,0,0,0,0,0.0,20.0,-20.0,0,-1,7,7
0.5,7,19,0,0,0,0,0,0,0.0,20.0,-20.0,0,-1,7,7
0.5,7,20,0,0,0,0,0,0,0.0,20.0,-20.0,0,-1,7,7
0.5,7,21,0,0,0,0,0,0,0.0,20.0,-20.0,0,-1,7,7
0.5,7,22,0,0,0,0,0,0,0.0,20.0,-20.0,0,-1,7,7
0.5,7,23,0,0,0,0,0,0,0.0,20.0,-20.0,0,-1,7,7
0.5,7,24,0,0,0,0,0,0,0.0,20.0,-20.0,0,-1,7,7
0.5,7,25,0,0,0,0,0,0,0.0,20.0,-20.0,0,-1,7,7
0.5,7,26,0,0,0,0,0,0,0.0,20.0,-20.0,0,-1,7,7
0.5,7,27,0,0,0,0,0,0,0.0,20.0,-20.0,0,-1,7,7
0.5,7,28,0,0,0,0,0,0,0.0,20.0,-20.0,0,-1,7,7
0.5,7,29,0,0,0,0,0,0,0.0,20.0,-20.0,0,-1,7,7
0.5,7,30,0,0,0,0,0,0,0.0,20.0,-20.0,0,-1,7,7
0.5,8,1,0,0,0,0,0,0,0.0,20.0,-20.0,0,-1,8,8
0.5,8,2,0,0,0,0,0,0,0.0,20.0,-20.0,0,-1,8,8
0.5,8,3,0,0,0,0,0,0,0.0,20.0,-20.0,0,-1,8,8
0.5,8,4,0,0,0,0,0,0,0.0,20.0,-20.0,0,-1,8,8
0.5,8,5,0,0,0,0,0,0,0.0,20.0,-20.0,0,-1,8,8
0.5,8,6,0,0,0,0,0,0,0.0,20.0,-20.0,0,-1,8,8
0.5,8,7,0,0,0,0,0,0,0.0,20.0,-20.0,0,-1,8,8
0.5,8,8,0,0,0,0,0,0,0.0,20.0,-20.0,0,-1,8,8
0.5,8,9,0,0,0,0,0,0,0.0,20.0,-20.0,0,-1,8,8
0.5,8,10,0,0,0,0,0,0,0.0,20.0,-20.0,0,-1,8,8
0.5,8,11,0,0,0,0,0,0,0.0,20.0,-20.0,0,-1,8,8
0.5,8,12,0,0,0,0,0,0,0.0,20.0,-20.0,0,-1,8,8
0.5,8,13,0,0,0,0,0,0,0.0,20.0,-20.0,0,-1,8,8
0.5,8,14,0,0,0,0,0,0,0.0,20.0,-20.0,0,-1,8,8
0.5,8,15,0,0,0,0,0,0,0.0,20.0,-20.0,0,-1,8,8
0.5,8,16,0,0,0,0,0,0,0.0,20.0,-20.0,0,-1,8,8
0.5,8,17,0,0,0,0,0,0,0.0,20.0,-20.0,0,-1,8,8
0.5,8,18,0,0,0,0,0,0,0.0,20.0,-20.0,0,-1,8,8
0.5,8,19,0,0,0,0,0,0,0.0,20.0,-20.0,0,-1,8,8
0.5,8,20,0,0,0,0,0,0,0.0,20.0,-20.0,0,-1,8,8
0.5,8,21,0,0,0,0,0,0,0.0,20.0,-20.0,0,-1,8,8
0.5,8,22,0,0,0,0,0,0,0.0,20.0,-20.0,0,-1,8,8
0.5,8,23,0,0,0,0,0,0,0.0,20.0,-20.0,0,-1,8,8
0.5,8,24,0,0,0,0,0,0,0.0,20.0,-20.0,0,-1,8,8
0.5,8,25,0,0,0,0,0,0,0.0,20.0,-20.0,0,-1,8,8
0.5,8,26,0,0,0,0,0,0,0.0,20.0,-20.0,0,-1,8,8
0.5,8,27,0,0,0,0,0,0,0.0,20.0,-20.0,0,-1,8,8
0.5,8,28,0,0,0,0,0,0,0.0,20.0,-20.0,0,-1,8,8
0.5,8,29,0,0,0,0,0,0,0.0,20.0,-20.0,0,-1,8,8
0.5,8,30,0,0,0,0,0,0,0.0,20.0,-20.0,0,-1,8,8
0.5,9,1,0,0,0,0,0,0,0.0,20.0,-20.0,0,-1,9,9
0.5,9,2,0,0,0,0,0,0,0.0,20.0,-20.0,0,-1,9,9
0.5,9,3,0,0,0,0,0,0,0.0,20.0,-20.0,0,-1,9,9
0.5,9,4,0,0,0,0,0,0,0.0,20.0,-20.0,0,-1,9,9
0.5,9,5,0,0,0,0,0,0,0.0,20.0,-20.0,0,-1,9,9
0.5,9,6,0,0,0,0,0,0,0.0,20.0,-20.0,0,-1,9,9
0.5,9,7,0,0,0,0,0,0,0.0,20.0,-20.0,0,-1,9,9
0.5,9,8,0,0,0,0,0,0,0.0,20.0,-20.0,0,-1,9,9
0.5,9,9,0,0,0,0,0,0,0.0,20.0,-20.0,0,-1,9,9
0.5,9,10,0,0,0,0,0,0,0.0,20.0,-20.0,0,-1,9,9
0.5,9,11,0,0,0,0,0,0,0.0,20.0,-20.0,0,-1,9,9
0.5,9,12,0,0,0,0,0,0,0.0,20.0,-20.0,0,-1,9,9
0.5,9,13,0,0,0,0,0,0,0.0,20.0,-20.0,0,-1,9,9
0.5,9,14,0,0,0,0,0,0,0.0,20.0,-20.0,0,-1,9,9
0.5,9,15,0,0,0,0,0,0,0.0,20.0,-20.0,0,-1,9,9
0.5,9,16,0,0,0,0,0,0,0.0,20.0,-20.0,0,-1,9,9
0.5,9,17,0,0,0,0,0,0,0.0,20.0,-20.0,0,-1,9,9
0.5,9,18,0,0,0,0,0,0,0.0,20.0,-20.0,0,-1,9,9
0.5,9,19,0,0,0,0,0,0,0.0,20.0,-20.0,0,-1,9,9
0.5,9,20,0,0,0,0,0,0,0.0,20.0,-20.0,0,-1,9,9
0.5,9,21,0,0,0,0,0,0,0.0,20.0,-20.0,0,-1,9,9
0.5,9,22,0,0,0,0,0,0,0.0,20.0,-20.0,0,-1,9,9
0.5,9,23,0,0,0,0,0,0,0.0,20.0,-20.0,0,-1,9,9
0.5,9,24,0,0,0,0,0,0,0.0,20.0,-20.0,0,-1,9,9
0.5,9,25,0,0,0,0,0,0,0.0,20.0,-20.0,0,-1,9,9
0.5,9,26,0,0,0,0,0,0,0.0,20.0,-20.0,0,-1,9,9
0.5,9,27,0,0,0,0,0,0,0.0,20.0,-20.0,0,-1,9,9
0.5,9,28,0,0,0,0,0,0,0.0,20.0,-20.0,0,-1,9,9
0.5,9,29,0,0,0,0,0,0,0.0,20.0,-20.0,0,-1,9,9
0.5,9,30,0,0,0,0,0,0,0.0,20.0,-20.0,0,-1,9,9
0.5,10,1,0,0,0,0,0,0,0.0,20.0,-20.0,0,-1,10,10
0.5,10,2,0,0,0,0,0,0,0.0,20.0,-20.0,0,-1,10,10
0.5,10,3,0,0,0,0,0,0,0.0,20.0,-20.0,0,-1,10,10
0.5,10,4,0,0,0,0,0,0,0.0,20.0,-20.0,0,-1,10,10
0.5,10,5,0,0,0,0,0,0,0.0,20.0,-20.0,0,-1,10,10
0.5,10,6,0,0,0,0,0,0,0.0,20.0,-20.0,0,-1,10,10
0.5,10,7,0,0,0,0,0,0,0.0,20.0,-20.0,0,-1,10,10
0.5,10,8,0,0,0,0,0,0,0.0,20.0,-20.0,0,-1,10,10
0.5,10,9,0,0,0,0,0,0,0.0,20.0,-20.0,0,-1,10,10
0.5,10,10,0,0,0,0,0,0,0.0,20.0,-20.0,0,-1,10,10
0.5,10,11,0,0,0,0,0,0,0.0,20.0,-20.0,0,-1,10,10
0.5,10,12,0,0,0,0,0,0,0.0,20.0,-20.0,0,-1,10,10
0.5,10,13,0,0,0,0,0,0,0.0,20.0,-20.0,0,-1,10,10
0.5,10,14,0,0,0,0,0,0,0.0,20.0,-20.0,0,-1,10,10
0.5,10,15,0,0,0,0,0,0,0.0,20.0,-20.0,0,-1,10,10
0.5,10,16,0,0,0,0,0,0,0.0,20.0,-20.0,0,-1,10,10
0.5,10,17,0,0,0,0,0,0,0.0,20.0,-20.0,0,-1,10,10
0.5,10,18,0,0,0,0,0,0,0.0,20.0,-20.0,0,-1,10,10
0.5,10,19,0,0,0,0,0,0,0.0,20.0,-20.0,0,-1,10,10
0.5,10,20,0,0,0,0,0,0,0.0,20.0,-20.0,0,-1,10,10
0.5,10,21,0,0,0,0,0,0,0.0,20.0,-20.0,0,-1,10,10
0.5,10,22,0,0,0,0,0,0,0.0,20.0,-20.0,0,-1,10,10
0.5,10,23,0,0,0,0,0,0,0.0,20.0,-20.0,0,-1,10,10
0.5,10,24,0,0,0,0,0,0,0.0,20.0,-20.0,0,-1,10,10
0.5,10,25,0,0,0,0,0,0,0.0,20.0,-20.0,0,-1,10,10
0.5,10,26,0,0,0,0,0,0,0.0,20.0,-20.0,0,-1,10,10
0.5,10,27,0,0,0,0,0,0,0.0,20.0,-20.0,0,-1,10,10
0.5,10,28,0,0,0,0,0,0,0.0,20.0,-20.0,0,-1,10,10
0.5,10,29,0,0,0,0,0,0,0.0,20.0,-20.0,0,-1,10,10
0.5,10,30,0,0,0,0,0,0,0.0,20.0,-20.0,0,-1,10,10
0.5,11,1,0,0,0,0,0,0,0.0,20.0,-20.0,0,-1,11,11
0.5,11,2,0,0,0,0,0,0,0.0,20.0,-20.0,0,-1,11,11
0.5,11,3,0,0,0,0,0,0,0.0,20.0,-20.0,0,-1,11,11
0.5,11,4,0,0,0,0,0,0,0.0,20.0,-20.0,0,-1,11,11
0.5,11,5,0,0,0,0,0,0,0.0,20.0,-20.0,0,-1,11,11
0.5,11,6,0,0,0,0,0,0,0.0,20.0,-20.0,0,-1,11,11
0.5,11,7,0,0,0,0,0,0,0.0,20.0,-20.0,0,-1,11,11
0.5,11,8,0,0,0,0,0,0,0.0,20.0,-20.0,0,-1,11,11
0.5,11,9,0,0,0,0,0,0,0.0,20.0,-20.0,0,-1,11,11
0.5,11,10,0,0,0,0,0,0,0.0,20.0,-20.0,0,-1,11,11
0.5,11,11,0,0,0,0,0,0,0.0,20.0,-20.0,0,-1,11,11
0.5,11,12,0,0,0,0,0,0,0.0,20.0,-20.0,0,-1,11,11
0.5,11,13,0,0,0,0,0,0,0.0,20.0,-20.0,0,-1,11,11
0.5,11,14,0,0,0,0,0,0,0.0,20.0,-20.0,0,-1,11,11
0.5,11,15,0,0,0,0,0,0,0.0,20.0,-20.0,0,-1,11,11
0.5,11,16,0,0,0,0,0,0,0.0,20.0,-20.0,0,-1,11,11
0.5,11,17,0,0,0,0,0,0,0.0,20.0,-20.0,0,-1,11,11
0.5,11,18,0,0,0,0,0,0,0.0,20.0,-20.0,0,-1,11,11
0.5,11,19,0,0,0,0,0,0,0.0,20.0,-20.0,0,-1,11,11
0.5,11,20,0,0,0,0,0,0,0.0,20.0,-20.0,0,-1,11,11
0.5,11,21,0,0,0,0,0,0,0.0,20.0,-20.0,0,-1,11,11
0.5,11,22,0,0,0,0,0,0,0.0,20.0,-20.0,0,-1,11,11
0.5,11,23,0,0,0,0,0,0,0.0,20.0,-20.0,0,-1,11,11
0.5,11,24,0,0,0,0,0,0,0.0,20.0,-20.0,0,-1,11,11
0.5,11,25,0,0,0,0,0,0,0.0,20.0,-20.0,0,-1,11,11
0.5,11,26,0,0,0,0,0,0,0.0,20.0,-20.0,0,-1,11,11
0.5,11,27,0,0,0,0,0,0,0.0,20.0,-20.0,0,-1,11,11
0.5,11,28,0,0,0,0,0,0,0.0,20.0,-20.0,0,-1,11,11
0.5,11,29,0,0,0,0,0,0,0.0,20.0,-20.0,0,-1,11,11
0.5,11,30,0,0,0,0,0,0,0.0,20.0,-20.0,0,-1,11,11
0.5,12,1,0,0,0,0,0,0,0.0,20.0,-20.0,0,-1,12,12
0.5,12,2,0,0,0,0,0,0,0.0,20.0,-20.0,0,-1,12,12
0.5,12,3,0,0,0,0,0,0,0.0,20.0,-20.0,0,-1,12,12
0.5,12,4,0,0,0,0,0,0,0.0,20.0,-20.0,0,-1,12,12
0.5,12,5,0,0,0,0,0,0,0.0,20.0,-20.0,0,-1,12,12
0.5,12,6,0,0,0,0,0,0,0.0,20.0,-20.0,0,-1,12,12
0.5,12,7,0,0,0,0,0,0,0.0,20.0,-20.0,0,-1,12,12
0.5,12,8,0,0,0,0,0,0,0.0,20.0,-20.0,0,-1,12,12
0.5,12,9,0,0,0,0,0,0,0.0,20.0,-20.0,0,-1,12,12
0.5,12,10,0,0,0,0,0,0,0.0,20.0,-20.0,0,-1,12,12
0.5,12,11,0,0,0,0,0,0,0.0,20.0,-20.0,0,-1,12,12
0.5,12,12,0,0,0,0,0,0,0.0,20.0,-20.0,0,-1,12,12
0.5,12,13,0,0,0,0,0,0,0.0,20.0,-20.0,0,-1,12,12
0.5,12,14,0,0,0,0,0,0,0.0,20.0,-20.0,0,-1,12,12
0.5,12,15,0,0,0,0,0,0,0.0,20.0,-20.0,0,-1,12,12
0.5,12,16,0,0,0,0,0,0,0.0,20.0,-20.0,0,-1,12,12
0.5,12,17,0,0,0,0,0,0,0.0,20.0,-20.0,0,-1,12,12
0.5,12,18,0,0,0,0,0,0,0.0,20.0,-20.0,0,-1,12,12
0.5,12,19,0,0,0,0,0,0,0.0,20.0,-20.0,0,-1,12,12
0.5,12,20,0,0,0,0,0,0,0.0,20.0,-20.0,0,-1,12,12
0.5,12,21,0,0,0,0,0,0,0.0,20.0,-20.0,0,-1,12,12
0.5,12,22,0,0,0,0,0,0,0.0,20.0,-20.0,0,-1,12,12
0.5,12,23,0,0,0,0,0,0,0.0,20.0,-20.0,0,-1,12,12
0.5,12,24,0,0,0,0,0,0,0.0,20.0,-20.0,0,-1,12,12
0.5,12,25,0,0,0,0,0,0,0.0,20.0,-20.0,0,-1,12,12
0.5,12,26,0,0,0,0,0,0,0.0,20.0,-20.0,0,-1,12,12
0.5,12,27,0,0,0,0,0,0,0.0,20.0,-20.0,0,-1,12,12
0.5,12,28,0,0,0,0,0,0,0.0,20.0,-20.0,0,-1,12,12
0.5,12,29,0,0,0,0,0,0,0.0,20.0,-20.0,0,-1,12,12
0.5,12,30,0,0,0,0,0,0,0.0,20.0,-20.0,0,-1,12,12
0.5,13,1,0,0,0,0,0,0,0.0,20.0,-20.0,0,-1,13,13
0.5,13,2,0,0,0,0,0,0,0.0,20.0,-20.0,0,-1,13,13
0.5,13,3,0,0,0,0,0,0,0.0,20.0,-20.0,0,-1,13,13
0.5,13,4,0,0,0,0,0,0,0.0,20.0,-20.0,0,-1,13,13
0.5,13,5,0,0,0,0,0,0,0.0,20.0,-20.0,0,-1,13,13
0.5,13,6,0,0,0,0,0,0,0.0,20.0,-20.0,0,-1,13,13
0.5,13,7,0,0,0,0,0,0,0.0,20.0,-20.0,0,-1,13,13
0.5,13,8,0,0,0,0,0,0,0.0,20.0,-20.0,0,-1,13,13
0.5,13,9,0,0,0,0,0,0,0.0,20.0,-20.0,0,-1,13,13
0.5,13,10,0,0,0,0,0,0,0.0,20.0,-20.0,0,-1,13,13
0.5,13,11,0,0,0,0,0,0,0.0,20.0,-20.0,0,-1,13,13
0.5,13,12,0,0,0,0,0,0,0.0,20.0,-20.0,0,-1,13,13
0.5,13,13,0,0,0,0,0,0,0.0,20.0,-20.0,0,-1,13,13
0.5,13,14,0,0,0,0,0,0,0.0,20.0,-20.0,0,-1,13,13
0.5,13,15,0,0,0,0,0,0,0.0,20.0,-20.0,0,-1,13,13
0.5,13,16,0,0,0,0,0,0,0.0,20.0,-20.0,0,-1,13,13
0.5,13,17,0,0,0,0,0,0,0.0,20.0,-20.0,0,-1,13,13
0.5,13,18,0,0,0,0,0,0,0.0,20.0,-20.0,0,-1,13,13
0.5,13,19,0,0,0,0,0,0,0.0,20.0,-20.0,0,-1,13,13
0.5,13,20,0,0,0,0,0,0,0.0,20.0,-20.0,0,-1,13,13
0.5,13,21,0,0,0,0,0,0,0.0,20.0,-20.0,0,-1,13,13
0.5,13,22,0,0,0,0,0,0,0.0,20.0,-20.0,0,-1,13,13
0.5,13,23,0,0,0,0,0,0,0.0,20.0,-20.0,0,-1,13,13
0.5,13,24,0,0,0,0,0,0,0.0,20.0,-20.0,0,-1,13,13
0.5,13,25,0,0,0,0,0,0,0.0,20.0,-20.0,0,-1,13,13
0.5,13,26,0,0,0,0,0,0,0.0,20.0,-20.0,0,-1,13,13
0.5,13,27,0,0,0,0,0,0,0.0,20.0,-20.0,0,-1,13,13
0.5,13,28,0,0,0,0,0,0,0.0,20.0,-20.0,0,-1,13,13
0.5,13,29,0,0,0,0,0,0,0.0,20.0,-20.0,0,-1,13,13
0.5,13,30,0,0,0,0,0,0,0.0,20.0,-20.0,0,-1,13,13
0.5,14,1,0,0,0,0,0,0,0.0,20.0,-20.0,0,-1,14,14
0.5,14,2,0,0,0,0,0,0,0.0,20.0,-20.0,0,-1,14,14
0.5,14,3,0,0,0,0,0,0,0.0,20.0,-20.0,0,-1,14,14
0.5,14,4,0,0,0,0,0,0,0.0,20.0,-20.0,0,-1,14,14
0.5,14,5,0,0,0,0,0,0,0.0,20.0,-20.0,0,-1,14,14
0.5,14,6,0,0,0,0,0,0,0.0,20.0,-20.0,0,-1,14,14
0.5,14,7,0,0,0,0,0,0,0.0,20.0,-20.0,0,-1,14,14
0.5,14,8,0,0,0,0,0,0,0.0,20.0,-20.0,0,-1,14,14
0.5,14,9,0,0,0,0,0,0,0.0,20.0,-20.0,0,-1,14,14
0.5,14,10,0,0,0,0,0,0,0.0,20.0,-20.0,0,-1,14,14
0.5,14,11,0,0,0,0,0,0,0.0,20.0,-20.0,0,-1,14,14
0.5,14,12,0,0,0,0,0,0,0.0,20.0,-20.0,0,-1,14,14
0.5,14,13,0,0,0,0,0,0,0.0,20.0,-20.0,0,-1,14,14
0.5,14,14,0,0,0,0,0,0,0.0,20.0,-20.0,0,-1,14,14
0.5,14,15,0,0,0,0,0,0,0.0,20.0,-20.0,0,-1,14,14
0.5,14,16,0,0,0,0,0,0,0.0,20.0,-20.0,0,-1,14,14
0.5,14,17,0,0,0,0,0,0,0.0,20.0,-20.0,0,-1,14,14
0.5,14,18,0,0,0,0,0,0,0.0,20.0,-20.0,0,-1,14,14
0.5,14,19,0,0,0,0,0,0,0.0,20.0,-20.0,0,-1,14,14
0.5,14,20,0,0,0,0,0,0,0.0,20.0,-20.0,0,-1,14,14
0.5,14,21,0,0,0,0,0,0,0.0,20.0,-20.0,0,-1,14,14
0.5,14,22,0,0,0,0,0,0,0.0,20.0,-20.0,0,-1,14,14
0.5,14,23,0,0,0,0,0,0,0.0,20.0,-20.0,0,-1,14,14
0.5,14,24,0,0,0,0,0,0,0.0,20.0,-20.0,0,-1,14,14
0.5,14,25,0,0,0,0,0,0,0.0,20.0,-20.0,0,-1,14,14
0.5,14,26,0,0,0,0,0,0,0.0,20.0,-20.0,0,-1,14,14
0.5,14,27,0,0,0,0,0,0,0.0,20.0,-20.0,0,-1,14,14
0.5,14,28,0,0,0,0,0,0,0.0,20.0,-20.0,0,-1,14,14
0.5,14,29,0,0,0,0,0,0,0.0,20.0,-20.0,0,-1,14,14
0.5,14,30,0,0,0,0,0,0,0.0,20.0,-20.0,0,-1,14,14
0.5,15,1,0,0,0,0,0,0,0.0,20.0,-20.0,0,-1,15,15
0.5,15,2,0,0,0,0,0,0,0.0,20.0,-20.0,0,-1,15,15
0.5,15,3,0,0,0,0,0,0,0.0,20.0,-20.0,0,-1,15,15
0.5,15,4,0,0,0,0,0,0,0.0,20.0,-20.0,0,-1,15,15
0.5,15,5,0,0,0,0,0,0,0.0,20.0,-20.0,0,-1,15,15
0.5,15,6,0,0,0,0,0,0,0.0,20.0,-20.0,0,-1,15,15
0.5,15,7,0,0,0,0,0,0,0.0,20.0,-20.0,0,-1,15,15
0.5,15,8,0,0,0,0,0,0,0.0,20.0,-20.0,0,-1,15,15
0.5,15,9,0,0,0,0,0,0,0.0,20.0,-20.0,0,-1,15,15
0.5,15,10,0,0,0,0,0,0,0.0,20.0,-20.0,0,-1,15,15
0.5,15,11,0,0,0,0,0,0,0.0,20.0,-20.0,0,-1,15,15
0.5,15,12,0,0,0,0,0,0,0.0,20.0,-20.0,0,-1,15,15
0.5,15,13,0,0,0,0,0,0,0.0,20.0,-20.0,0,-1,15,15
0.5,15,14,0,0,0,0,0,0,0.0,20.0,-20.0,0,-1,15,15
0.5,15,15,0,0,0,0,0,0,0.0,20.0,-20.0,0,-1,15,15
0.5,15,16,0,0,0,0,0,0,0.0,20.0,-20.0,0,-1,15,15
0.5,15,17,0,0,0,0,0,0,0.0,20.0,-20.0,0,-1,15,15
0.5,15,18,0,0,0,0,0,0,0.0,20.0,-20.0,0,-1,15,15
0.5,15,19,0,0,0,0,0,0,0.0,20.0,-20.0,0,-1,15,15
0.5,15,20,0,0,0,0,0,0,0.0,20.0,-20.0,0,-1,15,15
0.5,15,21,0,0,0,0,0,0,0.0,20.0,-20.0,0,-1,15,15
0.5,15,22,0,0,0,0,0,0,0.0,20.0,-20.0,0,-1,15,15
0.5,15,23,0,0,0,0,0,0,0.0,20.0,-20.0,0,-1,15,15
0.5,15,24,0,0,0,0,0,0,0.0,20.0,-20.0,0,-1,15,15
0.5,15,25,0,0,0,0,0,0,0.0,20.0,-20.0,0,-1,15,15
0.5,15,26,0,0,0,0,0,0,0.0,20.0,-20.0,0,-1,15,15
0.5,15,27,0,0,0,0,0,0,0.0,20.0,-20.0,0,-1,15,15
0.5,15,28,0,0,0,0,0,0,0.0,20.0,-20.0,0,-1,15,15
0.5,15,29,0,0,0,0,0,0,0.0,20.0,-20.0,0,-1,15,15
0.5,15,30,0,0,0,0,0,0,0.0,20.0,-20.0,0,-1,15,15
0.5,16,1,0,0,0,0,0,0,0.0,20.0,-20.0,0,-1,16,16
0.5,16,2,0,0,0,0,0,0,0.0,20.0,-20.0,0,-1,16,16
0.5,16,3,0,0,0,0,0,0,0.0,20.0,-20.0,0,-1,16,16
0.5,16,4,0,0,0,0,0,0,0.0,20.0,-20.0,0,-1,16,16
0.5,16,5,0,0,0,0,0,0,0.0,20.0,-20.0,0,-1,16,16
0.5,16,6,0,0,0,0,0,0,0.0,20.0,-20.0,0,-1,16,16
0.5,16,7,0,0,0,0,0,0,0.0,20.0,-20.0,0,-1,16,16
0.5,16,8,0,0,0,0,0,0,0.0,20.0,-20.0,0,-1,16,16
0.5,16,9,0,0,0,0,0,0,0.0,20.0,-20.0,0,-1,16,16
0.5,16,10,0,0,0,0,0,0,0.0,20.0,-20.0,0,-1,16,16
0.5,16,11,0,0,0,0,0,0,0.0,20.0,-20.0,0,-1,16,16
0.5,16,12,0,0,0,0,0,0,0.0,20.0,-20.0,0,-1,16,16
0.5,16,13,0,0,0,0,0,0,0.0,20.0,-20.0,0,-1,16,16
0.5,16,14,0,0,0,0,0,0,0.0,20.0,-20.0,0,-1,16,16
0.5,16,15,0,0,0,0,0,0,0.0,20.0,-20.0,0,-1,16,16
0.5,16,16,0,0,0,0,0,0,0.0,20.0,-20.0,0,-1,16,16
0.5,16,17,0,0,0,0,0,0,0.0,20.0,-20.0,0,-1,16,16
0.5,16,18,0,0,0,0,0,0,0.0,20.0,-20.0,0,-1,16,16
0.5,16,19,0,0,0,0,0,0,0.0,20.0,-20.0,0,-1,16,16
0.5,16,20,0,0,0,0,0,0,0.0,20.0,-20.0,0,-1,16,16
0.5,16,21,0,0,0,0,0,0,0.0,20.0,-20.0,0,-1,16,16
0.5,16,22,0,0,0,0,0,0,0.0,20.0,-20.0,0,-1,16,16
0.5,16,23,0,0,0,0,0,0,0.0,20.0,-20.0,0,-1,16,16
0.5,16,24,0,0,0,0,0,0,0.0,20.0,-20.0,0,-1,16,16
0.5,16,25,0,0,0,0,0,0,0.0,20.0,-20.0,0,-1,16,16
0.5,16,26,0,0,0,0,0,0,0.0,20.0,-20.0,0,-1,16,16
0.5,16,27,0,0,0,0,0,0,0.0,20.0,-20.0,0,-1,16,16
0.5,16,28,0,0,0,0,0,0,0.0,20.0,-20.0,0,-1,16,16
0.5,16,29,0,0,0,0,0,0,0.0,20.0,-20.0,0,-1,16,16
0.5,16,30,0,0,0,0,0,0,0.0,20.0,-20.0,0,-1,16,16
0.5,17,1,0,0,0,0,0,0,0.0,20.0,-20.0,0,-1,17,17
0.5,17,2,0,0,0,0,0,0,0.0,20.0,-20.0,0,-1,17,17
0.5,17,3,0,0,0,0,0,0,0.0,20.0,-20.0,0,-1,17,17
0.5,17,4,0,0,0,0,0,0,0.0,20.0,-20.0,0,-1,17,17
0.5,17,5,0,0,0,0,0,0,0.0,20.0,-20.0,0,-1,17,17
0.5,17,6,0,0,0,0,0,0,0.0,20.0,-20.0,0,-1,17,17
0.5,17,7,0,0,0,0,0,0,0.0,20.0,-20.0,0,-1,17,17
0.5,17,8,0,0,0,0,0,0,0.0,20.0,-20.0,0,-1,17,17
0.5,17,9,0,0,0,0,0,0,0.0,20.0,-20.0,0,-1,17,17
0.5,17,10,0,0,0,0,0,0,0.0,20.0,-20.0,0,-1,17,17
0.5,17,11,0,0,0,0,0,0,0.0,20.0,-20.0,0,-1,17,17
0.5,17,12,0,0,0,0,0,0,0.0,20.0,-20.0,0,-1,17,17
0.5,17,13,0,0,0,0,0,0,0.0,20.0,-20.0,0,-1,17,17
0.5,17,14,0,0,0,0,0,0,0.0,20.0,-20.0,0,-1,17,17
0.5,17,15,0,0,0,0,0,0,0.0,20.0,-20.0,0,-1,17,17
0.5,17,16,0,0,0,0,0,0,0.0,20.0,-20.0,0,-1,17,17
0.5,17,17,0,0,0,0,0,0,0.0,20.0,-20.0,0,-1,17,17
0.5,17,18,0,0,0,0,0,0,0.0,20.0,-20.0,0,-1,17,17
0.5,17,19,0,0,0,0,0,0,0.0,20.0,-20.0,0,-1,17,17
0.5,17,20,0,0,0,0,0,0,0.0,20.0,-20.0,0,-1,17,17
0.5,17,21,0,0,0,0,0,0,0.0,20.0,-20.0,0,-1,17,17
0.5,17,22,0,0,0,0,0,0,0.0,20.0,-20.0,0,-1,17,17
0.5,17,23,0,0,0,0,0,0,0.0,20.0,-20.0,0,-1,17,17
0.5,17,24,0,0,0,0,0,0,0.0,20.0,-20.0,0,-1,17,17
0.5,17,25,0,0,0,0,0,0,0.0,20.0,-20.0,0,-1,17,17
0.5,17,26,0,0,0,0,0,0,0.0,20.0,-20.0,0,-1,17,17
0.5,17,27,0,0,0,0,0,0,0.0,20.0,-20.0,0,-1,17,17
0.5,17,28,0,0,0,0,0,0,0.0,20.0,-20.0,0,-1,17,17
0.5,17,29,0,0,0,0,0,0,0.0,20.0,-20.0,0,-1,17,17
0.5,17,30,0,0,0,0,0,0,0.0,20.0,-20.0,0,-1,17,17
0.5,18,1,0,0,0,0,0,0,0.0,20.0,-20.0,0,-1,18,18
0.5,18,2,0,0,0,0,0,0,0.0,20.0,-20.0,0,-1,18,18
0.5,18,3,0,0,0,0,0,0,0.0,20.0,-20.0,0,-1,18,18
0.5,18,4,0,0,0,0,0,0,0.0,20.0,-20.0,0,-1,18,18
0.5,18,5,0,0,0,0,0,0,0.0,20.0,-20.0,0,-1,18,18
0.5,18,6,0,0,0,0,0,0,0.0,20.0,-20.0,0,-1,18,18
0.5,18,7,0,0,0,0,0,0,0.0,20.0,-20.0,0,-1,18,18
0.5,18,8,0,0,0,0,0,0,0.0,20.0,-20.0,0,-1,18,18
0.5,18,9,0,0,0,0,0,0,0.0,20.0,-20.0,0,-1,18,18
0.5,18,10,0,0,0,0,0,0,0.0,20.0,-20.0,0,-1,18,18
0.5,18,11,0,0,0,0,0,0,0.0,20.0,-20.0,0,-1,18,18
0.5,18,12,0,0,0,0,0,0,0.0,20.0,-20.0,0,-1,18,18
0.5,18,13,0,0,0,0,0,0,0.0,20.0,-20.0,0,-1,18,18
0.5,18,14,0,0,0,0,0,0,0.0,20.0,-20.0,0,-1,18,18
0.5,18,15,0,0,0,0,0,0,0.0,20.0,-20.0,0,-1,18,18
0.5,18,16,0,0,0,0,0,0,0.0,20.0,-20.0,0,-1,18,18
0.5,18,17,0,0,0,0,0,0,0.0,20.0,-20.0,0,-1,18,18
0.5,18,18,0,0,0,0,0,0,0.0,20.0,-20.0,0,-1,18,18
0.5,18,19,0,0,0,0,0,0,0.0,20.0,-20.0,0,-1,18,18
0.5,18,20,0,0,0,0,0,0,0.0,20.0,-20.0,0,-1,18,18
0.5,18,21,0,0,0,0,0,0,0.0,20.0,-20.0,0,-1,18,18
0.5,18,22,0,0,0,0,0,0,0.0,20.0,-20.0,0,-1,18,18
0.5,18,23,0,0,0,0,0,0,0.0,20.0,-20.0,0,-1,18,18
0.5,18,24,0,0,0,0,0,0,0.0,20.0,-20.0,0,-1,18,18
0.5,18,25,0,0,0,0,0,0,0.0,20.0,-20.0,0,-1,18,18
0.5,18,26,0,0,0,0,0,0,0.0,20.0,-20.0,0,-1,18,18
0.5,18,27,0,0,0,0,0,0,0.0,20.0,-20.0,0,-1,18,18
0.5,18,28,0,0,0,0,0,0,0.0,20.0,-20.0,0,-1,18,18
0.5,18,29,0,0,0,0,0,0,0.0,20.0,-20.0,0,-1,18,18
0.5,18,30,0,0,0,0,0,0,0.0,20.0,-20.0,0,-1,18,18
0.5,19,1,0,0,0,0,0,0,0.0,20.0,-20.0,0,-1,19,19
0.5,19,2,0,0,0,0,0,0,0.0,20.0,-20.0,0,-1,19,19
0.5,19,3,0,0,0,0,0,0,0.0,20.0,-20.0,0,-1,19,19
0.5,19,4,0,0,0,0,0,0,0.0,20.0,-20.0,0,-1,19,19
0.5,19,5,0,0,0,0,0,0,0.0,20.0,-20.0,0,-1,19,19
0.5,19,6,0,0,0,0,0,0,0.0,20.0,-20.0,0,-1,19,19
0.5,19,7,0,0,0,0,0,0,0.0,20.0,-20.0,0,-1,19,19
0.5,19,8,0,0,0,0,0,0,0.0,20.0,-20.0,0,-1,19,19
0.5,19,9,0,0,0,0,0,0,0.0,20.0,-20.0,0,-1,19,19
0.5,19,10,0,0,0,0,0,0,0.0,20.0,-20.0,0,-1,19,19
0.5,19,11,0,0,0,0,0,0,0.0,20.0,-20.0,0,-1,19,19
0.5,19,12,0,0,0,0,0,0,0.0,20.0,-20.0,0,-1,19,19
0.5,19,13,0,0,0,0,0,0,0.0,20.0,-20.0,0,-1,19,19
0.5,19,14,0,0,0,0,0,0,0.0,20.0,-20.0,0,-1,19,19
0.5,19,15,0,0,0,0,0,0,0.0,20.0,-20.0,0,-1,19,19
0.5,19,16,0,0,0,0,0,0,0.0,20.0,-20.0,0,-1,19,19
0.5,19,17,0,0,0,0,0,0,0.0,20.0,-20.0,0,-1,19,19
0.5,19,18,0,0,0,0,0,0,0.0,20.0,-20.0,0,-1,19,19
0.5,19,19,0,0,0,0,0,0,0.0,20.0,-20.0,0,-1,19,19
0.5,19,20,0,0,0,0,0,0,0.0,20.0,-20.0,0,-1,19,19
0.5,19,21,0,0,0,0,0,0,0.0,20.0,-20.0,0,-1,19,19
0.5,19,22,0,0,0,0,0,0,0.0,20.0,-20.0,0,-1,19,19
0.5,19,23,0,0,0,0,0,0,0.0,20.0,-20.0,0,-1,19,19
0.5,19,24,0,0,0,0,0,0,0.0,20.0,-20.0,0,-1,19,19
0.5,19,25,0,0,0,0,0,0,0.0,20.0,-20.0,0,-1,19,19
0.5,19,26,0,0,0,0,0,0,0.0,20.0,-20.0,0,-1,19,19
0.5,19,27,0,0,0,0,0,0,0.0,20.0,-20.0,0,-1,19,19
0.5,19,28,0,0,0,0,0,0,0.0,20.0,-20.0,0,-1,19,19
0.5,19,29,0,0,0,0,0,0,0.0,20.0,-20.0,0,-1,19,19
0.5,19,30,0,0,0,0,0,0,0.0,20.0,-20.0,0,-1,19,19
0.5,20,1,0,0,0,0,0,0,0.0,20.0,-20.0,0,-1,20,20
0.5,20,2,0,0,0,0,0,0,0.0,20.0,-20.0,0,-1,20,20
0.5,20,3,0,0,0,0,0,0,0.0,20.0,-20.0,0,-1,20,20
0.5,20,4,0,0,0,0,0,0,0.0,20.0,-20.0,0,-1,20,20
0.5,20,5,0,0,0,0,0,0,0.0,20.0,-20.0,0,-1,20,20
0.5,20,6,0,0,0,0,0,0,0.0,20.0,-20.0,0,-1,20,20
0.5,20,7,0,0,0,0,0,0,0.0,20.0,-20.0,0,-1,20,20
0.5,20,8,0,0,0,0,0,0,0.0,20.0,-20.0,0,-1,20,20
0.5,20,9,0,0,0,0,0,0,0.0,20.0,-20.0,0,-1,20,20
0.5,20,10,0,0,0,0,0,0,0.0,20.0,-20.0,0,-1,20,20
0.5,20,11,0,0,0,0,0,0,0.0,20.0,-20.0,0,-1,20,20
0.5,20,12,0,0,0,0,0,0,0.0,20.0,-20.0,0,-1,20,20
0.5,20,13,0,0,0,0,0,0,0.0,20.0,-20.0,0,-1,20,20
0.5,20,14,0,0,0,0,0,0,0.0,20.0,-20.0,0,-1,20,20
0.5,20,15,0,0,0,0,0,0,0.0,20.0,-20.0,0,-1,20,20
0.5,20,16,0,0,0,0,0,0,0.0,20.0,-20.0,0,-1,20,20
0.5,20,17,0,0,0,0,0,0,0.0,20.0,-20.0,0,-1,20,20
0.5,20,18,0,0,0,0,0,0,0.0,20.0,-20.0,0,-1,20,20
0.5,20,19,0,0,0,0,0,0,0.0,20.0,-20.0,0,-1,20,20
0.5,20,20,0,0,0,0,0,0,0.0,20.0,-20.0,0,-1,20,20
0.5,20,21,0,0,0,0,0,0,0.0,20.0,-20.0,0,-1,20,20
0.5,20,22,0,0,0,0,0,0,0.0,20.0,-20.0,0,-1,20,20
0.5,20,23,0,0,0,0,0,0,0.0,20.0,-20.0,0,-1,20,20
0.5,20,24,0,0,0,0,0,0,0.0,20.0,-20.0,0,-1,20,20
0.5,20,25,0,0,0,0,0,0,0.0,20.0,-20.0,0,-1,20,20
0.5,20,26,0,0,0,0,0,0,0.0,20.0,-20.0,0,-1,20,20
0.5,20,27,0,0,0,0,0,0,0.0,20.0,-20.0,0,-1,20,20
0.5,20,28,0,0,0,0,0,0,0.0,20.0,-20.0,0,-1,20,20
0.5,20,29,0,0,0,0,0,0,0.0,20.0,-20.0,0,-1,20,20
0.5,20,30,0,0,0,0,0,0,0.0,20.0,-20.0,0,-1,20,20
0.5,21,1,0,0,0,0,0,0,0.0,20.0,-20.0,0,-1,21,21
0.5,21,2,0,0,0,0,0,0,0.0,20.0,-20.0,0,-1,21,21
0.5,21,3,0,0,0,0,0,0,0.0,20.0,-20.0,0,-1,21,21
0.5,21,4,0,0,0,0,0,0,0.0,20.0,-20.0,0,-1,21,21
0.5,21,5,0,0,0,0,0,0,0.0,20.0,-20.0,0,-1,21,21
0.5,21,6,0,0,0,0,0,0,0.0,20.0,-20.0,0,-1,21,21
0.5,21,7,0,0,0,0,0,0,0.0,20.0,-20.0,0,-1,21,21
0.5,21,8,0,0,0,0,0,0,0.0,20.0,-20.0,0,-1,21,21
0.5,21,9,0,0,0,0,0,0,0.0,20.0,-20.0,0,-1,21,21
0.5,21,10,0,0,0,0,0,0,0.0,20.0,-20.0,0,-1,21,21
0.5,21,11,0,0,0,0,0,0,0.0,20.0,-20.0,0,-1,21,21
0.5,21,12,0,0,0,0,0,0,0.0,20.0,-20.0,0,-1,21,21
0.5,21,13,0,0,0,0,0,0,0.0,20.0,-20.0,0,-1,21,21
0.5,21,14,0,0,0,0,0,0,0.0,20.0,-20.0,0,-1,21,21
0.5,21,15,0,0,0,0,0,0,0.0,20.0,-20.0,0,-1,21,21
0.5,21,16,0,0,0,0,0,0,0.0,20.0,-20.0,0,-1,21,21
0.5,21,17,0,0,0,0,0,0,0.0,20.0,-20.0,0,-1,21,21
0.5,21,18,0,0,0,0,0,0,0.0,20.0,-20.0,0,-1,21,21
0.5,21,19,0,0,0,0,0,0,0.0,20.0,-20.0,0,-1,21,21
0.5,21,20,0,0,0,0,0,0,0.0,20.0,-20.0,0,-1,21,21
0.5,21,21,0,0,0,0,0,0,0.0,20.0,-20.0,0,-1,21,21
0.5,21,22,0,0,0,0,0,0,0.0,20.0,-20.0,0,-1,21,21
0.5,21,23,0,0,0,0,0,0,0.0,20.0,-20.0,0,-1,21,21
0.5,21,24,0,0,0,0,0,0,0.0,20.0,-20.0,0,-1,21,21
0.5,21,25,0,0,0,0,0,0,0.0,20.0,-20.0,0,-1,21,21
0.5,21,26,0,0,0,0,0,0,0.0,20.0,-20.0,0,-1,21,21
0.5,21,27,0,0,0,0,0,0,0.0,20.0,-20.0,0,-1,21,21
0.5,21,28,0,0,0,0,0,0,0.0,20.0,-20.0,0,-1,21,21
0.5,21,29,0,0,0,0,0,0,0.0,20.0,-20.0,0,-1,21,21
0.5,21,30,0,0,0,0,0,0,0.0,20.0,-20.0,0,-1,21,21
0.5,22,1,0,0,0,0,0,0,0.0,20.0,-20.0,0,-1,22,22
0.5,22,2,0,0,0,0,0,0,0.0,20.0,-20.0,0,-1,22,22
0.5,22,3,0,0,0,0,0,0,0.0,20.0,-20.0,0,-1,22,22
0.5,22,4,0,0,0,0,0,0,0.0,20.0,-20.0,0,-1,22,22
0.5,22,5,0,0,0,0,0,0,0.0,20.0,-20.0,0,-1,22,22
0.5,22,6,0,0,0,0,0,0,0.0,20.0,-20.0,0,-1,22,22
0.5,22,7,0,0,0,0,0,0,0.0,20.0,-20.0,0,-1,22,22
0.5,22,8,0,0,0,0,0,0,0.0,20.0,-20.0,0,-1,22,22
0.5,22,9,0,0,0,0,0,0,0.0,20.0,-20.0,0,-1,22,22
0.5,22,10,0,0,0,0,0,0,0.0,20.0,-20.0,0,-1,22,22
0.5,22,11,0,0,0,0,0,0,0.0,20.0,-20.0,0,-1,22,22
0.5,22,12,0,0,0,0,0,0,0.0,20.0,-20.0,0,-1,22,22
0.5,22,13,0,0,0,0,0,0,0.0,20.0,-20.0,0,-1,22,22
0.5,22,14,0,0,0,0,0,0,0.0,20.0,-20.0,0,-1,22,22
0.5,22,15,0,0,0,0,0,0,0.0,20.0,-20.0,0,-1,22,22
0.5,22,16,0,0,0,0,0,0,0.0,20.0,-20.0,0,-1,22,22
0.5,22,17,0,0,0,0,0,0,0.0,20.0,-20.0,0,-1,22,22
0.5,22,18,0,0,0,0,0,0,0.0,20.0,-20.0,0,-1,22,22
0.5,22,19,0,0,0,0,0,0,0.0,20.0,-20.0,0,-1,22,22
0.5,22,20,0,0,0,0,0,0,0.0,20.0,-20.0,0,-1,22,22
0.5,22,21,0,0,0,0,0,0,0.0,20.0,-20.0,0,-1,22,22
0.5,22,22,0,0,0,0,0,0,0.0,20.0,-20.0,0,-1,22,22
0.5,22,23,0,0,0,0,0,0,0.0,20.0,-20.0,0,-1,22,22
0.5,22,24,0,0,0,0,0,0,0.0,20.0,-20.0,0,-1,22,22
0.5,22,25,0,0,0,0,0,0,0.0,20.0,-20.0,0,-1,22,22
0.5,22,26,0,0,0,0,0,0,0.0,20.0,-20.0,0,-1,22,22
0.5,22,27,0,0,0,0,0,0,0.0,20.0,-20.0,0,-1,22,22
0.5,22,28,0,0,0,0,0,0,0.0,20.0,-20.0,0,-1,22,22
0.5,22,29,0,0,0,0,0,0,0.0,20.0,-20.0,0,-1,22,22
0.5,22,30,0,0,0,0,0,0,0.0,20.0,-20.0,0,-1,22,22
0.5,23,1,0,0,0,0,0,0,0.0,20.0,-20.0,0,-1,23,23
0.5,23,2,0,0,0,0,0,0,0.0,20.0,-20.0,0,-1,23,23
0.5,23,3,0,0,0,0,0,0,0.0,20.0,-20.0,0,-1,23,23
0.5,23,4,0,0,0,0,0,0,0.0,20.0,-20.0,0,-1,23,23
0.5,23,5,0,0,0,0,0,0,0.0,20.0,-20.0,0,-1,23,23
0.5,23,6,0,0,0,0,0,0,0.0,20.0,-20.0,0,-1,23,23
0.5,23,7,0,0,0,0,0,0,0.0,20.0,-20.0,0,-1,23,23
0.5,23,8,0,0,0,0,0,0,0.0,20.0,-20.0,0,-1,23,23
0.5,23,9,0,0,0,0,0,0,0.0,20.0,-20.0,0,-1,23,23
0.5,23,10,0,0,0,0,0,0,0.0,20.0,-20.0,0,-1,23,23
0.5,23,11,0,0,0,0,0,0,0.0,20.0,-20.0,0,-1,23,23
0.5,23,12,0,0,0,0,0,0,0.0,20.0,-20.0,0,-1,23,23
0.5,23,13,0,0,0,0,0,0,0.0,20.0,-20.0,0,-1,23,23
0.5,23,14,0,0,0,0,0,0,0.0,20.0,-20.0,0,-1,23,23
0.5,23,15,0,0,0,0,0,0,0.0,20.0,-20.0,0,-1,23,23
0.5,23,16,0,0,0,0,0,0,0.0,20.0,-20.0,0,-1,23,23
0.5,23,17,0,0,0,0,0,0,0.0,20.0,-20.0,0,-1,23,23
0.5,23,18,0,0,0,0,0,0,0.0,20.0,-20.0,0,-1,23,23
0.5,23,19,0,0,0,0,0,0,0.0,20.0,-20.0,0,-1,23,23
0.5,23,20,0,0,0,0,0,0,0.0,20.0,-20.0,0,-1,23,23
0.5,23,21,0,0,0,0,0,0,0.0,20.0,-20.0,0,-1,23,23
0.5,23,22,0,0,0,0,0,0,0.0,20.0,-20.0,0,-1,23,23
0.5,23,23,0,0,0,0,0,0,0.0,20.0,-20.0,0,-1,23,23
0.5,23,24,0,0,0,0,0,0,0.0,20.0,-20.0,0,-1,23,23
0.5,23,25,0,0,0,0,0,0,0.0,20.0,-20.0,0,-1,23,23
0.5,23,26,0,0,0,0,0,0,0.0,20.0,-20.0,0,-1,23,23
0.5,23,27,0,0,0,0,0,0,0.0,20.0,-20.0,0,-1,23,23
0.5,23,28,0,0,0,0,0,0,0.0,20.0,-20.0,0,-1,23,23
0.5,23,29,0,0,0,0,0,0,0.0,20.0,-20.0,0,-1,23,23
0.5,23,30,0,0,0,0,0,0,0.0,20.0,-20.0,0,-1,23,23
0.5,24,1,0,0,0,0,0,0,0.0,20.0,-20.0,0,-1,24,24
0.5,24,2,0,0,0,0,0,0,0.0,20.0,-20.0,0,-1,24,24
0.5,24,3,0,0,0,0,0,0,0.0,20.0,-20.0,0,-1,24,24
0.5,24,4,0,0,0,0,0,0,0.0,20.0,-20.0,0,-1,24,24
0.5,24,5,0,0,0,0,0,0,0.0,20.0,-20.0,0,-1,24,24
0.5,24,6,0,0,0,0,0,0,0.0,20.0,-20.0,0,-1,24,24
0.5,24,7,0,0,0,0,0,0,0.0,20.0,-20.0,0,-1,24,24
0.5,24,8,0,0,0,0,0,0,0.0,20.0,-20.0,0,-1,24,24
0.5,24,9,0,0,0,0,0,0,0.0,20.0,-20.0,0,-1,24,24
0.5,24,10,0,0,0,0,0,0,0.0,20.0,-20.0,0,-1,24,24
0.5,24,11,0,0,0,0,0,0,0.0,20.0,-20.0,0,-1,24,24
0.5,24,12,0,0,0,0,0,0,0.0,20.0,-20.0,0,-1,24,24
0.5,24,13,0,0,0,0,0,0,0.0,20.0,-20.0,0,-1,24,24
0.5,24,14,0,0,0,0,0,0,0.0,20.0,-20.0,0,-1,24,24
0.5,24,15,0,0,0,0,0,0,0.0,20.0,-20.0,0,-1,24,24
0.5,24,16,0,0,0,0,0,0,0.0,20.0,-20.0,0,-1,24,24
0.5,24,17,0,0,0,0,0,0,0.0,20.0,-20.0,0,-1,24,24
0.5,24,18,0,0,0,0,0,0,0.0,20.0,-20.0,0,-1,24,24
0.5,24,19,0,0,0,0,0,0,0.0,20.0,-20.0,0,-1,24,24
0.5,24,20,0,0,0,0,0,0,0.0,20.0,-20.0,0,-1,24,24
0.5,24,21,0,0,0,0,0,0,0.0,20.0,-20.0,0,-1,24,24
0.5,24,22,0,0,0,0,0,0,0.0,20.0,-20.0,0,-1,24,24
0.5,24,23,0,0,0,0,0,0,0.0,20.0,-20.0,0,-1,24,24
0.5,24,24,0,0,0,0,0,0,0.0,20.0,-20.0,0,-1,24,24
0.5,24,25,0,0,0,0,0,0,0.0,20.0,-20.0,0,-1,24,24
0.5,24,26,0,0,0,0,0,0,0.0,20.0,-20.0,0,-1,24,24
0.5,24,27,0,0,0,0,0,0,0.0,20.0,-20.0,0,-1,24,24
0.5,24,28,0,0,0,0,0,0,0.0,20.0,-20.0,0,-1,24,24
0.5,24,29,0,0,0,0,0,0,0.0,20.0,-20.0,0,-1,24,24
0.5,24,30,0,0,0,0,0,0,0.0,20.0,-20.0,0,-1,24,24
0.5,25,1,0,0,0,0,0,0,0.0,20.0,-20.0,0,-1,25,25
0.5,25,2,0,0,0,0,0,0,0.0,20.0,-20.0,0,-1,25,25
0.5,25,3,0,0,0,0,0,0,0.0,20.0,-20.0,0,-1,25,25
0.5,25,4,0,0,0,0,0,0,0.0,20.0,-20.0,0,-1,25,25
0.5,25,5,0,0,0,0,0,0,0.0,20.0,-20.0,0,-1,25,25
0.5,25,6,0,0,0,0,0,0,0.0,20.0,-20.0,0,-1,25,25
0.5,25,7,0,0,0,0,0,0,0.0,20.0,-20.0,0,-1,25,25
0.5,25,8,0,0,0,0,0,0,0.0,20.0,-20.0,0,-1,25,25
0.5,25,9,0,0,0,0,0,0,0.0,20.0,-20.0,0,-1,25,25
0.5,25,10,0,0,0,0,0,0,0.0,20.0,-20.0,0,-1,25,25
0.5,25,11,0,0,0,0,0,0,0.0,20.0,-20.0,0,-1,25,25
0.5,25,12,0,0,0,0,0,0,0.0,20.0,-20.0,0,-1,25,25
0.5,25,13,0,0,0,0,0,0,0.0,20.0,-20.0,0,-1,25,25
0.5,25,14,0,0,0,0,0,0,0.0,20.0,-20.0,0,-1,25,25
0.5,25,15,0,0,0,0,0,0,0.0,20.0,-20.0,0,-1,25,25
0.5,25,16,0,0,0,0,0,0,0.0,20.0,-20.0,0,-1,25,25
0.5,25,17,0,0,0,0,0,0,0.0,20.0,-20.0,0,-1,25,25
0.5,25,18,0,0,0,0,0,0,0.0,20.0,-20.0,0,-1,25,25
0.5,25,19,0,0,0,0,0,0,0.0,20.0,-20.0,0,-1,25,25
0.5,25,20,0,0,0,0,0,0,0.0,20.0,-20.0,0,-1,25,25
0.5,25,21,0,0,0,0,0,0,0.0,20.0,-20.0,0,-1,25,25
0.5,25,22,0,0,0,0,0,0,0.0,20.0,-20.0,0,-1,25,25
0.5,25,23,0,0,0,0,0,0,0.0,20.0,-20.0,0,-1,25,25
0.5,25,24,0,0,0,0,0,0,0.0,20.0,-20.0,0,-1,25,25
0.5,25,25,0,0,0,0,0,0,0.0,20.0,-20.0,0,-1,25,25
0.5,25,26,0,0,0,0,0,0,0.0,20.0,-20.0,0,-1,25,25
0.5,25,27,0,0,0,0,0,0,0.0,20.0,-20.0,0,-1,25,25
0.5,25,28,0,0,0,0,0,0,0.0,20.0,-20.0,0,-1,25,25
0.5,25,29,0,0,0,0,0,0,0.0,20.0,-20.0,0,-1,25,25
0.5,25,30,0,0,0,0,0,0,0.0,20.0,-20.0,0,-1,25,25
0.5,26,1,0,0,0,0,0,0,0.0,20.0,-20.0,0,-1,26,26
0.5,26,2,0,0,0,0,0,0,0.0,20.0,-20.0,0,-1,26,26
0.5,26,3,0,0,0,0,0,0,0.0,20.0,-20.0,0,-1,26,26
0.5,26,4,0,0,0,0,0,0,0.0,20.0,-20.0,0,-1,26,26
0.5,26,5,0,0,0,0,0,0,0.0,20.0,-20.0,0,-1,26,26
0.5,26,6,0,0,0,0,0,0,0.0,20.0,-20.0,0,-1,26,26
0.5,26,7,0,0,0,0,0,0,0.0,20.0,-20.0,0,-1,26,26
0.5,26,8,0,0,0,0,0,0,0.0,20.0,-20.0,0,-1,26,26
0.5,26,9,0,0,0,0,0,0,0.0,20.0,-20.0,0,-1,26,26
0.5,26,10,0,0,0,0,0,0,0.0,20.0,-20.0,0,-1,26,26
0.5,26,11,0,0,0,0,0,0,0.0,20.0,-20.0,0,-1,26,26
0.5,26,12,0,0,0,0,0,0,0.0,20.0,-20.0,0,-1,26,26
0.5,26,13,0,0,0,0,0,0,0.0,20.0,-20.0,0,-1,26,26
0.5,26,14,0,0,0,0,0,0,0.0,20.0,-20.0,0,-1,26,26
0.5,26,15,0,0,0,0,0,0,0.0,20.0,-20.0,0,-1,26,26
0.5,26,16,0,0,0,0,0,0,0.0,20.0,-20.0,0,-1,26,26
0.5,26,17,0,0,0,0,0,0,0.0,20.0,-20.0,0,-1,26,26
0.5,26,18,0,0,0,0,0,0,0.0,20.0,-20.0,0,-1,26,26
0.5,26,19,0,0,0,0,0,0,0.0,20.0,-20.0,0,-1,26,26
0.5,26,20,0,0,0,0,0,0,0.0,20.0,-20.0,0,-1,26,26
0.5,26,21,0,0,0,0,0,0,0.0,20.0,-20.0,0,-1,26,26
0.5,26,22,0,0,0,0,0,0,0.0,20.0,-20.0,0,-1,26,26
0.5,26,23,0,0,0,0,0,0,0.0,20.0,-20.0,0,-1,26,26
0.5,26,24,0,0,0,0,0,0,0.0,20.0,-20.0,0,-1,26,26
0.5,26,25,0,0,0,0,0,0,0.0,20.0,-20.0,0,-1,26,26
0.5,26,26,0,0,0,0,0,0,0.0,20.0,-20.0,0,-1,26,26
0.5,26,27,0,0,0,0,0,0,0.0,20.0,-20.0,0,-1,26,26
0.5,26,28,0,0,0,0,0,0,0.0,20.0,-20.0,0,-1,26,26
0.5,26,29,0,0,0,0,0,0,0.0,20.0,-20.0,0,-1,26,26
0.5,26,30,0,0,0,0,0,0,0.0,20.0,-20.0,0,-1,26,26
0.5,27,1,0,0,0,0,0,0,0.0,20.0,-20.0,0,-1,27,27
0.5,27,2,0,0,0,0,0,0,0.0,20.0,-20.0,0,-1,27,27
0.5,27,3,0,0,0,0,0,0,0.0,20.0,-20.0,0,-1,27,27
0.5,27,4,0,0,0,0,0,0,0.0,20.0,-20.0,0,-1,27,27
0.5,27,5,0,0,0,0,0,0,0.0,20.0,-20.0,0,-1,27,27
0.5,27,6,0,0,0,0,0,0,0.0,20.0,-20.0,0,-1,27,27
0.5,27,7,0,0,0,0,0,0,0.0,20.0,-20.0,0,-1,27,27
0.5,27,8,0,0,0,0,0,0,0.0,20.0,-20.0,0,-1,27,27
0.5,27,9,0,0,0,0,0,0,0.0,20.0,-20.0,0,-1,27,27
0.5,27,10,0,0,0,0,0,0,0.0,20.0,-20.0,0,-1,27,27
0.5,27,11,0,0,0,0,0,0,0.0,20.0,-20.0,0,-1,27,27
0.5,27,12,0,0,0,0,0,0,0.0,20.0,-20.0,0,-1,27,27
0.5,27,13,0,0,0,0,0,0,0.0,20.0,-20.0,0,-1,27,27
0.5,27,14,0,0,0,0,0,0,0.0,20.0,-20.0,0,-1,27,27
0.5,27,15,0,0,0,0,0,0,0.0,20.0,-20.0,0,-1,27,27
0.5,27,16,0,0,0,0,0,0,0.0,20.0,-20.0,0,-1,27,27
0.5,27,17,0,0,0,0,0,0,0.0,20.0,-20.0,0,-1,27,27
0.5,27,18,0,0,0,0,0,0,0.0,20.0,-20.0,0,-1,27,27
0.5,27,19,0,0,0,0,0,0,0.0,20.0,-20.0,0,-1,27,27
0.5,27,20,0,0,0,0,0,0,0.0,20.0,-20.0,0,-1,27,27
0.5,27,21,0,0,0,0,0,0,0.0,20.0,-20.0,0,-1,27,27
0.5,27,22,0,0,0,0,0,0,0.0,20.0,-20.0,0,-1,27,27
0.5,27,23,0,0,0,0,0,0,0.0,20.0,-20.0,0,-1,27,27
0.5,27,24,0,0,0,0,0,0,0.0,20.0,-20.0,0,-1,27,27
0.5,27,25,0,0,0,0,0,0,0.0,20.0,-20.0,0,-1,27,27
0.5,27,26,0,0,0,0,0,0,0.0,20.0,-20.0,0,-1,27,27
0.5,27,27,0,0,0,0,0,0,0.0,20.0,-20.0,0,-1,27,27
0.5,27,28,0,0,0,0,0,0,0.0,20.0,-20.0,0,-1,27,27
0.5,27,29,0,0,0,0,0,0,0.0,20.0,-20.0,0,-1,27,27
0.5,27,30,0,0,0,0,0,0,0.0,20.0,-20.0,0,-1,27,27
0.5,28,1,0,0,0,0,0,0,0.0,20.0,-20.0,0,-1,28,28
0.5,28,2,0,0,0,0,0,0,0.0,20.0,-20.0,0,-1,28,28
0.5,28,3,0,0,0,0,0,0,0.0,20.0,-20.0,0,-1,28,28
0.5,28,4,0,0,0,0,0,0,0.0,20.0,-20.0,0,-1,28,28
0.5,28,5,0,0,0,0,0,0,0.0,20.0,-20.0,0,-1,28,28
0.5,28,6,0,0,0,0,0,0,0.0,20.0,-20.0,0,-1,28,28
0.5,28,7,0,0,0,0,0,0,0.0,20.0,-20.0,0,-1,28,28
0.5,28,8,0,0,0,0,0,0,0.0,20.0,-20.0,0,-1,28,28
0.5,28,9,0,0,0,0,0,0,0.0,20.0,-20.0,0,-1,28,28
0.5,28,10,0,0,0,0,0,0,0.0,20.0,-20.0,0,-1,28,28
0.5,28,11,0,0,0,0,0,0,0.0,20.0,-20.0,0,-1,28,28
0.5,28,12,0,0,0,0,0,0,0.0,20.0,-20.0,0,-1,28,28
0.5,28,13,0,0,0,0,0,0,0.0,20.0,-20.0,0,-1,28,28
0.5,28,14,0,0,0,0,0,0,0.0,20.0,-20.0,0,-1,28,28
0.5,28,15,0,0,0,0,0,0,0.0,20.0,-20.0,0,-1,28,28
0.5,28,16,0,0,0,0,0,0,0.0,20.0,-20.0,0,-1,28,28
0.5,28,17,0,0,0,0,0,0,0.0,20.0,-20.0,0,-1,28,28
0.5,28,18,0,0,0,0,0,0,0.0,20.0,-20.0,0,-1,28,28
0.5,28,19,0,0,0,0,0,0,0.0,20.0,-20.0,0,-1,28,28
0.5,28,20,0,0,0,0,0,0,0.0,20.0,-20.0,0,-1,28,28
0.5,28,21,0,0,0,0,0,0,0.0,20.0,-20.0,0,-1,28,28
0.5,28,22,0,0,0,0,0,0,0.0,20.0,-20.0,0,-1,28,28
0.5,28,23,0,0,0,0,0,0,0.0,20.0,-20.0,0,-1,28,28
0.5,28,24,0,0,0,0,0,0,0.0,20.0,-20.0,0,-1,28,28
0.5,28,25,0,0,0,0,0,0,0.0,20.0,-20.0,0,-1,28,28
0.5,28,26,0,0,0,0,0,0,0.0,20.0,-20.0,0,-1,28,28
0.5,28,27,0,0,0,0,0,0,0.0,20.0,-20.0,0,-1,28,28
0.5,28,28,0,0,0,0,0,0,0.0,20.0,-20.0,0,-1,28,28
0.5,28,29,0,0,0,0,0,0,0.0,20.0,-20.0,0,-1,28,28
0.5,28,30,0,0,0,0,0,0,0.0,20.0,-20.0,0,-1,28,28
0.5,29,1,0,0,0,0,0,0,0.0,20.0,-20.0,0,-1,29,29
0.5,29,2,0,0,0,0,0,0,0.0,20.0,-20.0,0,-1,29,29
0.5,29,3,0,0,0,0,0,0,0.0,20.0,-20.0,0,-1,29,29
0.5,29,4,0,0,0,0,0,0,0.0,20.0,-20.0,0,-1,29,29
0.5,29,5,0,0,0,0,0,0,0.0,20.0,-20.0,0,-1,29,29
0.5,29,6,0,0,0,0,0,0,0.0,20.0,-20.0,0,-1,29,29
0.5,29,7,0,0,0,0,0,0,0.0,20.0,-20.0,0,-1,29,29
0.5,29,8,0,0,0,0,0,0,0.0,20.0,-20.0,0,-1,29,29
0.5,29,9,0,0,0,0,0,0,0.0,20.0,-20.0,0,-1,29,29
0.5,29,10,0,0,0,0,0,0,0.0,20.0,-20.0,0,-1,29,29
0.5,29,11,0,0,0,0,0,0,0.0,20.0,-20.0,0,-1,29,29
0.5,29,12,0,0,0,0,0,0,0.0,20.0,-20.0,0,-1,29,29
0.5,29,13,0,0,0,0,0,0,0.0,20.0,-20.0,0,-1,29,29
0.5,29,14,0,0,0,0,0,0,0.0,20.0,-20.0,0,-1,29,29
0.5,29,15,0,0,0,0,0,0,0.0,20.0,-20.0,0,-1,29,29
0.5,29,16,0,0,0,0,0,0,0.0,20.0,-20.0,0,-1,29,29
0.5,29,17,0,0,0,0,0,0,0.0,20.0,-20.0,0,-1,29,29
0.5,29,18,0,0,0,0,0,0,0.0,20.0,-20.0,0,-1,29,29
0.5,29,19,0,0,0,0,0,0,0.0,20.0,-20.0,0,-1,29,29
0.5,29,20,0,0,0,0,0,0,0.0,20.0,-20.0,0,-1,29,29
0.5,29,21,0,0,0,0,0,0,0.0,20.0,-20.0,0,-1,29,29
0.5,29,22,0,0,0,0,0,0,0.0,20.0,-20.0,0,-1,29,29
0.5,29,23,0,0,0,0,0,0,0.0,20.0,-20.0,0,-1,29,29
0.5,29,24,0,0,0,0,0,0,0.0,20.0,-20.0,0,-1,29,29
0.5,29,25,0,0,0,0,0,0,0.0,20.0,-20.0,0,-1,29,29
0.5,29,26,0,0,0,0,0,0,0.0,20.0,-20.0,0,-1,29,29
0.5,29,27,0,0,0,0,0,0,0.0,20.0,-20.0,0,-1,29,29
0.5,29,28,0,0,0,0,0,0,0.0,20.0,-20.0,0,-1,29,29
0.5,29,29,0,0,0,0,0,0,0.0,20.0,-20.0,0,-1,29,29
0.5,29,30,0,0,0,0,0,0,0.0,20.0,-20.0,0,-1,29,29
0.5,30,1,0,0,0,0,0,0,0.0,20.0,-20.0,0,-1,30,30
0.5,30,2,0,0,0,0,0,0,0.0,20.0,-20.0,0,-1,30,30
0.5,30,3,0,0,0,0,0,0,0.0,20.0,-20.0,0,-1,30,30
0.5,30,4,0,0,0,0,0,0,0.0,20.0,-20.0,0,-1,30,30
0.5,30,5,0,0,0,0,0,0,0.0,20.0,-20.0,0,-1,30,30
0.5,30,6,0,0,0,0,0,0,0.0,20.0,-20.0,0,-1,30,30
0.5,30,7,0,0,0,0,0,0,0.0,20.0,-20.0,0,-1,30,30
0.5,30,8,0,0,0,0,0,0,0.0,20.0,-20.0,0,-1,30,30
0.5,30,9,0,0,0,0,0,0,0.0,20.0,-20.0,0,-1,30,30
0.5,30,10,0,0,0,0,0,0,0.0,20.0,-20.0,0,-1,30,30
0.5,30,11,0,0,0,0,0,0,0.0,20.0,-20.0,0,-1,30,30
0.5,30,12,0,0,0,0,0,0,0.0,20.0,-20.0,0,-1,30,30
0.5,30,13,0,0,0,0,0,0,0.0,20.0,-20.0,0,-1,30,30
0.5,30,14,0,0,0,0,0,0,0.0,20.0,-20.0,0,-1,30,30
0.5,30,15,0,0,0,0,0,0,0.0,20.0,-20.0,0,-1,30,30
0.5,30,16,0,0,0,0,0,0,0.0,20.0,-20.0,0,-1,30,30
0.5,30,17,0,0,0,0,0,0,0.0,20.0,-20.0,0,-1,30,30
0.5,30,18,0,0,0,0,0,0,0.0,20.0,-20.0,0,-1,30,30
0.5,30,19,0,0,0,0,0,0,0.0,20.0,-20.0,0,-1,30,30
0.5,30,20,0,0,0,0,0,0,0.0,20.0,-20.0,0,-1,30,30
0.5,30,21,0,0,0,0,0,0,0.0,20.0,-20.0,0,-1,30,30
0.5,30,22,0,0,0,0,0,0,0.0,20.0,-20.0,0,-1,30,30
0.5,30,23,0,0,0,0,0,0,0.0,20.0,-20.0,0,-1,30,30
0.5,30,24,0,0,0,0,0,0,0.0,20.0,-20.0,0,-1,30,30
0.5,30,25,0,0,0,0,0,0,0.0,20.0,-20.0,0,-1,30,30
0.5,30,26,0,0,0,0,0,0,0.0,20.0,-20.0,0,-1,30,30
0.5,30,27,0,0,0,0,0,0,0.0,20.0,-20.0,0,-1,30,30
0.5,30,28,0,0,0,0,0,0,0.0,20.0,-20.0,0,-1,30,30
0.5,30,29,0,0,0,0,0,0,0.0,20.0,-20.0,0,-1,30,30
0.5,30,30,0,0,0,0,0,0,0.0,20.0,-20.0,0,-1,30,30
0.75,1,1,0,0,0,0,0,0,0.0,20.0,-20.0,0,-1,1,1
0.75,1,2,0,0,0,0,0,0,0.0,20.0,-20.0,0,-1,1,1
0.75,1,3,0,0,0,0,0,0,0.0,20.0,-20.0,0,-1,1,1
0.75,1,4,0,0,0,0,0,0,0.0,20.0,-20.0,0,-1,1,1
0.75,1,5,0,0,0,0,0,0,0.0,20.0,-20.0,0,-1,1,1
0.75,1,6,0,0,0,0,0,0,0.0,20.0,-20.0,0,-1,1,1
0.75,1,7,0,0,0,0,0,0,0.0,20.0,-20.0,0,-1,1,1
0.75,1,8,0,0,0,0,0,0,0.0,20.0,-20.0,0,-1,1,1
0.75,1,9,0,0,0,0,0,0,0.0,20.0,-20.0,0,-1,1,1
0.75,1,10,0,0,0,0,0,0,0.0,20.0,-20.0,0,-1,1,1
0.75,1,11,0,0,0,0,0,0,0.0,20.0,-20.0,0,-1,1,1
0.75,1,12,0,0,0,0,0,0,0.0,20.0,-20.0,0,-1,1,1
0.75,1,13,0,0,0,0,0,0,0.0,20.0,-20.0,0,-1,1,1
0.75,1,14,0,0,0,0,0,0,0.0,20.0,-20.0,0,-1,1,1
0.75,1,15,0,0,0,0,0,0,0.0,20.0,-20.0,0,-1,1,1
0.75,1,16,0,0,0,0,0,0,0.0,20.0,-20.0,0,-1,1,1
0.75,1,17,0,0,0,0,0,0,0.0,20.0,-20.0,0,-1,1,1
0.75,1,18,0,0,0,0,0,0,0.0,20.0,-20.0,0,-1,1,1
0.75,1,19,0,0,0,0,0,0,0.0,20.0,-20.0,0,-1,1,1
0.75,1,20,0,0,0,0,0,0,0.0,20.0,-20.0,0,-1,1,1
0.75,1,21,0,0,0,0,0,0,0.0,20.0,-20.0,0,-1,1,1
0.75,1,22,0,0,0,0,0,0,0.0,20.0,-20.0,0,-1,1,1
0.75,1,23,0,0,0,0,0,0,0.0,20.0,-20.0,0,-1,1,1
0.75,1,24,0,0,0,0,0,0,0.0,20.0,-20.0,0,-1,1,1
0.75,1,25,0,0,0,0,0,0,0.0,20.0,-20.0,0,-1,1,1
0.75,1,26,0,0,0,0,0,0,0.0,20.0,-20.0,0,-1,1,1
0.75,1,27,0,0,0,0,0,0,0.0,20.0,-20.0,0,-1,1,1
0.75,1,28,0,0,0,0,0,0,0.0,20.0,-20.0,0,-1,1,1
0.75,1,29,0,0,0,0,0,0,0.0,20.0,-20.0,0,-1,1,1
0.75,1,30,0,0,0,0,0,0,0.0,20.0,-20.0,0,-1,1,1
0.75,2,1,0,0,0,0,0,0,0.0,20.0,-20.0,0,-1,2,2
0.75,2,2,0,0,0,0,0,0,0.0,20.0,-20.0,0,-1,2,2
0.75,2,3,0,0,0,0,0,0,0.0,20.0,-20.0,0,-1,2,2
0.75,2,4,0,0,0,0,0,0,0.0,20.0,-20.0,0,-1,2,2
0.75,2,5,0,0,0,0,0,0,0.0,20.0,-20.0,0,-1,2,2
0.75,2,6,0,0,0,0,0,0,0.0,20.0,-20.0,0,-1,2,2
0.75,2,7,0,0,0,0,0,0,0.0,20.0,-20.0,0,-1,2,2
0.75,2,8,0,0,0,0,0,0,0.0,20.0,-20.0,0,-1,2,2
0.75,2,9,0,0,0,0,0,0,0.0,20.0,-20.0,0,-1,2,2
0.75,2,10,0,0,0,0,0,0,0.0,20.0,-20.0,0,-1,2,2
0.75,2,11,0,0,0,0,0,0,0.0,20.0,-20.0,0,-1,2,2
0.75,2,12,0,0,0,0,0,0,0.0,20.0,-20.0,0,-1,2,2
0.75,2,13,0,0,0,0,0,0,0.0,20.0,-20.0,0,-1,2,2
0.75,2,14,0,0,0,0,0,0,0.0,20.0,-20.0,0,-1,2,2
0.75,2,15,0,0,0,0,0,0,0.0,20.0,-20.0,0,-1,2,2
0.75,2,16,0,0,0,0,0,0,0.0,20.0,-20.0,0,-1,2,2
0.75,2,17,0,0,0,0,0,0,0.0,20.0,-20.0,0,-1,2,2
0.75,2,18,0,0,0,0,0,0,0.0,20.0,-20.0,0,-1,2,2
0.75,2,19,0,0,0,0,0,0,0.0,20.0,-20.0,0,-1,2,2
0.75,2,20,0,0,0,0,0,0,0.0,20.0,-20.0,0,-1,2,2
0.75,2,21,0,0,0,0,0,0,0.0,20.0,-20.0,0,-1,2,2
0.75,2,22,0,0,0,0,0,0,0.0,20.0,-20.0,0,-1,2,2
0.75,2,23,0,0,0,0,0,0,0.0,20.0,-20.0,0,-1,2,2
0.75,2,24,0,0,0,0,0,0,0.0,20.0,-20.0,0,-1,2,2
0.75,2,25,0,0,0,0,0,0,0.0,20.0,-20.0,0,-1,2,2
0.75,2,26,0,0,0,0,0,0,0.0,20.0,-20.0,0,-1,2,2
0.75,2,27,0,0,0,0,0,0,0.0,20.0,-20.0,0,-1,2,2
0.75,2,28,0,0,0,0,0,0,0.0,20.0,-20.0,0,-1,2,2
0.75,2,29,0,0,0,0,0,0,0.0,20.0,-20.0,0,-1,2,2
0.75,2,30,0,0,0,0,0,0,0.0,20.0,-20.0,0,-1,2,2
0.75,3,1,0,0,0,0,0,0,0.0,20.0,-20.0,0,-1,3,3
0.75,3,2,0,0,0,0,0,0,0.0,20.0,-20.0,0,-1,3,3
0.75,3,3,0,0,0,0,0,0,0.0,20.0,-20.0,0,-1,3,3
0.75,3,4,0,0,0,0,0,0,0.0,20.0,-20.0,0,-1,3,3
0.75,3,5,0,0,0,0,0,0,0.0,20.0,-20.0,0,-1,3,3
0.75,3,6,0,0,0,0,0,0,0.0,20.0,-20.0,0,-1,3,3
0.75,3,7,0,0,0,0,0,0,0.0,20.0,-20.0,0,-1,3,3
0.75,3,8,0,0,0,0,0,0,0.0,20.0,-20.0,0,-1,3,3
0.75,3,9,0,0,0,0,0,0,0.0,20.0,-20.0,0,-1,3,3
0.75,3,10,0,0,0,0,0,0,0.0,20.0,-20.0,0,-1,3,3
0.75,3,11,0,0,0,0,0,0,0.0,20.0,-20.0,0,-1,3,3
0.75,3,12,0,0,0,0,0,0,0.0,20.0,-20.0,0,-1,3,3
0.75,3,13,0,0,0,0,0,0,0.0,20.0,-20.0,0,-1,3,3
0.75,3,14,0,0,0,0,0,0,0.0,20.0,-20.0,0,-1,3,3
0.75,3,15,0,0,0,0,0,0,0.0,20.0,-20.0,0,-1,3,3
0.75,3,16,0,0,0,0,0,0,0.0,20.0,-20.0,0,-1,3,3
0.75,3,17,0,0,0,0,0,0,0.0,20.0,-20.0,0,-1,3,3
0.75,3,18,0,0,0,0,0,0,0.0,20.0,-20.0,0,-1,3,3
0.75,3,19,0,0,0,0,0,0,0.0,20.0,-20.0,0,-1,3,3
0.75,3,20,0,0,0,0,0,0,0.0,20.0,-20.0,0,-1,3,3
0.75,3,21,0,0,0,0,0,0,0.0,20.0,-20.0,0,-1,3,3
0.75,3,22,0,0,0,0,0,0,0.0,20.0,-20.0,0,-1,3,3
0.75,3,23,0,0,0,0,0,0,0.0,20.0,-20.0,0,-1,3,3
0.75,3,24,0,0,0,0,0,0,0.0,20.0,-20.0,0,-1,3,3
0.75,3,25,0,0,0,0,0,0,0.0,20.0,-20.0,0,-1,3,3
0.75,3,26,0,0,0,0,0,0,0.0,20.0,-20.0,0,-1,3,3
0.75,3,27,0,0,0,0,0,0,0.0,20.0,-20.0,0,-1,3,3
0.75,3,28,0,0,0,0,0,0,0.0,20.0,-20.0,0,-1,3,3
0.75,3,29,0,0,0,0,0,0,0.0,20.0,-20.0,0,-1,3,3
0.75,3,30,0,0,0,0,0,0,0.0,20.0,-20.0,0,-1,3,3
0.75,4,1,0,0,0,0,0,0,0.0,20.0,-20.0,0,-1,4,4
0.75,4,2,0,0,0,0,0,0,0.0,20.0,-20.0,0,-1,4,4
0.75,4,3,0,0,0,0,0,0,0.0,20.0,-20.0,0,-1,4,4
0.75,4,4,0,0,0,0,0,0,0.0,20.0,-20.0,0,-1,4,4
0.75,4,5,0,0,0,0,0,0,0.0,20.0,-20.0,0,-1,4,4
0.75,4,6,0,0,0,0,0,0,0.0,20.0,-20.0,0,-1,4,4
0.75,4,7,0,0,0,0,0,0,0.0,20.0,-20.0,0,-1,4,4
0.75,4,8,0,0,0,0,0,0,0.0,20.0,-20.0,0,-1,4,4
0.75,4,9,0,0,0,0,0,0,0.0,20.0,-20.0,0,-1,4,4
0.75,4,10,0,0,0,0,0,0,0.0,20.0,-20.0,0,-1,4,4
0.75,4,11,0,0,0,0,0,0,0.0,20.0,-20.0,0,-1,4,4
0.75,4,12,0,0,0,0,0,0,0.0,20.0,-20.0,0,-1,4,4
0.75,4,13,0,0,0,0,0,0,0.0,20.0,-20.0,0,-1,4,4
0.75,4,14,0,0,0,0,0,0,0.0,20.0,-20.0,0,-1,4,4
0.75,4,15,0,0,0,0,0,0,0.0,20.0,-20.0,0,-1,4,4
0.75,4,16,0,0,0,0,0,0,0.0,20.0,-20.0,0,-1,4,4
0.75,4,17,0,0,0,0,0,0,0.0,20.0,-20.0,0,-1,4,4
0.75,4,18,0,0,0,0,0,0,0.0,20.0,-20.0,0,-1,4,4
0.75,4,19,0,0,0,0,0,0,0.0,20.0,-20.0,0,-1,4,4
0.75,4,20,0,0,0,0,0,0,0.0,20.0,-20.0,0,-1,4,4
0.75,4,21,0,0,0,0,0,0,0.0,20.0,-20.0,0,-1,4,4
0.75,4,22,0,0,0,0,0,0,0.0,20.0,-20.0,0,-1,4,4
0.75,4,23,0,0,0,0,0,0,0.0,20.0,-20.0,0,-1,4,4
0.75,4,24,0,0,0,0,0,0,0.0,20.0,-20.0,0,-1,4,4
0.75,4,25,0,0,0,0,0,0,0.0,20.0,-20.0,0,-1,4,4
0.75,4,26,0,0,0,0,0,0,0.0,20.0,-20.0,0,-1,4,4
0.75,4,27,0,0,0,0,0,0,0.0,20.0,-20.0,0,-1,4,4
0.75,4,28,0,0,0,0,0,0,0.0,20.0,-20.0,0,-1,4,4
0.75,4,29,0,0,0,0,0,0,0.0,20.0,-20.0,0,-1,4,4
0.75,4,30,0,0,0,0,0,0,0.0,20.0,-20.0,0,-1,4,4
0.75,5,1,0,0,0,0,0,0,0.0,20.0,-20.0,0,-1,5,5
0.75,5,2,0,0,0,0,0,0,0.0,20.0,-20.0,0,-1,5,5
0.75,5,3,0,0,0,0,0,0,0.0,20.0,-20.0,0,-1,5,5
0.75,5,4,0,0,0,0,0,0,0.0,20.0,-20.0,0,-1,5,5
0.75,5,5,0,0,0,0,0,0,0.0,20.0,-20.0,0,-1,5,5
0.75,5,6,0,0,0,0,0,0,0.0,20.0,-20.0,0,-1,5,5
0.75,5,7,0,0,0,0,0,0,0.0,20.0,-20.0,0,-1,5,5
0.75,5,8,0,0,0,0,0,0,0.0,20.0,-20.0,0,-1,5,5
0.75,5,9,0,0,0,0,0,0,0.0,20.0,-20.0,0,-1,5,5
0.75,5,10,0,0,0,0,0,0,0.0,20.0,-20.0,0,-1,5,5
0.75,5,11,0,0,0,0,0,0,0.0,20.0,-20.0,0,-1,5,5
0.75,5,12,0,0,0,0,0,0,0.0,20.0,-20.0,0,-1,5,5
0.75,5,13,0,0,0,0,0,0,0.0,20.0,-20.0,0,-1,5,5
0.75,5,14,0,0,0,0,0,0,0.0,20.0,-20.0,0,-1,5,5
0.75,5,15,0,0,0,0,0,0,0.0,20.0,-20.0,0,-1,5,5
0.75,5,16,0,0,0,0,0,0,0.0,20.0,-20.0,0,-1,5,5
0.75,5,17,0,0,0,0,0,0,0.0,20.0,-20.0,0,-1,5,5
0.75,5,18,0,0,0,0,0,0,0.0,20.0,-20.0,0,-1,5,5
0.75,5,19,0,0,0,0,0,0,0.0,20.0,-20.0,0,-1,5,5
0.75,5,20,0,0,0,0,0,0,0.0,20.0,-20.0,0,-1,5,5
0.75,5,21,0,0,0,0,0,0,0.0,20.0,-20.0,0,-1,5,5
0.75,5,22,0,0,0,0,0,0,0.0,20.0,-20.0,0,-1,5,5
0.75,5,23,0,0,0,0,0,0,0.0,20.0,-20.0,0,-1,5,5
0.75,5,24,0,0,0,0,0,0,0.0,20.0,-20.0,0,-1,5,5
0.75,5,25,0,0,0,0,0,0,0.0,20.0,-20.0,0,-1,5,5
0.75,5,26,0,0,0,0,0,0,0.0,20.0,-20.0,0,-1,5,5
0.75,5,27,0,0,0,0,0,0,0.0,20.0,-20.0,0,-1,5,5
0.75,5,28,0,0,0,0,0,0,0.0,20.0,-20.0,0,-1,5,5
0.75,5,29,0,0,0,0,0,0,0.0,20.0,-20.0,0,-1,5,5
0.75,5,30,0,0,0,0,0,0,0.0,20.0,-20.0,0,-1,5,5
0.75,6,1,0,0,0,0,0,0,0.0,20.0,-20.0,0,-1,6,6
0.75,6,2,0,0,0,0,0,0,0.0,20.0,-20.0,0,-1,6,6
0.75,6,3,0,0,0,0,0,0,0.0,20.0,-20.0,0,-1,6,6
0.75,6,4,0,0,0,0,0,0,0.0,20.0,-20.0,0,-1,6,6
0.75,6,5,0,0,0,0,0,0,0.0,20.0,-20.0,0,-1,6,6
0.75,6,6,0,0,0,0,0,0,0.0,20.0,-20.0,0,-1,6,6
0.75,6,7,0,0,0,0,0,0,0.0,20.0,-20.0,0,-1,6,6
0.75,6,8,0,0,0,0,0,0,0.0,20.0,-20.0,0,-1,6,6
0.75,6,9,0,0,0,0,0,0,0.0,20.0,-20.0,0,-1,6,6
0.75,6,10,0,0,0,0,0,0,0.0,20.0,-20.0,0,-1,6,6
0.75,6,11,0,0,0,0,0,0,0.0,20.0,-20.0,0,-1,6,6
0.75,6,12,0,0,0,0,0,0,0.0,20.0,-20.0,0,-1,6,6
0.75,6,13,0,0,0,0,0,0,0.0,20.0,-20.0,0,-1,6,6
0.75,6,14,0,0,0,0,0,0,0.0,20.0,-20.0,0,-1,6,6
0.75,6,15,0,0,0,0,0,0,0.0,20.0,-20.0,0,-1,6,6
0.75,6,16,0,0,0,0,0,0,0.0,20.0,-20.0,0,-1,6,6
0.75,6,17,0,0,0,0,0,0,0.0,20.0,-20.0,0,-1,6,6
0.75,6,18,0,0,0,0,0,0,0.0,20.0,-20.0,0,-1,6,6
0.75,6,19,0,0,0,0,0,0,0.0,20.0,-20.0,0,-1,6,6
0.75,6,20,0,0,0,0,0,0,0.0,20.0,-20.0,0,-1,6,6
0.75,6,21,0,0,0,0,0,0,0.0,20.0,-20.0,0,-1,6,6
0.75,6,22,0,0,0,0,0,0,0.0,20.0,-20.0,0,-1,6,6
0.75,6,23,0,0,0,0,0,0,0.0,20.0,-20.0,0,-1,6,6
0.75,6,24,0,0,0,0,0,0,0.0,20.0,-20.0,0,-1,6,6
0.75,6,25,0,0,0,0,0,0,0.0,20.0,-20.0,0,-1,6,6
0.75,6,26,0,0,0,0,0,0,0.0,20.0,-20.0,0,-1,6,6
0.75,6,27,0,0,0,0,0,0,0.0,20.0,-20.0,0,-1,6,6
0.75,6,28,0,0,0,0,0,0,0.0,20.0,-20.0,0,-1,6,6
0.75,6,29,0,0,0,0,0,0,0.0,20.0,-20.0,0,-1,6,6
0.75,6,30,0,0,0,0,0,0,0.0,20.0,-20.0,0,-1,6,6
0.75,7,1,0,0,0,0,0,0,0.0,20.0,-20.0,0,-1,7,7
0.75,7,2,0,0,0,0,0,0,0.0,20.0,-20.0,0,-1,7,7
0.75,7,3,0,0,0,0,0,0,0.0,20.0,-20.0,0,-1,7,7
0.75,7,4,0,0,0,0,0,0,0.0,20.0,-20.0,0,-1,7,7
0.75,7,5,0,0,0,0,0,0,0.0,20.0,-20.0,0,-1,7,7
0.75,7,6,0,0,0,0,0,0,0.0,20.0,-20.0,0,-1,7,7
0.75,7,7,0,0,0,0,0,0,0.0,20.0,-20.0,0,-1,7,7
0.75,7,8,0,0,0,0,0,0,0.0,20.0,-20.0,0,-1,7,7
0.75,7,9,0,0,0,0,0,0,0.0,20.0,-20.0,0,-1,7,7
0.75,7,10,0,0,0,0,0,0,0.0,20.0,-20.0,0,-1,7,7
0.75,7,11,0,0,0,0,0,0,0.0,20.0,-20.0,0,-1,7,7
0.75,7,12,0,0,0,0,0,0,0.0,20.0,-20.0,0,-1,7,7
0.75,7,13,0,0,0,0,0,0,0.0,20.0,-20.0,0,-1,7,7
0.75,7,14,0,0,0,0,0,0,0.0,20.0,-20.0,0,-1,7,7
0.75,7,15,0,0,0,0,0,0,0.0,20.0,-20.0,0,-1,7,7
0.75,7,16,0,0,0,0,0,0,0.0,20.0,-20.0,0,-1,7,7
0.75,7,17,0,0,0,0,0,0,0.0,20.0,-20.0,0,-1,7,7
0.75,7,18,0,0,0,0,0,0,0.0,20.0,-20.0,0,-1,7,7
0.75,7,19,0,0,0,0,0,0,0.0,20.0,-20.0,0,-1,7,7
0.75,7,20,0,0,0,0,0,0,0.0,20.0,-20.0,0,-1,7,7
0.75,7,21,0,0,0,0,0,0,0.0,20.0,-20.0,0,-1,7,7
0.75,7,22,0,0,0,0,0,0,0.0,20.0,-20.0,0,-1,7,7
0.75,7,23,0,0,0,0,0,0,0.0,20.0,-20.0,0,-1,7,7
0.75,7,24,0,0,0,0,0,0,0.0,20.0,-20.0,0,-1,7,7
0.75,7,25,0,0,0,0,0,0,0.0,20.0,-20.0,0,-1,7,7
0.75,7,26,0,0,0,0,0,0,0.0,20.0,-20.0,0,-1,7,7
0.75,7,27,0,0,0,0,0,0,0.0,20.0,-20.0,0,-1,7,7
0.75,7,28,0,0,0,0,0,0,0.0,20.0,-20.0,0,-1,7,7
0.75,7,29,0,0,0,0,0,0,0.0,20.0,-20.0,0,-1,7,7
0.75,7,30,0,0,0,0,0,0,0.0,20.0,-20.0,0,-1,7,7
0.75,8,1,0,0,0,0,0,0,0.0,20.0,-20.0,0,-1,8,8
0.75,8,2,0,0,0,0,0,0,0.0,20.0,-20.0,0,-1,8,8
0.75,8,3,0,0,0,0,0,0,0.0,20.0,-20.0,0,-1,8,8
0.75,8,4,0,0,0,0,0,0,0.0,20.0,-20.0,0,-1,8,8
0.75,8,5,0,0,0,0,0,0,0.0,20.0,-20.0,0,-1,8,8
0.75,8,6,0,0,0,0,0,0,0.0,20.0,-20.0,0,-1,8,8
0.75,8,7,0,0,0,0,0,0,0.0,20.0,-20.0,0,-1,8,8
0.75,8,8,0,0,0,0,0,0,0.0,20.0,-20.0,0,-1,8,8
0.75,8,9,0,0,0,0,0,0,0.0,20.0,-20.0,0,-1,8,8
0.75,8,10,0,0,0,0,0,0,0.0,20.0,-20.0,0,-1,8,8
0.75,8,11,0,0,0,0,0,0,0.0,20.0,-20.0,0,-1,8,8
0.75,8,12,0,0,0,0,0,0,0.0,20.0,-20.0,0,-1,8,8
0.75,8,13,0,0,0,0,0,0,0.0,20.0,-20.0,0,-1,8,8
0.75,8,14,0,0,0,0,0,0,0.0,20.0,-20.0,0,-1,8,8
0.75,8,15,0,0,0,0,0,0,0.0,20.0,-20.0,0,-1,8,8
0.75,8,16,0,0,0,0,0,0,0.0,20.0,-20.0,0,-1,8,8
0.75,8,17,0,0,0,0,0,0,0.0,20.0,-20.0,0,-1,8,8
0.75,8,18,0,0,0,0,0,0,0.0,20.0,-20.0,0,-1,8,8
0.75,8,19,0,0,0,0,0,0,0.0,20.0,-20.0,0,-1,8,8
0.75,8,20,0,0,0,0,0,0,0.0,20.0,-20.0,0,-1,8,8
0.75,8,21,0,0,0,0,0,0,0.0,20.0,-20.0,0,-1,8,8
0.75,8,22,0,0,0,0,0,0,0.0,20.0,-20.0,0,-1,8,8
0.75,8,23,0,0,0,0,0,0,0.0,20.0,-20.0,0,-1,8,8
0.75,8,24,0,0,0,0,0,0,0.0,20.0,-20.0,0,-1,8,8
0.75,8,25,0,0,0,0,0,0,0.0,20.0,-20.0,0,-1,8,8
0.75,8,26,0,0,0,0,0,0,0.0,20.0,-20.0,0,-1,8,8
0.75,8,27,0,0,0,0,0,0,0.0,20.0,-20.0,0,-1,8,8
0.75,8,28,0,0,0,0,0,0,0.0,20.0,-20.0,0,-1,8,8
0.75,8,29,0,0,0,0,0,0,0.0,20.0,-20.0,0,-1,8,8
0.75,8,30,0,0,0,0,0,0,0.0,20.0,-20.0,0,-1,8,8
0.75,9,1,0,0,0,0,0,0,0.0,20.0,-20.0,0,-1,9,9
0.75,9,2,0,0,0,0,0,0,0.0,20.0,-20.0,0,-1,9,9
0.75,9,3,0,0,0,0,0,0,0.0,20.0,-20.0,0,-1,9,9
0.75,9,4,0,0,0,0,0,0,0.0,20.0,-20.0,0,-1,9,9
0.75,9,5,0,0,0,0,0,0,0.0,20.0,-20.0,0,-1,9,9
0.75,9,6,0,0,0,0,0,0,0.0,20.0,-20.0,0,-1,9,9
0.75,9,7,0,0,0,0,0,0,0.0,20.0,-20.0,0,-1,9,9
0.75,9,8,0,0,0,0,0,0,0.0,20.0,-20.0,0,-1,9,9
0.75,9,9,0,0,0,0,0,0,0.0,20.0,-20.0,0,-1,9,9
0.75,9,10,0,0,0,0,0,0,0.0,20.0,-20.0,0,-1,9,9
0.75,9,11,0,0,0,0,0,0,0.0,20.0,-20.0,0,-1,9,9
0.75,9,12,0,0,0,0,0,0,0.0,20.0,-20.0,0,-1,9,9
0.75,9,13,0,0,0,0,0,0,0.0,20.0,-20.0,0,-1,9,9
0.75,9,14,0,0,0,0,0,0,0.0,20.0,-20.0,0,-1,9,9
0.75,9,15,0,0,0,0,0,0,0.0,20.0,-20.0,0,-1,9,9
0.75,9,16,0,0,0,0,0,0,0.0,20.0,-20.0,0,-1,9,9
0.75,9,17,0,0,0,0,0,0,0.0,20.0,-20.0,0,-1,9,9
0.75,9,18,0,0,0,0,0,0,0.0,20.0,-20.0,0,-1,9,9
0.75,9,19,0,0,0,0,0,0,0.0,20.0,-20.0,0,-1,9,9
0.75,9,20,0,0,0,0,0,0,0.0,20.0,-20.0,0,-1,9,9
0.75,9,21,0,0,0,0,0,0,0.0,20.0,-20.0,0,-1,9,9
0.75,9,22,0,0,0,0,0,0,0.0,20.0,-20.0,0,-1,9,9
0.75,9,23,0,0,0,0,0,0,0.0,20.0,-20.0,0,-1,9,9
0.75,9,24,0,0,0,0,0,0,0.0,20.0,-20.0,0,-1,9,9
0.75,9,25,0,0,0,0,0,0,0.0,20.0,-20.0,0,-1,9,9
0.75,9,26,0,0,0,0,0,0,0.0,20.0,-20.0,0,-1,9,9
0.75,9,27,0,0,0,0,0,0,0.0,20.0,-20.0,0,-1,9,9
0.75,9,28,0,0,0,0,0,0,0.0,20.0,-20.0,0,-1,9,9
0.75,9,29,0,0,0,0,0,0,0.0,20.0,-20.0,0,-1,9,9
0.75,9,30,0,0,0,0,0,0,0.0,20.0,-20.0,0,-1,9,9
0.75,10,1,0,0,0,0,0,0,0.0,20.0,-20.0,0,-1,10,10
0.75,10,2,0,0,0,0,0,0,0.0,20.0,-20.0,0,-1,10,10
0.75,10,3,0,0,0,0,0,0,0.0,20.0,-20.0,0,-1,10,10
0.75,10,4,0,0,0,0,0,0,0.0,20.0,-20.0,0,-1,10,10
0.75,10,5,0,0,0,0,0,0,0.0,20.0,-20.0,0,-1,10,10
0.75,10,6,0,0,0,0,0,0,0.0,20.0,-20.0,0,-1,10,10
0.75,10,7,0,0,0,0,0,0,0.0,20.0,-20.0,0,-1,10,10
0.75,10,8,0,0,0,0,0,0,0.0,20.0,-20.0,0,-1,10,10
0.75,10,9,0,0,0,0,0,0,0.0,20.0,-20.0,0,-1,10,10
0.75,10,10,0,0,0,0,0,0,0.0,20.0,-20.0,0,-1,10,10
0.75,10,11,0,0,0,0,0,0,0.0,20.0,-20.0,0,-1,10,10
0.75,10,12,0,0,0,0,0,0,0.0,20.0,-20.0,0,-1,10,10
0.75,10,13,0,0,0,0,0,0,0.0,20.0,-20.0,0,-1,10,10
0.75,10,14,0,0,0,0,0,0,0.0,20.0,-20.0,0,-1,10,10
0.75,10,15,0,0,0,0,0,0,0.0,20.0,-20.0,0,-1,10,10
0.75,10,16,0,0,0,0,0,0,0.0,20.0,-20.0,0,-1,10,10
0.75,10,17,0,0,0,0,0,0,0.0,20.0,-20.0,0,-1,10,10
0.75,10,18,0,0,0,0,0,0,0.0,20.0,-20.0,0,-1,10,10
0.75,10,19,0,0,0,0,0,0,0.0,20.0,-20.0,0,-1,10,10
0.75,10,20,0,0,0,0,0,0,0.0,20.0,-20.0,0,-1,10,10
0.75,10,21,0,0,0,0,0,0,0.0,20.0,-20.0,0,-1,10,10
0.75,10,22,0,0,0,0,0,0,0.0,20.0,-20.0,0,-1,10,10
0.75,10,23,0,0,0,0,0,0,0.0,20.0,-20.0,0,-1,10,10
0.75,10,24,0,0,0,0,0,0,0.0,20.0,-20.0,0,-1,10,10
0.75,10,25,0,0,0,0,0,0,0.0,20.0,-20.0,0,-1,10,10
0.75,10,26,0,0,0,0,0,0,0.0,20.0,-20.0,0,-1,10,10
0.75,10,27,0,0,0,0,0,0,0.0,20.0,-20.0,0,-1,10,10
0.75,10,28,0,0,0,0,0,0,0.0,20.0,-20.0,0,-1,10,10
0.75,10,29,0,0,0,0,0,0,0.0,20.0,-20.0,0,-1,10,10
0.75,10,30,0,0,0,0,0,0,0.0,20.0,-20.0,0,-1,10,10
0.75,11,1,0,0,0,0,0,0,0.0,20.0,-20.0,0,-1,11,11
0.75,11,2,0,0,0,0,0,0,0.0,20.0,-20.0,0,-1,11,11
0.75,11,3,0,0,0,0,0,0,0.0,20.0,-20.0,0,-1,11,11
0.75,11,4,0,0,0,0,0,0,0.0,20.0,-20.0,0,-1,11,11
0.75,11,5,0,0,0,0,0,0,0.0,20.0,-20.0,0,-1,11,11
0.75,11,6,0,0,0,0,0,0,0.0,20.0,-20.0,0,-1,11,11
0.75,11,7,0,0,0,0,0,0,0.0,20.0,-20.0,0,-1,11,11
0.75,11,8,0,0,0,0,0,0,0.0,20.0,-20.0,0,-1,11,11
0.75,11,9,0,0,0,0,0,0,0.0,20.0,-20.0,0,-1,11,11
0.75,11,10,0,0,0,0,0,0,0.0,20.0,-20.0,0,-1,11,11
0.75,11,11,0,0,0,0,0,0,0.0,20.0,-20.0,0,-1,11,11
0.75,11,12,0,0,0,0,0,0,0.0,20.0,-20.0,0,-1,11,11
0.75,11,13,0,0,0,0,0,0,0.0,20.0,-20.0,0,-1,11,11
0.75,11,14,0,0,0,0,0,0,0.0,20.0,-20.0,0,-1,11,11
0.75,11,15,0,0,0,0,0,0,0.0,20.0,-20.0,0,-1,11,11
0.75,11,16,0,0,0,0,0,0,0.0,20.0,-20.0,0,-1,11,11
0.75,11,17,0,0,0,0,0,0,0.0,20.0,-20.0,0,-1,11,11
0.75,11,18,0,0,0,0,0,0,0.0,20.0,-20.0,0,-1,11,11
0.75,11,19,0,0,0,0,0,0,0.0,20.0,-20.0,0,-1,11,11
0.75,11,20,0,0,0,0,0,0,0.0,20.0,-20.0,0,-1,11,11
0.75,11,21,0,0,0,0,0,0,0.0,20.0,-20.0,0,-1,11,11
0.75,11,22,0,0,0,0,0,0,0.0,20.0,-20.0,0,-1,11,11
0.75,11,23,0,0,0,0,0,0,0.0,20.0,-20.0,0,-1,11,11
0.75,11,24,0,0,0,0,0,0,0.0,20.0,-20.0,0,-1,11,11
0.75,11,25,0,0,0,0,0,0,0.0,20.0,-20.0,0,-1,11,11
0.75,11,26,0,0,0,0,0,0,0.0,20.0,-20.0,0,-1,11,11
0.75,11,27,0,0,0,0,0,0,0.0,20.0,-20.0,0,-1,11,11
0.75,11,28,0,0,0,0,0,0,0.0,20.0,-20.0,0,-1,11,11
0.75,11,29,0,0,0,0,0,0,0.0,20.0,-20.0,0,-1,11,11
0.75,11,30,0,0,0,0,0,0,0.0,20.0,-20.0,0,-1,11,11
0.75,12,1,0,0,0,0,0,0,0.0,20.0,-20.0,0,-1,12,12
0.75,12,2,0,0,0,0,0,0,0.0,20.0,-20.0,0,-1,12,12
0.75,12,3,0,0,0,0,0,0,0.0,20.0,-20.0,0,-1,12,12
0.75,12,4,0,0,0,0,0,0,0.0,20.0,-20.0,0,-1,12,12
0.75,12,5,0,0,0,0,0,0,0.0,20.0,-20.0,0,-1,12,12
0.75,12,6,0,0,0,0,0,0,0.0,20.0,-20.0,0,-1,12,12
0.75,12,7,0,0,0,0,0,0,0.0,20.0,-20.0,0,-1,12,12
0.75,12,8,0,0,0,0,0,0,0.0,20.0,-20.0,0,-1,12,12
0.75,12,9,0,0,0,0,0,0,0.0,20.0,-20.0,0,-1,12,12
0.75,12,10,0,0,0,0,0,0,0.0,20.0,-20.0,0,-1,12,12
0.75,12,11,0,0,0,0,0,0,0.0,20.0,-20.0,0,-1,12,12
0.75,12,12,0,0,0,0,0,0,0.0,20.0,-20.0,0,-1,12,12
0.75,12,13,0,0,0,0,0,0,0.0,20.0,-20.0,0,-1,12,12
0.75,12,14,0,0,0,0,0,0,0.0,20.0,-20.0,0,-1,12,12
0.75,12,15,0,0,0,0,0,0,0.0,20.0,-20.0,0,-1,12,12
0.75,12,16,0,0,0,0,0,0,0.0,20.0,-20.0,0,-1,12,12
0.75,12,17,0,0,0,0,0,0,0.0,20.0,-20.0,0,-1,12,12
0.75,12,18,0,0,0,0,0,0,0.0,20.0,-20.0,0,-1,12,12
0.75,12,19,0,0,0,0,0,0,0.0,20.0,-20.0,0,-1,12,12
0.75,12,20,0,0,0,0,0,0,0.0,20.0,-20.0,0,-1,12,12
0.75,12,21,0,0,0,0,0,0,0.0,20.0,-20.0,0,-1,12,12
0.75,12,22,0,0,0,0,0,0,0.0,20.0,-20.0,0,-1,12,12
0.75,12,23,0,0,0,0,0,0,0.0,20.0,-20.0,0,-1,12,12
0.75,12,24,0,0,0,0,0,0,0.0,20.0,-20.0,0,-1,12,12
0.75,12,25,0,0,0,0,0,0,0.0,20.0,-20.0,0,-1,12,12
0.75,12,26,0,0,0,0,0,0,0.0,20.0,-20.0,0,-1,12,12
0.75,12,27,0,0,0,0,0,0,0.0,20.0,-20.0,0,-1,12,12
0.75,12,28,0,0,0,0,0,0,0.0,20.0,-20.0,0,-1,12,12
0.75,12,29,0,0,0,0,0,0,0.0,20.0,-20.0,0,-1,12,12
0.75,12,30,0,0,0,0,0,0,0.0,20.0,-20.0,0,-1,12,12
0.75,13,1,0,0,0,0,0,0,0.0,20.0,-20.0,0,-1,13,13
0.75,13,2,0,0,0,0,0,0,0.0,20.0,-20.0,0,-1,13,13
0.75,13,3,0,0,0,0,0,0,0.0,20.0,-20.0,0,-1,13,13
0.75,13,4,0,0,0,0,0,0,0.0,20.0,-20.0,0,-1,13,13
0.75,13,5,0,0,0,0,0,0,0.0,20.0,-20.0,0,-1,13,13
0.75,13,6,0,0,0,0,0,0,0.0,20.0,-20.0,0,-1,13,13
0.75,13,7,0,0,0,0,0,0,0.0,20.0,-20.0,0,-1,13,13
0.75,13,8,0,0,0,0,0,0,0.0,20.0,-20.0,0,-1,13,13
0.75,13,9,0,0,0,0,0,0,0.0,20.0,-20.0,0,-1,13,13
0.75,13,10,0,0,0,0,0,0,0.0,20.0,-20.0,0,-1,13,13
0.75,13,11,0,0,0,0,0,0,0.0,20.0,-20.0,0,-1,13,13
0.75,13,12,0,0,0,0,0,0,0.0,20.0,-20.0,0,-1,13,13
0.75,13,13,0,0,0,0,0,0,0.0,20.0,-20.0,0,-1,13,13
0.75,13,14,0,0,0,0,0,0,0.0,20.0,-20.0,0,-1,13,13
0.75,13,15,0,0,0,0,0,0,0.0,20.0,-20.0,0,-1,13,13
0.75,13,16,0,0,0,0,0,0,0.0,20.0,-20.0,0,-1,13,13
0.75,13,17,0,0,0,0,0,0,0.0,20.0,-20.0,0,-1,13,13
0.75,13,18,0,0,0,0,0,0,0.0,20.0,-20.0,0,-1,13,13
0.75,13,19,0,0,0,0,0,0,0.0,20.0,-20.0,0,-1,13,13
0.75,13,20,0,0,0,0,0,0,0.0,20.0,-20.0,0,-1,13,13
0.75,13,21,0,0,0,0,0,0,0.0,20.0,-20.0,0,-1,13,13
0.75,13,22,0,0,0,0,0,0,0.0,20.0,-20.0,0,-1,13,13
0.75,13,23,0,0,0,0,0,0,0.0,20.0,-20.0,0,-1,13,13
0.75,13,24,0,0,0,0,0,0,0.0,20.0,-20.0,0,-1,13,13
0.75,13,25,0,0,0,0,0,0,0.0,20.0,-20.0,0,-1,13,13
0.75,13,26,0,0,0,0,0,0,0.0,20.0,-20.0,0,-1,13,13
0.75,13,27,0,0,0,0,0,0,0.0,20.0,-20.0,0,-1,13,13
0.75,13,28,0,0,0,0,0,0,0.0,20.0,-20.0,0,-1,13,13
0.75,13,29,0,0,0,0,0,0,0.0,20.0,-20.0,0,-1,13,13
0.75,13,30,0,0,0,0,0,0,0.0,20.0,-20.0,0,-1,13,13
0.75,14,1,0,0,0,0,0,0,0.0,20.0,-20.0,0,-1,14,14
0.75,14,2,0,0,0,0,0,0,0.0,20.0,-20.0,0,-1,14,14
0.75,14,3,0,0,0,0,0,0,0.0,20.0,-20.0,0,-1,14,14
0.75,14,4,0,0,0,0,0,0,0.0,20.0,-20.0,0,-1,14,14
0.75,14,5,0,0,0,0,0,0,0.0,20.0,-20.0,0,-1,14,14
0.75,14,6,0,0,0,0,0,0,0.0,20.0,-20.0,0,-1,14,14
0.75,14,7,0,0,0,0,0,0,0.0,20.0,-20.0,0,-1,14,14
0.75,14,8,0,0,0,0,0,0,0.0,20.0,-20.0,0,-1,14,14
0.75,14,9,0,0,0,0,0,0,0.0,20.0,-20.0,0,-1,14,14
0.75,14,10,0,0,0,0,0,0,0.0,20.0,-20.0,0,-1,14,14
0.75,14,11,0,0,0,0,0,0,0.0,20.0,-20.0,0,-1,14,14
0.75,14,12,0,0,0,0,0,0,0.0,20.0,-20.0,0,-1,14,14
0.75,14,13,0,0,0,0,0,0,0.0,20.0,-20.0,0,-1,14,14
0.75,14,14,0,0,0,0,0,0,0.0,20.0,-20.0,0,-1,14,14
0.75,14,15,0,0,0,0,0,0,0.0,20.0,-20.0,0,-1,14,14
0.75,14,16,0,0,0,0,0,0,0.0,20.0,-20.0,0,-1,14,14
0.75,14,17,0,0,0,0,0,0,0.0,20.0,-20.0,0,-1,14,14
0.75,14,18,0,0,0,0,0,0,0.0,20.0,-20.0,0,-1,14,14
0.75,14,19,0,0,0,0,0,0,0.0,20.0,-20.0,0,-1,14,14
0.75,14,20,0,0,0,0,0,0,0.0,20.0,-20.0,0,-1,14,14
0.75,14,21,0,0,0,0,0,0,0.0,20.0,-20.0,0,-1,14,14
0.75,14,22,0,0,0,0,0,0,0.0,20.0,-20.0,0,-1,14,14
0.75,14,23,0,0,0,0,0,0,0.0,20.0,-20.0,0,-1,14,14
0.75,14,24,0,0,0,0,0,0,0.0,20.0,-20.0,0,-1,14,14
0.75,14,25,0,0,0,0,0,0,0.0,20.0,-20.0,0,-1,14,14
0.75,14,26,0,0,0,0,0,0,0.0,20.0,-20.0,0,-1,14,14
0.75,14,27,0,0,0,0,0,0,0.0,20.0,-20.0,0,-1,14,14
0.75,14,28,0,0,0,0,0,0,0.0,20.0,-20.0,0,-1,14,14
0.75,14,29,0,0,0,0,0,0,0.0,20.0,-20.0,0,-1,14,14
0.75,14,30,0,0,0,0,0,0,0.0,20.0,-20.0,0,-1,14,14
0.75,15,1,0,0,0,0,0,0,0.0,20.0,-20.0,0,-1,15,15
0.75,15,2,0,0,0,0,0,0,0.0,20.0,-20.0,0,-1,15,15
0.75,15,3,0,0,0,0,0,0,0.0,20.0,-20.0,0,-1,15,15
0.75,15,4,0,0,0,0,0,0,0.0,20.0,-20.0,0,-1,15,15
0.75,15,5,0,0,0,0,0,0,0.0,20.0,-20.0,0,-1,15,15
0.75,15,6,0,0,0,0,0,0,0.0,20.0,-20.0,0,-1,15,15
0.75,15,7,0,0,0,0,0,0,0.0,20.0,-20.0,0,-1,15,15
0.75,15,8,0,0,0,0,0,0,0.0,20.0,-20.0,0,-1,15,15
0.75,15,9,0,0,0,0,0,0,0.0,20.0,-20.0,0,-1,15,15
0.75,15,10,0,0,0,0,0,0,0.0,20.0,-20.0,0,-1,15,15
0.75,15,11,0,0,0,0,0,0,0.0,20.0,-20.0,0,-1,15,15
0.75,15,12,0,0,0,0,0,0,0.0,20.0,-20.0,0,-1,15,15
0.75,15,13,0,0,0,0,0,0,0.0,20.0,-20.0,0,-1,15,15
0.75,15,14,0,0,0,0,0,0,0.0,20.0,-20.0,0,-1,15,15
0.75,15,15,0,0,0,0,0,0,0.0,20.0,-20.0,0,-1,15,15
0.75,15,16,0,0,0,0,0,0,0.0,20.0,-20.0,0,-1,15,15
0.75,15,17,0,0,0,0,0,0,0.0,20.0,-20.0,0,-1,15,15
0.75,15,18,0,0,0,0,0,0,0.0,20.0,-20.0,0,-1,15,15
0.75,15,19,0,0,0,0,0,0,0.0,20.0,-20.0,0,-1,15,15
0.75,15,20,0,0,0,0,0,0,0.0,20.0,-20.0,0,-1,15,15
0.75,15,21,0,0,0,0,0,0,0.0,20.0,-20.0,0,-1,15,15
0.75,15,22,0,0,0,0,0,0,0.0,20.0,-20.0,0,-1,15,15
0.75,15,23,0,0,0,0,0,0,0.0,20.0,-20.0,0,-1,15,15
0.75,15,24,0,0,0,0,0,0,0.0,20.0,-20.0,0,-1,15,15
0.75,15,25,0,0,0,0,0,0,0.0,20.0,-20.0,0,-1,15,15
0.75,15,26,0,0,0,0,0,0,0.0,20.0,-20.0,0,-1,15,15
0.75,15,27,0,0,0,0,0,0,0.0,20.0,-20.0,0,-1,15,15
0.75,15,28,0,0,0,0,0,0,0.0,20.0,-20.0,0,-1,15,15
0.75,15,29,0,0,0,0,0,0,0.0,20.0,-20.0,0,-1,15,15
0.75,15,30,0,0,0,0,0,0,0.0,20.0,-20.0,0,-1,15,15
0.75,16,1,0,0,0,0,0,0,0.0,20.0,-20.0,0,-1,16,16
0.75,16,2,0,0,0,0,0,0,0.0,20.0,-20.0,0,-1,16,16
0.75,16,3,0,0,0,0,0,0,0.0,20.0,-20.0,0,-1,16,16
0.75,16,4,0,0,0,0,0,0,0.0,20.0,-20.0,0,-1,16,16
0.75,16,5,0,0,0,0,0,0,0.0,20.0,-20.0,0,-1,16,16
0.75,16,6,0,0,0,0,0,0,0.0,20.0,-20.0,0,-1,16,16
0.75,16,7,0,0,0,0,0,0,0.0,20.0,-20.0,0,-1,16,16
0.75,16,8,0,0,0,0,0,0,0.0,20.0,-20.0,0,-1,16,16
0.75,16,9,0,0,0,0,0,0,0.0,20.0,-20.0,0,-1,16,16
0.75,16,10,0,0,0,0,0,0,0.0,20.0,-20.0,0,-1,16,16
0.75,16,11,0,0,0,0,0,0,0.0,20.0,-20.0,0,-1,16,16
0.75,16,12,0,0,0,0,0,0,0.0,20.0,-20.0,0,-1,16,16
0.75,16,13,0,0,0,0,0,0,0.0,20.0,-20.0,0,-1,16,16
0.75,16,14,0,0,0,0,0,0,0.0,20.0,-20.0,0,-1,16,16
0.75,16,15,0,0,0,0,0,0,0.0,20.0,-20.0,0,-1,16,16
0.75,16,16,0,0,0,0,0,0,0.0,20.0,-20.0,0,-1,16,16
0.75,16,17,0,0,0,0,0,0,0.0,20.0,-20.0,0,-1,16,16
0.75,16,18,0,0,0,0,0,0,0.0,20.0,-20.0,0,-1,16,16
0.75,16,19,0,0,0,0,0,0,0.0,20.0,-20.0,0,-1,16,16
0.75,16,20,0,0,0,0,0,0,0.0,20.0,-20.0,0,-1,16,16
0.75,16,21,0,0,0,0,0,0,0.0,20.0,-20.0,0,-1,16,16
0.75,16,22,0,0,0,0,0,0,0.0,20.0,-20.0,0,-1,16,16
0.75,16,23,0,0,0,0,0,0,0.0,20.0,-20.0,0,-1,16,16
0.75,16,24,0,0,0,0,0,0,0.0,20.0,-20.0,0,-1,16,16
0.75,16,25,0,0,0,0,0,0,0.0,20.0,-20.0,0,-1,16,16
0.75,16,26,0,0,0,0,0,0,0.0,20.0,-20.0,0,-1,16,16
0.75,16,27,0,0,0,0,0,0,0.0,20.0,-20.0,0,-1,16,16
0.75,16,28,0,0,0,0,0,0,0.0,20.0,-20.0,0,-1,16,16
0.75,16,29,0,0,0,0,0,0,0.0,20.0,-20.0,0,-1,16,16
0.75,16,30,0,0,0,0,0,0,0.0,20.0,-20.0,0,-1,16,16
0.75,17,1,0,0,0,0,0,0,0.0,20.0,-20.0,0,-1,17,17
0.75,17,2,0,0,0,0,0,0,0.0,20.0,-20.0,0,-1,17,17
0.75,17,3,0,0,0,0,0,0,0.0,20.0,-20.0,0,-1,17,17
0.75,17,4,0,0,0,0,0,0,0.0,20.0,-20.0,0,-1,17,17
0.75,17,5,0,0,0,0,0,0,0.0,20.0,-20.0,0,-1,17,17
0.75,17,6,0,0,0,0,0,0,0.0,20.0,-20.0,0,-1,17,17
0.75,17,7,0,0,0,0,0,0,0.0,20.0,-20.0,0,-1,17,17
0.75,17,8,0,0,0,0,0,0,0.0,20.0,-20.0,0,-1,17,17
0.75,17,9,0,0,0,0,0,0,0.0,20.0,-20.0,0,-1,17,17
0.75,17,10,0,0,0,0,0,0,0.0,20.0,-20.0,0,-1,17,17
0.75,17,11,0,0,0,0,0,0,0.0,20.0,-20.0,0,-1,17,17
0.75,17,12,0,0,0,0,0,0,0.0,20.0,-20.0,0,-1,17,17
0.75,17,13,0,0,0,0,0,0,0.0,20.0,-20.0,0,-1,17,17
0.75,17,14,0,0,0,0,0,0,0.0,20.0,-20.0,0,-1,17,17
0.75,17,15,0,0,0,0,0,0,0.0,20.0,-20.0,0,-1,17,17
0.75,17,16,0,0,0,0,0,0,0.0,20.0,-20.0,0,-1,17,17
0.75,17,17,0,0,0,0,0,0,0.0,20.0,-20.0,0,-1,17,17
0.75,17,18,0,0,0,0,0,0,0.0,20.0,-20.0,0,-1,17,17
0.75,17,19,0,0,0,0,0,0,0.0,20.0,-20.0,0,-1,17,17
0.75,17,20,0,0,0,0,0,0,0.0,20.0,-20.0,0,-1,17,17
0.75,17,21,0,0,0,0,0,0,0.0,20.0,-20.0,0,-1,17,17
0.75,17,22,0,0,0,0,0,0,0.0,20.0,-20.0,0,-1,17,17
0.75,17,23,0,0,0,0,0,0,0.0,20.0,-20.0,0,-1,17,17
0.75,17,24,0,0,0,0,0,0,0.0,20.0,-20.0,0,-1,17,17
0.75,17,25,0,0,0,0,0,0,0.0,20.0,-20.0,0,-1,17,17
0.75,17,26,0,0,0,0,0,0,0.0,20.0,-20.0,0,-1,17,17
0.75,17,27,0,0,0,0,0,0,0.0,20.0,-20.0,0,-1,17,17
0.75,17,28,0,0,0,0,0,0,0.0,20.0,-20.0,0,-1,17,17
0.75,17,29,0,0,0,0,0,0,0.0,20.0,-20.0,0,-1,17,17
0.75,17,30,0,0,0,0,0,0,0.0,20.0,-20.0,0,-1,17,17
0.75,18,1,0,0,0,0,0,0,0.0,20.0,-20.0,0,-1,18,18
0.75,18,2,0,0,0,0,0,0,0.0,20.0,-20.0,0,-1,18,18
0.75,18,3,0,0,0,0,0,0,0.0,20.0,-20.0,0,-1,18,18
0.75,18,4,0,0,0,0,0,0,0.0,20.0,-20.0,0,-1,18,18
0.75,18,5,0,0,0,0,0,0,0.0,20.0,-20.0,0,-1,18,18
0.75,18,6,0,0,0,0,0,0,0.0,20.0,-20.0,0,-1,18,18
0.75,18,7,0,0,0,0,0,0,0.0,20.0,-20.0,0,-1,18,18
0.75,18,8,0,0,0,0,0,0,0.0,20.0,-20.0,0,-1,18,18
0.75,18,9,0,0,0,0,0,0,0.0,20.0,-20.0,0,-1,18,18
0.75,18,10,0,0,0,0,0,0,0.0,20.0,-20.0,0,-1,18,18
0.75,18,11,0,0,0,0,0,0,0.0,20.0,-20.0,0,-1,18,18
0.75,18,12,0,0,0,0,0,0,0.0,20.0,-20.0,0,-1,18,18
0.75,18,13,0,0,0,0,0,0,0.0,20.0,-20.0,0,-1,18,18
0.75,18,14,0,0,0,0,0,0,0.0,20.0,-20.0,0,-1,18,18
0.75,18,15,0,0,0,0,0,0,0.0,20.0,-20.0,0,-1,18,18
0.75,18,16,0,0,0,0,0,0,0.0,20.0,-20.0,0,-1,18,18
0.75,18,17,0,0,0,0,0,0,0.0,20.0,-20.0,0,-1,18,18
0.75,18,18,0,0,0,0,0,0,0.0,20.0,-20.0,0,-1,18,18
0.75,18,19,0,0,0,0,0,0,0.0,20.0,-20.0,0,-1,18,18
0.75,18,20,0,0,0,0,0,0,0.0,20.0,-20.0,0,-1,18,18
0.75,18,21,0,0,0,0,0,0,0.0,20.0,-20.0,0,-1,18,18
0.75,18,22,0,0,0,0,0,0,0.0,20.0,-20.0,0,-1,18,18
0.75,18,23,0,0,0,0,0,0,0.0,20.0,-20.0,0,-1,18,18
0.75,18,24,0,0,0,0,0,0,0.0,20.0,-20.0,0,-1,18,18
0.75,18,25,0,0,0,0,0,0,0.0,20.0,-20.0,0,-1,18,18
0.75,18,26,0,0,0,0,0,0,0.0,20.0,-20.0,0,-1,18,18
0.75,18,27,0,0,0,0,0,0,0.0,20.0,-20.0,0,-1,18,18
0.75,18,28,0,0,0,0,0,0,0.0,20.0,-20.0,0,-1,18,18
0.75,18,29,0,0,0,0,0,0,0.0,20.0,-20.0,0,-1,18,18
0.75,18,30,0,0,0,0,0,0,0.0,20.0,-20.0,0,-1,18,18
0.75,19,1,0,0,0,0,0,0,0.0,20.0,-20.0,0,-1,19,19
0.75,19,2,0,0,0,0,0,0,0.0,20.0,-20.0,0,-1,19,19
0.75,19,3,0,0,0,0,0,0,0.0,20.0,-20.0,0,-1,19,19
0.75,19,4,0,0,0,0,0,0,0.0,20.0,-20.0,0,-1,19,19
0.75,19,5,0,0,0,0,0,0,0.0,20.0,-20.0,0,-1,19,19
0.75,19,6,0,0,0,0,0,0,0.0,20.0,-20.0,0,-1,19,19
0.75,19,7,0,0,0,0,0,0,0.0,20.0,-20.0,0,-1,19,19
0.75,19,8,0,0,0,0,0,0,0.0,20.0,-20.0,0,-1,19,19
0.75,19,9,0,0,0,0,0,0,0.0,20.0,-20.0,0,-1,19,19
0.75,19,10,0,0,0,0,0,0,0.0,20.0,-20.0,0,-1,19,19
0.75,19,11,0,0,0,0,0,0,0.0,20.0,-20.0,0,-1,19,19
0.75,19,12,0,0,0,0,0,0,0.0,20.0,-20.0,0,-1,19,19
0.75,19,13,0,0,0,0,0,0,0.0,20.0,-20.0,0,-1,19,19
0.75,19,14,0,0,0,0,0,0,0.0,20.0,-20.0,0,-1,19,19
0.75,19,15,0,0,0,0,0,0,0.0,20.0,-20.0,0,-1,19,19
0.75,19,16,0,0,0,0,0,0,0.0,20.0,-20.0,0,-1,19,19
0.75,19,17,0,0,0,0,0,0,0.0,20.0,-20.0,0,-1,19,19
0.75,19,18,0,0,0,0,0,0,0.0,20.0,-20.0,0,-1,19,19
0.75,19,19,0,0,0,0,0,0,0.0,20.0,-20.0,0,-1,19,19
0.75,19,20,0,0,0,0,0,0,0.0,20.0,-20.0,0,-1,19,19
0.75,19,21,0,0,0,0,0,0,0.0,20.0,-20.0,0,-1,19,19
0.75,19,22,0,0,0,0,0,0,0.0,20.0,-20.0,0,-1,19,19
0.75,19,23,0,0,0,0,0,0,0.0,20.0,-20.0,0,-1,19,19
0.75,19,24,0,0,0,0,0,0,0.0,20.0,-20.0,0,-1,19,19
0.75,19,25,0,0,0,0,0,0,0.0,20.0,-20.0,0,-1,19,19
0.75,19,26,0,0,0,0,0,0,0.0,20.0,-20.0,0,-1,19,19
0.75,19,27,0,0,0,0,0,0,0.0,20.0,-20.0,0,-1,19,19
0.75,19,28,0,0,0,0,0,0,0.0,20.0,-20.0,0,-1,19,19
0.75,19,29,0,0,0,0,0,0,0.0,20.0,-20.0,0,-1,19,19
0.75,19,30,0,0,0,0,0,0,0.0,20.0,-20.0,0,-1,19,19
0.75,20,1,0,0,0,0,0,0,0.0,20.0,-20.0,0,-1,20,20
0.75,20,2,0,0,0,0,0,0,0.0,20.0,-20.0,0,-1,20,20
0.75,20,3,0,0,0,0,0,0,0.0,20.0,-20.0,0,-1,20,20
0.75,20,4,0,0,0,0,0,0,0.0,20.0,-20.0,0,-1,20,20
0.75,20,5,0,0,0,0,0,0,0.0,20.0,-20.0,0,-1,20,20
0.75,20,6,0,0,0,0,0,0,0.0,20.0,-20.0,0,-1,20,20
0.75,20,7,0,0,0,0,0,0,0.0,20.0,-20.0,0,-1,20,20
0.75,20,8,0,0,0,0,0,0,0.0,20.0,-20.0,0,-1,20,20
0.75,20,9,0,0,0,0,0,0,0.0,20.0,-20.0,0,-1,20,20
0.75,20,10,0,0,0,0,0,0,0.0,20.0,-20.0,0,-1,20,20
0.75,20,11,0,0,0,0,0,0,0.0,20.0,-20.0,0,-1,20,20
0.75,20,12,0,0,0,0,0,0,0.0,20.0,-20.0,0,-1,20,20
0.75,20,13,0,0,0,0,0,0,0.0,20.0,-20.0,0,-1,20,20
0.75,20,14,0,0,0,0,0,0,0.0,20.0,-20.0,0,-1,20,20
0.75,20,15,0,0,0,0,0,0,0.0,20.0,-20.0,0,-1,20,20
0.75,20,16,0,0,0,0,0,0,0.0,20.0,-20.0,0,-1,20,20
0.75,20,17,0,0,0,0,0,0,0.0,20.0,-20.0,0,-1,20,20
0.75,20,18,0,0,0,0,0,0,0.0,20.0,-20.0,0,-1,20,20
0.75,20,19,0,0,0,0,0,0,0.0,20.0,-20.0,0,-1,20,20
0.75,20,20,0,0,0,0,0,0,0.0,20.0,-20.0,0,-1,20,20
0.75,20,21,0,0,0,0,0,0,0.0,20.0,-20.0,0,-1,20,20
0.75,20,22,0,0,0,0,0,0,0.0,20.0,-20.0,0,-1,20,20
0.75,20,23,0,0,0,0,0,0,0.0,20.0,-20.0,0,-1,20,20
0.75,20,24,0,0,0,0,0,0,0.0,20.0,-20.0,0,-1,20,20
0.75,20,25,0,0,0,0,0,0,0.0,20.0,-20.0,0,-1,20,20
0.75,20,26,0,0,0,0,0,0,0.0,20.0,-20.0,0,-1,20,20
0.75,20,27,0,0,0,0,0,0,0.0,20.0,-20.0,0,-1,20,20
0.75,20,28,0,0,0,0,0,0,0.0,20.0,-20.0,0,-1,20,20
0.75,20,29,0,0,0,0,0,0,0.0,20.0,-20.0,0,-1,20,20
0.75,20,30,0,0,0,0,0,0,0.0,20.0,-20.0,0,-1,20,20
0.75,21,1,0,0,0,0,0,0,0.0,20.0,-20.0,0,-1,21,21
0.75,21,2,0,0,0,0,0,0,0.0,20.0,-20.0,0,-1,21,21
0.75,21,3,0,0,0,0,0,0,0.0,20.0,-20.0,0,-1,21,21
0.75,21,4,0,0,0,0,0,0,0.0,20.0,-20.0,0,-1,21,21
0.75,21,5,0,0,0,0,0,0,0.0,20.0,-20.0,0,-1,21,21
0.75,21,6,0,0,0,0,0,0,0.0,20.0,-20.0,0,-1,21,21
0.75,21,7,0,0,0,0,0,0,0.0,20.0,-20.0,0,-1,21,21
0.75,21,8,0,0,0,0,0,0,0.0,20.0,-20.0,0,-1,21,21
0.75,21,9,0,0,0,0,0,0,0.0,20.0,-20.0,0,-1,21,21
0.75,21,10,0,0,0,0,0,0,0.0,20.0,-20.0,0,-1,21,21
0.75,21,11,0,0,0,0,0,0,0.0,20.0,-20.0,0,-1,21,21
0.75,21,12,0,0,0,0,0,0,0.0,20.0,-20.0,0,-1,21,21
0.75,21,13,0,0,0,0,0,0,0.0,20.0,-20.0,0,-1,21,21
0.75,21,14,0,0,0,0,0,0,0.0,20.0,-20.0,0,-1,21,21
0.75,21,15,0,0,0,0,0,0,0.0,20.0,-20.0,0,-1,21,21
0.75,21,16,0,0,0,0,0,0,0.0,20.0,-20.0,0,-1,21,21
0.75,21,17,0,0,0,0,0,0,0.0,20.0,-20.0,0,-1,21,21
0.75,21,18,0,0,0,0,0,0,0.0,20.0,-20.0,0,-1,21,21
0.75,21,19,0,0,0,0,0,0,0.0,20.0,-20.0,0,-1,21,21
0.75,21,20,0,0,0,0,0,0,0.0,20.0,-20.0,0,-1,21,21
0.75,21,21,0,0,0,0,0,0,0.0,20.0,-20.0,0,-1,21,21
0.75,21,22,0,0,0,0,0,0,0.0,20.0,-20.0,0,-1,21,21
0.75,21,23,0,0,0,0,0,0,0.0,20.0,-20.0,0,-1,21,21
0.75,21,24,0,0,0,0,0,0,0.0,20.0,-20.0,0,-1,21,21
0.75,21,25,0,0,0,0,0,0,0.0,20.0,-20.0,0,-1,21,21
0.75,21,26,0,0,0,0,0,0,0.0,20.0,-20.0,0,-1,21,21
0.75,21,27,0,0,0,0,0,0,0.0,20.0,-20.0,0,-1,21,21
0.75,21,28,0,0,0,0,0,0,0.0,20.0,-20.0,0,-1,21,21
0.75,21,29,0,0,0,0,0,0,0.0,20.0,-20.0,0,-1,21,21
0.75,21,30,0,0,0,0,0,0,0.0,20.0,-20.0,0,-1,21,21
0.75,22,1,0,0,0,0,0,0,0.0,20.0,-20.0,0,-1,22,22
0.75,22,2,0,0,0,0,0,0,0.0,20.0,-20.0,0,-1,22,22
0.75,22,3,0,0,0,0,0,0,0.0,20.0,-20.0,0,-1,22,22
0.75,22,4,0,0,0,0,0,0,0.0,20.0,-20.0,0,-1,22,22
0.75,22,5,0,0,0,0,0,0,0.0,20.0,-20.0,0,-1,22,22
0.75,22,6,0,0,0,0,0,0,0.0,20.0,-20.0,0,-1,22,22
0.75,22,7,0,0,0,0,0,0,0.0,20.0,-20.0,0,-1,22,22
0.75,22,8,0,0,0,0,0,0,0.0,20.0,-20.0,0,-1,22,22
0.75,22,9,0,0,0,0,0,0,0.0,20.0,-20.0,0,-1,22,22
0.75,22,10,0,0,0,0,0,0,0.0,20.0,-20.0,0,-1,22,22
0.75,22,11,0,0,0,0,0,0,0.0,20.0,-20.0,0,-1,22,22
0.75,22,12,0,0,0,0,0,0,0.0,20.0,-20.0,0,-1,22,22
0.75,22,13,0,0,0,0,0,0,0.0,20.0,-20.0,0,-1,22,22
0.75,22,14,0,0,0,0,0,0,0.0,20.0,-20.0,0,-1,22,22
0.75,22,15,0,0,0,0,0,0,0.0,20.0,-20.0,0,-1,22,22
0.75,22,16,0,0,0,0,0,0,0.0,20.0,-20.0,0,-1,22,22
0.75,22,17,0,0,0,0,0,0,0.0,20.0,-20.0,0,-1,22,22
0.75,22,18,0,0,0,0,0,0,0.0,20.0,-20.0,0,-1,22,22
0.75,22,19,0,0,0,0,0,0,0.0,20.0,-20.0,0,-1,22,22
0.75,22,20,0,0,0,0,0,0,0.0,20.0,-20.0,0,-1,22,22
0.75,22,21,0,0,0,0,0,0,0.0,20.0,-20.0,0,-1,22,22
0.75,22,22,0,0,0,0,0,0,0.0,20.0,-20.0,0,-1,22,22
0.75,22,23,0,0,0,0,0,0,0.0,20.0,-20.0,0,-1,22,22
0.75,22,24,0,0,0,0,0,0,0.0,20.0,-20.0,0,-1,22,22
0.75,22,25,0,0,0,0,0,0,0.0,20.0,-20.0,0,-1,22,22
0.75,22,26,0,0,0,0,0,0,0.0,20.0,-20.0,0,-1,22,22
0.75,22,27,0,0,0,0,0,0,0.0,20.0,-20.0,0,-1,22,22
0.75,22,28,0,0,0,0,0,0,0.0,20.0,-20.0,0,-1,22,22
0.75,22,29,0,0,0,0,0,0,0.0,20.0,-20.0,0,-1,22,22
0.75,22,30,0,0,0,0,0,0,0.0,20.0,-20.0,0,-1,22,22
0.75,23,1,0,0,0,0,0,0,0.0,20.0,-20.0,0,-1,23,23
0.75,23,2,0,0,0,0,0,0,0.0,20.0,-20.0,0,-1,23,23
0.75,23,3,0,0,0,0,0,0,0.0,20.0,-20.0,0,-1,23,23
0.75,23,4,0,0,0,0,0,0,0.0,20.0,-20.0,0,-1,23,23
0.75,23,5,0,0,0,0,0,0,0.0,20.0,-20.0,0,-1,23,23
0.75,23,6,0,0,0,0,0,0,0.0,20.0,-20.0,0,-1,23,23
0.75,23,7,0,0,0,0,0,0,0.0,20.0,-20.0,0,-1,23,23
0.75,23,8,0,0,0,0,0,0,0.0,20.0,-20.0,0,-1,23,23
0.75,23,9,0,0,0,0,0,0,0.0,20.0,-20.0,0,-1,23,23
0.75,23,10,0,0,0,0,0,0,0.0,20.0,-20.0,0,-1,23,23
0.75,23,11,0,0,0,0,0,0,0.0,20.0,-20.0,0,-1,23,23
0.75,23,12,0,0,0,0,0,0,0.0,20.0,-20.0,0,-1,23,23
0.75,23,13,0,0,0,0,0,0,0.0,20.0,-20.0,0,-1,23,23
0.75,23,14,0,0,0,0,0,0,0.0,20.0,-20.0,0,-1,23,23
0.75,23,15,0,0,0,0,0,0,0.0,20.0,-20.0,0,-1,23,23
0.75,23,16,0,0,0,0,0,0,0.0,20.0,-20.0,0,-1,23,23
0.75,23,17,0,0,0,0,0,0,0.0,20.0,-20.0,0,-1,23,23
0.75,23,18,0,0,0,0,0,0,0.0,20.0,-20.0,0,-1,23,23
0.75,23,19,0,0,0,0,0,0,0.0,20.0,-20.0,0,-1,23,23
0.75,23,20,0,0,0,0,0,0,0.0,20.0,-20.0,0,-1,23,23
0.75,23,21,0,0,0,0,0,0,0.0,20.0,-20.0,0,-1,23,23
0.75,23,22,0,0,0,0,0,0,0.0,20.0,-20.0,0,-1,23,23
0.75,23,23,0,0,0,0,0,0,0.0,20.0,-20.0,0,-1,23,23
0.75,23,24,0,0,0,0,0,0,0.0,20.0,-20.0,0,-1,23,23
0.75,23,25,0,0,0,0,0,0,0.0,20.0,-20.0,0,-1,23,23
0.75,23,26,0,0,0,0,0,0,0.0,20.0,-20.0,0,-1,23,23
0.75,23,27,0,0,0,0,0,0,0.0,20.0,-20.0,0,-1,23,23
0.75,23,28,0,0,0,0,0,0,0.0,20.0,-20.0,0,-1,23,23
0.75,23,29,0,0,0,0,0,0,0.0,20.0,-20.0,0,-1,23,23
0.75,23,30,0,0,0,0,0,0,0.0,20.0,-20.0,0,-1,23,23
0.75,24,1,0,0,0,0,0,0,0.0,20.0,-20.0,0,-1,24,24
0.75,24,2,0,0,0,0,0,0,0.0,20.0,-20.0,0,-1,24,24
0.75,24,3,0,0,0,0,0,0,0.0,20.0,-20.0,0,-1,24,24
0.75,24,4,0,0,0,0,0,0,0.0,20.0,-20.0,0,-1,24,24
0.75,24,5,0,0,0,0,0,0,0.0,20.0,-20.0,0,-1,24,24
0.75,24,6,0,0,0,0,0,0,0.0,20.0,-20.0,0,-1,24,24
0.75,24,7,0,0,0,0,0,0,0.0,20.0,-20.0,0,-1,24,24
0.75,24,8,0,0,0,0,0,0,0.0,20.0,-20.0,0,-1,24,24
0.75,24,9,0,0,0,0,0,0,0.0,20.0,-20.0,0,-1,24,24
0.75,24,10,0,0,0,0,0,0,0.0,20.0,-20.0,0,-1,24,24
0.75,24,11,0,0,0,0,0,0,0.0,20.0,-20.0,0,-1,24,24
0.75,24,12,0,0,0,0,0,0,0.0,20.0,-20.0,0,-1,24,24
0.75,24,13,0,0,0,0,0,0,0.0,20.0,-20.0,0,-1,24,24
0.75,24,14,0,0,0,0,0,0,0.0,20.0,-20.0,0,-1,24,24
0.75,24,15,0,0,0,0,0,0,0.0,20.0,-20.0,0,-1,24,24
0.75,24,16,0,0,0,0,0,0,0.0,20.0,-20.0,0,-1,24,24
0.75,24,17,0,0,0,0,0,0,0.0,20.0,-20.0,0,-1,24,24
0.75,24,18,0,0,0,0,0,0,0.0,20.0,-20.0,0,-1,24,24
0.75,24,19,0,0,0,0,0,0,0.0,20.0,-20.0,0,-1,24,24
0.75,24,20,0,0,0,0,0,0,0.0,20.0,-20.0,0,-1,24,24
0.75,24,21,0,0,0,0,0,0,0.0,20.0,-20.0,0,-1,24,24
0.75,24,22,0,0,0,0,0,0,0.0,20.0,-20.0,0,-1,24,24
0.75,24,23,0,0,0,0,0,0,0.0,20.0,-20.0,0,-1,24,24
0.75,24,24,0,0,0,0,0,0,0.0,20.0,-20.0,0,-1,24,24
0.75,24,25,0,0,0,0,0,0,0.0,20.0,-20.0,0,-1,24,24
0.75,24,26,0,0,0,0,0,0,0.0,20.0,-20.0,0,-1,24,24
0.75,24,27,0,0,0,0,0,0,0.0,20.0,-20.0,0,-1,24,24
0.75,24,28,0,0,0,0,0,0,0.0,20.0,-20.0,0,-1,24,24
0.75,24,29,0,0,0,0,0,0,0.0,20.0,-20.0,0,-1,24,24
0.75,24,30,0,0,0,0,0,0,0.0,20.0,-20.0,0,-1,24,24
0.75,25,1,0,0,0,0,0,0,0.0,20.0,-20.0,0,-1,25,25
0.75,25,2,0,0,0,0,0,0,0.0,20.0,-20.0,0,-1,25,25
0.75,25,3,0,0,0,0,0,0,0.0,20.0,-20.0,0,-1,25,25
0.75,25,4,0,0,0,0,0,0,0.0,20.0,-20.0,0,-1,25,25
0.75,25,5,0,0,0,0,0,0,0.0,20.0,-20.0,0,-1,25,25
0.75,25,6,0,0,0,0,0,0,0.0,20.0,-20.0,0,-1,25,25
0.75,25,7,0,0,0,0,0,0,0.0,20.0,-20.0,0,-1,25,25
0.75,25,8,0,0,0,0,0,0,0.0,20.0,-20.0,0,-1,25,25
0.75,25,9,0,0,0,0,0,0,0.0,20.0,-20.0,0,-1,25,25
0.75,25,10,0,0,0,0,0,0,0.0,20.0,-20.0,0,-1,25,25
0.75,25,11,0,0,0,0,0,0,0.0,20.0,-20.0,0,-1,25,25
0.75,25,12,0,0,0,0,0,0,0.0,20.0,-20.0,0,-1,25,25
0.75,25,13,0,0,0,0,0,0,0.0,20.0,-20.0,0,-1,25,25
0.75,25,14,0,0,0,0,0,0,0.0,20.0,-20.0,0,-1,25,25
0.75,25,15,0,0,0,0,0,0,0.0,20.0,-20.0,0,-1,25,25
0.75,25,16,0,0,0,0,0,0,0.0,20.0,-20.0,0,-1,25,25
0.75,25,17,0,0,0,0,0,0,0.0,20.0,-20.0,0,-1,25,25
0.75,25,18,0,0,0,0,0,0,0.0,20.0,-20.0,0,-1,25,25
0.75,25,19,0,0,0,0,0,0,0.0,20.0,-20.0,0,-1,25,25
0.75,25,20,0,0,0,0,0,0,0.0,20.0,-20.0,0,-1,25,25
0.75,25,21,0,0,0,0,0,0,0.0,20.0,-20.0,0,-1,25,25
0.75,25,22,0,0,0,0,0,0,0.0,20.0,-20.0,0,-1,25,25
0.75,25,23,0,0,0,0,0,0,0.0,20.0,-20.0,0,-1,25,25
0.75,25,24,0,0,0,0,0,0,0.0,20.0,-20.0,0,-1,25,25
0.75,25,25,0,0,0,0,0,0,0.0,20.0,-20.0,0,-1,25,25
0.75,25,26,0,0,0,0,0,0,0.0,20.0,-20.0,0,-1,25,25
0.75,25,27,0,0,0,0,0,0,0.0,20.0,-20.0,0,-1,25,25
0.75,25,28,0,0,0,0,0,0,0.0,20.0,-20.0,0,-1,25,25
0.75,25,29,0,0,0,0,0,0,0.0,20.0,-20.0,0,-1,25,25
0.75,25,30,0,0,0,0,0,0,0.0,20.0,-20.0,0,-1,25,25
0.75,26,1,0,0,0,0,0,0,0.0,20.0,-20.0,0,-1,26,26
0.75,26,2,0,0,0,0,0,0,0.0,20.0,-20.0,0,-1,26,26
0.75,26,3,0,0,0,0,0,0,0.0,20.0,-20.0,0,-1,26,26
0.75,26,4,0,0,0,0,0,0,0.0,20.0,-20.0,0,-1,26,26
0.75,26,5,0,0,0,0,0,0,0.0,20.0,-20.0,0,-1,26,26
0.75,26,6,0,0,0,0,0,0,0.0,20.0,-20.0,0,-1,26,26
0.75,26,7,0,0,0,0,0,0,0.0,20.0,-20.0,0,-1,26,26
0.75,26,8,0,0,0,0,0,0,0.0,20.0,-20.0,0,-1,26,26
0.75,26,9,0,0,0,0,0,0,0.0,20.0,-20.0,0,-1,26,26
0.75,26,10,0,0,0,0,0,0,0.0,20.0,-20.0,0,-1,26,26
0.75,26,11,0,0,0,0,0,0,0.0,20.0,-20.0,0,-1,26,26
0.75,26,12,0,0,0,0,0,0,0.0,20.0,-20.0,0,-1,26,26
0.75,26,13,0,0,0,0,0,0,0.0,20.0,-20.0,0,-1,26,26
0.75,26,14,0,0,0,0,0,0,0.0,20.0,-20.0,0,-1,26,26
0.75,26,15,0,0,0,0,0,0,0.0,20.0,-20.0,0,-1,26,26
0.75,26,16,0,0,0,0,0,0,0.0,20.0,-20.0,0,-1,26,26
0.75,26,17,0,0,0,0,0,0,0.0,20.0,-20.0,0,-1,26,26
0.75,26,18,0,0,0,0,0,0,0.0,20.0,-20.0,0,-1,26,26
0.75,26,19,0,0,0,0,0,0,0.0,20.0,-20.0,0,-1,26,26
0.75,26,20,0,0,0,0,0,0,0.0,20.0,-20.0,0,-1,26,26
0.75,26,21,0,0,0,0,0,0,0.0,20.0,-20.0,0,-1,26,26
0.75,26,22,0,0,0,0,0,0,0.0,20.0,-20.0,0,-1,26,26
0.75,26,23,0,0,0,0,0,0,0.0,20.0,-20.0,0,-1,26,26
0.75,26,24,0,0,0,0,0,0,0.0,20.0,-20.0,0,-1,26,26
0.75,26,25,0,0,0,0,0,0,0.0,20.0,-20.0,0,-1,26,26
0.75,26,26,0,0,0,0,0,0,0.0,20.0,-20.0,0,-1,26,26
0.75,26,27,0,0,0,0,0,0,0.0,20.0,-20.0,0,-1,26,26
0.75,26,28,0,0,0,0,0,0,0.0,20.0,-20.0,0,-1,26,26
0.75,26,29,0,0,0,0,0,0,0.0,20.0,-20.0,0,-1,26,26
0.75,26,30,0,0,0,0,0,0,0.0,20.0,-20.0,0,-1,26,26
0.75,27,1,0,0,0,0,0,0,0.0,20.0,-20.0,0,-1,27,27
0.75,27,2,0,0,0,0,0,0,0.0,20.0,-20.0,0,-1,27,27
0.75,27,3,0,0,0,0,0,0,0.0,20.0,-20.0,0,-1,27,27
0.75,27,4,0,0,0,0,0,0,0.0,20.0,-20.0,0,-1,27,27
0.75,27,5,0,0,0,0,0,0,0.0,20.0,-20.0,0,-1,27,27
0.75,27,6,0,0,0,0,0,0,0.0,20.0,-20.0,0,-1,27,27
0.75,27,7,0,0,0,0,0,0,0.0,20.0,-20.0,0,-1,27,27
0.75,27,8,0,0,0,0,0,0,0.0,20.0,-20.0,0,-1,27,27
0.75,27,9,0,0,0,0,0,0,0.0,20.0,-20.0,0,-1,27,27
0.75,27,10,0,0,0,0,0,0,0.0,20.0,-20.0,0,-1,27,27
0.75,27,11,0,0,0,0,0,0,0.0,20.0,-20.0,0,-1,27,27
0.75,27,12,0,0,0,0,0,0,0.0,20.0,-20.0,0,-1,27,27
0.75,27,13,0,0,0,0,0,0,0.0,20.0,-20.0,0,-1,27,27
0.75,27,14,0,0,0,0,0,0,0.0,20.0,-20.0,0,-1,27,27
0.75,27,15,0,0,0,0,0,0,0.0,20.0,-20.0,0,-1,27,27
0.75,27,16,0,0,0,0,0,0,0.0,20.0,-20.0,0,-1,27,27
0.75,27,17,0,0,0,0,0,0,0.0,20.0,-20.0,0,-1,27,27
0.75,27,18,0,0,0,0,0,0,0.0,20.0,-20.0,0,-1,27,27
0.75,27,19,0,0,0,0,0,0,0.0,20.0,-20.0,0,-1,27,27
0.75,27,20,0,0,0,0,0,0,0.0,20.0,-20.0,0,-1,27,27
0.75,27,21,0,0,0,0,0,0,0.0,20.0,-20.0,0,-1,27,27
0.75,27,22,0,0,0,0,0,0,0.0,20.0,-20.0,0,-1,27,27
0.75,27,23,0,0,0,0,0,0,0.0,20.0,-20.0,0,-1,27,27
0.75,27,24,0,0,0,0,0,0,0.0,20.0,-20.0,0,-1,27,27
0.75,27,25,0,0,0,0,0,0,0.0,20.0,-20.0,0,-1,27,27
0.75,27,26,0,0,0,0,0,0,0.0,20.0,-20.0,0,-1,27,27
0.75,27,27,0,0,0,0,0,0,0.0,20.0,-20.0,0,-1,27,27
0.75,27,28,0,0,0,0,0,0,0.0,20.0,-20.0,0,-1,27,27
0.75,27,29,0,0,0,0,0,0,0.0,20.0,-20.0,0,-1,27,27
0.75,27,30,0,0,0,0,0,0,0.0,20.0,-20.0,0,-1,27,27
0.75,28,1,0,0,0,0,0,0,0.0,20.0,-20.0,0,-1,28,28
0.75,28,2,0,0,0,0,0,0,0.0,20.0,-20.0,0,-1,28,28
0.75,28,3,0,0,0,0,0,0,0.0,20.0,-20.0,0,-1,28,28
0.75,28,4,0,0,0,0,0,0,0.0,20.0,-20.0,0,-1,28,28
0.75,28,5,0,0,0,0,0,0,0.0,20.0,-20.0,0,-1,28,28
0.75,28,6,0,0,0,0,0,0,0.0,20.0,-20.0,0,-1,28,28
0.75,28,7,0,0,0,0,0,0,0.0,20.0,-20.0,0,-1,28,28
0.75,28,8,0,0,0,0,0,0,0.0,20.0,-20.0,0,-1,28,28
0.75,28,9,0,0,0,0,0,0,0.0,20.0,-20.0,0,-1,28,28
0.75,28,10,0,0,0,0,0,0,0.0,20.0,-20.0,0,-1,28,28
0.75,28,11,0,0,0,0,0,0,0.0,20.0,-20.0,0,-1,28,28
0.75,28,12,0,0,0,0,0,0,0.0,20.0,-20.0,0,-1,28,28
0.75,28,13,0,0,0,0,0,0,0.0,20.0,-20.0,0,-1,28,28
0.75,28,14,0,0,0,0,0,0,0.0,20.0,-20.0,0,-1,28,28
0.75,28,15,0,0,0,0,0,0,0.0,20.0,-20.0,0,-1,28,28
0.75,28,16,0,0,0,0,0,0,0.0,20.0,-20.0,0,-1,28,28
0.75,28,17,0,0,0,0,0,0,0.0,20.0,-20.0,0,-1,28,28
0.75,28,18,0,0,0,0,0,0,0.0,20.0,-20.0,0,-1,28,28
0.75,28,19,0,0,0,0,0,0,0.0,20.0,-20.0,0,-1,28,28
0.75,28,20,0,0,0,0,0,0,0.0,20.0,-20.0,0,-1,28,28
0.75,28,21,0,0,0,0,0,0,0.0,20.0,-20.0,0,-1,28,28
0.75,28,22,0,0,0,0,0,0,0.0,20.0,-20.0,0,-1,28,28
0.75,28,23,0,0,0,0,0,0,0.0,20.0,-20.0,0,-1,28,28
0.75,28,24,0,0,0,0,0,0,0.0,20.0,-20.0,0,-1,28,28
0.75,28,25,0,0,0,0,0,0,0.0,20.0,-20.0,0,-1,28,28
0.75,28,26,0,0,0,0,0,0,0.0,20.0,-20.0,0,-1,28,28
0.75,28,27,0,0,0,0,0,0,0.0,20.0,-20.0,0,-1,28,28
0.75,28,28,0,0,0,0,0,0,0.0,20.0,-20.0,0,-1,28,28
0.75,28,29,0,0,0,0,0,0,0.0,20.0,-20.0,0,-1,28,28
0.75,28,30,0,0,0,0,0,0,0.0,20.0,-20.0,0,-1,28,28
0.75,29,1,0,0,0,0,0,0,0.0,20.0,-20.0,0,-1,29,29
0.75,29,2,0,0,0,0,0,0,0.0,20.0,-20.0,0,-1,29,29
0.75,29,3,0,0,0,0,0,0,0.0,20.0,-20.0,0,-1,29,29
0.75,29,4,0,0,0,0,0,0,0.0,20.0,-20.0,0,-1,29,29
0.75,29,5,0,0,0,0,0,0,0.0,20.0,-20.0,0,-1,29,29
0.75,29,6,0,0,0,0,0,0,0.0,20.0,-20.0,0,-1,29,29
0.75,29,7,0,0,0,0,0,0,0.0,20.0,-20.0,0,-1,29,29
0.75,29,8,0,0,0,0,0,0,0.0,20.0,-20.0,0,-1,29,29
0.75,29,9,0,0,0,0,0,0,0.0,20.0,-20.0,0,-1,29,29
0.75,29,10,0,0,0,0,0,0,0.0,20.0,-20.0,0,-1,29,29
0.75,29,11,0,0,0,0,0,0,0.0,20.0,-20.0,0,-1,29,29
0.75,29,12,0,0,0,0,0,0,0.0,20.0,-20.0,0,-1,29,29
0.75,29,13,0,0,0,0,0,0,0.0,20.0,-20.0,0,-1,29,29
0.75,29,14,0,0,0,0,0,0,0.0,20.0,-20.0,0,-1,29,29
0.75,29,15,0,0,0,0,0,0,0.0,20.0,-20.0,0,-1,29,29
0.75,29,16,0,0,0,0,0,0,0.0,20.0,-20.0,0,-1,29,29
0.75,29,17,0,0,0,0,0,0,0.0,20.0,-20.0,0,-1,29,29
0.75,29,18,0,0,0,0,0,0,0.0,20.0,-20.0,0,-1,29,29
0.75,29,19,0,0,0,0,0,0,0.0,20.0,-20.0,0,-1,29,29
0.75,29,20,0,0,0,0,0,0,0.0,20.0,-20.0,0,-1,29,29
0.75,29,21,0,0,0,0,0,0,0.0,20.0,-20.0,0,-1,29,29
0.75,29,22,0,0,0,0,0,0,0.0,20.0,-20.0,0,-1,29,29
0.75,29,23,0,0,0,0,0,0,0.0,20.0,-20.0,0,-1,29,29
0.75,29,24,0,0,0,0,0,0,0.0,20.0,-20.0,0,-1,29,29
0.75,29,25,0,0,0,0,0,0,0.0,20.0,-20.0,0,-1,29,29
0.75,29,26,0,0,0,0,0,0,0.0,20.0,-20.0,0,-1,29,29
0.75,29,27,0,0,0,0,0,0,0.0,20.0,-20.0,0,-1,29,29
0.75,29,28,0,0,0,0,0,0,0.0,20.0,-20.0,0,-1,29,29
0.75,29,29,0,0,0,0,0,0,0.0,20.0,-20.0,0,-1,29,29
0.75,29,30,0,0,0,0,0,0,0.0,20.0,-20.0,0,-1,29,29
0.75,30,1,0,0,0,0,0,0,0.0,20.0,-20.0,0,-1,30,30
0.75,30,2,0,0,0,0,0,0,0.0,20.0,-20.0,0,-1,30,30
0.75,30,3,0,0,0,0,0,0,0.0,20.0,-20.0,0,-1,30,30
0.75,30,4,0,0,0,0,0,0,0.0,20.0,-20.0,0,-1,30,30
0.75,30,5,0,0,0,0,0,0,0.0,20.0,-20.0,0,-1,30,30
0.75,30,6,0,0,0,0,0,0,0.0,20.0,-20.0,0,-1,30,30
0.75,30,7,0,0,0,0,0,0,0.0,20.0,-20.0,0,-1,30,30
0.75,30,8,0,0,0,0,0,0,0.0,20.0,-20.0,0,-1,30,30
0.75,30,9,0,0,0,0,0,0,0.0,20.0,-20.0,0,-1,30,30
0.75,30,10,0,0,0,0,0,0,0.0,20.0,-20.0,0,-1,30,30
0.75,30,11,0,0,0,0,0,0,0.0,20.0,-20.0,0,-1,30,30
0.75,30,12,0,0,0,0,0,0,0.0,20.0,-20.0,0,-1,30,30
0.75,30,13,0,0,0,0,0,0,0.0,20.0,-20.0,0,-1,30,30
0.75,30,14,0,0,0,0,0,0,0.0,20.0,-20.0,0,-1,30,30
0.75,30,15,0,0,0,0,0,0,0.0,20.0,-20.0,0,-1,30,30
0.75,30,16,0,0,0,0,0,0,0.0,20.0,-20.0,0,-1,30,30
0.75,30,17,0,0,0,0,0,0,0.0,20.0,-20.0,0,-1,30,30
0.75,30,18,0,0,0,0,0,0,0.0,20.0,-20.0,0,-1,30,30
0.75,30,19,0,0,0,0,0,0,0.0,20.0,-20.0,0,-1,30,30
0.75,30,20,0,0,0,0,0,0,0.0,20.0,-20.0,0,-1,30,30
0.75,30,21,0,0,0,0,0,0,0.0,20.0,-20.0,0,-1,30,30
0.75,30,22,0,0,0,0,0,0,0.0,20.0,-20.0,0,-1,30,30
0.75,30,23,0,0,0,0,0,0,0.0,20.0,-20.0,0,-1,30,30
0.75,30,24,0,0,0,0,0,0,0.0,20.0,-20.0,0,-1,30,30
0.75,30,25,0,0,0,0,0,0,0.0,20.0,-20.0,0,-1,30,30
0.75,30,26,0,0,0,0,0,0,0.0,20.0,-20.0,0,-1,30,30
0.75,30,27,0,0,0,0,0,0,0.0,20.0,-20.0,0,-1,30,30
0.75,30,28,0,0,0,0,0,0,0.0,20.0,-20.0,0,-1,30,30
0.75,30,29,0,0,0,0,0,0,0.0,20.0,-20.0,0,-1,30,30
0.75,30,30,0,0,0,0,0,0,0.0,20.0,-20.0,0,-1,30,30
1.0,1,1,0,0,0,0,0,0,0.0,20.0,-20.0,0,-1,1,1
1.0,1,2,0,0,0,0,0,0,0.0,20.0,-20.0,0,-1,1,1
1.0,1,3,0,0,0,0,0,0,0.0,20.0,-20.0,0,-1,1,1
1.0,1,4,0,0,0,0,0,0,0.0,20.0,-20.0,0,-1,1,1
1.0,1,5,0,0,0,0,0,0,0.0,20.0,-20.0,0,-1,1,1
1.0,1,6,0,0,0,0,0,0,0.0,20.0,-20.0,0,-1,1,1
1.0,1,7,0,0,0,0,0,0,0.0,20.0,-20.0,0,-1,1,1
1.0,1,8,0,0,0,0,0,0,0.0,20.0,-20.0,0,-1,1,1
1.0,1,9,0,0,0,0,0,0,0.0,20.0,-20.0,0,-1,1,1
1.0,1,10,0,0,0,0,0,0,0.0,20.0,-20.0,0,-1,1,1
1.0,1,11,0,0,0,0,0,0,0.0,20.0,-20.0,0,-1,1,1
1.0,1,12,0,0,0,0,0,0,0.0,20.0,-20.0,0,-1,1,1
1.0,1,13,0,0,0,0,0,0,0.0,20.0,-20.0,0,-1,1,1
1.0,1,14,0,0,0,0,0,0,0.0,20.0,-20.0,0,-1,1,1
1.0,1,15,0,0,0,0,0,0,0.0,20.0,-20.0,0,-1,1,1
1.0,1,16,0,0,0,0,0,0,0.0,20.0,-20.0,0,-1,1,1
1.0,1,17,0,0,0,0,0,0,0.0,20.0,-20.0,0,-1,1,1
1.0,1,18,0,0,0,0,0,0,0.0,20.0,-20.0,0,-1,1,1
1.0,1,19,0,0,0,0,0,0,0.0,20.0,-20.0,0,-1,1,1
1.0,1,20,0,0,0,0,0,0,0.0,20.0,-20.0,0,-1,1,1
1.0,1,21,0,0,0,0,0,0,0.0,20.0,-20.0,0,-1,1,1
1.0,1,22,0,0,0,0,0,0,0.0,20.0,-20.0,0,-1,1,1
1.0,1,23,0,0,0,0,0,0,0.0,20.0,-20.0,0,-1,1,1
1.0,1,24,0,0,0,0,0,0,0.0,20.0,-20.0,0,-1,1,1
1.0,1,25,0,0,0,0,0,0,0.0,20.0,-20.0,0,-1,1,1
1.0,1,26,0,0,0,0,0,0,0.0,20.0,-20.0,0,-1,1,1
1.0,1,27,0,0,0,0,0,0,0.0,20.0,-20.0,0,-1,1,1
1.0,1,28,0,0,0,0,0,0,0.0,20.0,-20.0,0,-1,1,1
1.0,1,29,0,0,0,0,0,0,0.0,20.0,-20.0,0,-1,1,1
1.0,1,30,0,0,0,0,0,0,0.0,20.0,-20.0,0,-1,1,1
1.0,2,1,0,0,0,0,0,0,0.0,20.0,-20.0,0,-1,2,2
1.0,2,2,0,0,0,0,0,0,0.0,20.0,-20.0,0,-1,2,2
1.0,2,3,0,0,0,0,0,0,0.0,20.0,-20.0,0,-1,2,2
1.0,2,4,0,0,0,0,0,0,0.0,20.0,-20.0,0,-1,2,2
1.0,2,5,0,0,0,0,0,0,0.0,20.0,-20.0,0,-1,2,2
1.0,2,6,0,0,0,0,0,0,0.0,20.0,-20.0,0,-1,2,2
1.0,2,7,0,0,0,0,0,0,0.0,20.0,-20.0,0,-1,2,2
1.0,2,8,0,0,0,0,0,0,0.0,20.0,-20.0,0,-1,2,2
1.0,2,9,0,0,0,0,0,0,0.0,20.0,-20.0,0,-1,2,2
1.0,2,10,0,0,0,0,0,0,0.0,20.0,-20.0,0,-1,2,2
1.0,2,11,0,0,0,0,0,0,0.0,20.0,-20.0,0,-1,2,2
1.0,2,12,0,0,0,0,0,0,0.0,20.0,-20.0,0,-1,2,2
1.0,2,13,0,0,0,0,0,0,0.0,20.0,-20.0,0,-1,2,2
1.0,2,14,0,0,0,0,0,0,0.0,20.0,-20.0,0,-1,2,2
1.0,2,15,0,0,0,0,0,0,0.0,20.0,-20.0,0,-1,2,2
1.0,2,16,0,0,0,0,0,0,0.0,20.0,-20.0,0,-1,2,2
1.0,2,17,0,0,0,0,0,0,0.0,20.0,-20.0,0,-1,2,2
1.0,2,18,0,0,0,0,0,0,0.0,20.0,-20.0,0,-1,2,2
1.0,2,19,0,0,0,0,0,0,0.0,20.0,-20.0,0,-1,2,2
1.0,2,20,0,0,0,0,0,0,0.0,20.0,-20.0,0,-1,2,2
1.0,2,21,0,0,0,0,0,0,0.0,20.0,-20.0,0,-1,2,2
1.0,2,22,0,0,0,0,0,0,0.0,20.0,-20.0,0,-1,2,2
1.0,2,23,0,0,0,0,0,0,0.0,20.0,-20.0,0,-1,2,2
1.0,2,24,0,0,0,0,0,0,0.0,20.0,-20.0,0,-1,2,2
1.0,2,25,0,0,0,0,0,0,0.0,20.0,-20.0,0,-1,2,2
1.0,2,26,0,0,0,0,0,0,0.0,20.0,-20.0,0,-1,2,2
1.0,2,27,0,0,0,0,0,0,0.0,20.0,-20.0,0,-1,2,2
1.0,2,28,0,0,0,0,0,0,0.0,20.0,-20.0,0,-1,2,2
1.0,2,29,0,0,0,0,0,0,0.0,20.0,-20.0,0,-1,2,2
1.0,2,30,0,0,0,0,0,0,0.0,20.0,-20.0,0,-1,2,2
1.0,3,1,0,0,0,0,0,0,0.0,20.0,-20.0,0,-1,3,3
1.0,3,2,0,0,0,0,0,0,0.0,20.0,-20.0,0,-1,3,3
1.0,3,3,0,0,0,0,0,0,0.0,20.0,-20.0,0,-1,3,3
1.0,3,4,0,0,0,0,0,0,0.0,20.0,-20.0,0,-1,3,3
1.0,3,5,0,0,0,0,0,0,0.0,20.0,-20.0,0,-1,3,3
1.0,3,6,0,0,0,0,0,0,0.0,20.0,-20.0,0,-1,3,3
1.0,3,7,0,0,0,0,0,0,0.0,20.0,-20.0,0,-1,3,3
1.0,3,8,0,0,0,0,0,0,0.0,20.0,-20.0,0,-1,3,3
1.0,3,9,0,0,0,0,0,0,0.0,20.0,-20.0,0,-1,3,3
1.0,3,10,0,0,0,0,0,0,0.0,20.0,-20.0,0,-1,3,3
1.0,3,11,0,0,0,0,0,0,0.0,20.0,-20.0,0,-1,3,3
1.0,3,12,0,0,0,0,0,0,0.0,20.0,-20.0,0,-1,3,3
1.0,3,13,0,0,0,0,0,0,0.0,20.0,-20.0,0,-1,3,3
1.0,3,14,0,0,0,0,0,0,0.0,20.0,-20.0,0,-1,3,3
1.0,3,15,0,0,0,0,0,0,0.0,20.0,-20.0,0,-1,3,3
1.0,3,16,0,0,0,0,0,0,0.0,20.0,-20.0,0,-1,3,3
1.0,3,17,0,0,0,0,0,0,0.0,20.0,-20.0,0,-1,3,3
1.0,3,18,0,0,0,0,0,0,0.0,20.0,-20.0,0,-1,3,3
1.0,3,19,0,0,0,0,0,0,0.0,20.0,-20.0,0,-1,3,3
1.0,3,20,0,0,0,0,0,0,0.0,20.0,-20.0,0,-1,3,3
1.0,3,21,0,0,0,0,0,0,0.0,20.0,-20.0,0,-1,3,3
1.0,3,22,0,0,0,0,0,0,0.0,20.0,-20.0,0,-1,3,3
1.0,3,23,0,0,0,0,0,0,0.0,20.0,-20.0,0,-1,3,3
1.0,3,24,0,0,0,0,0,0,0.0,20.0,-20.0,0,-1,3,3
1.0,3,25,0,0,0,0,0,0,0.0,20.0,-20.0,0,-1,3,3
1.0,3,26,0,0,0,0,0,0,0.0,20.0,-20.0,0,-1,3,3
1.0,3,27,0,0,0,0,0,0,0.0,20.0,-20.0,0,-1,3,3
1.0,3,28,0,0,0,0,0,0,0.0,20.0,-20.0,0,-1,3,3
1.0,3,29,0,0,0,0,0,0,0.0,20.0,-20.0,0,-1,3,3
1.0,3,30,0,0,0,0,0,0,0.0,20.0,-20.0,0,-1,3,3
1.0,4,1,0,0,0,0,0,0,0.0,20.0,-20.0,0,-1,4,4
1.0,4,2,0,0,0,0,0,0,0.0,20.0,-20.0,0,-1,4,4
1.0,4,3,0,0,0,0,0,0,0.0,20.0,-20.0,0,-1,4,4
1.0,4,4,0,0,0,0,0,0,0.0,20.0,-20.0,0,-1,4,4
1.0,4,5,0,0,0,0,0,0,0.0,20.0,-20.0,0,-1,4,4
1.0,4,6,0,0,0,0,0,0,0.0,20.0,-20.0,0,-1,4,4
1.0,4,7,0,0,0,0,0,0,0.0,20.0,-20.0,0,-1,4,4
1.0,4,8,0,0,0,0,0,0,0.0,20.0,-20.0,0,-1,4,4
1.0,4,9,0,0,0,0,0,0,0.0,20.0,-20.0,0,-1,4,4
1.0,4,10,0,0,0,0,0,0,0.0,20.0,-20.0,0,-1,4,4
1.0,4,11,0,0,0,0,0,0,0.0,20.0,-20.0,0,-1,4,4
1.0,4,12,0,0,0,0,0,0,0.0,20.0,-20.0,0,-1,4,4
1.0,4,13,0,0,0,0,0,0,0.0,20.0,-20.0,0,-1,4,4
1.0,4,14,0,0,0,0,0,0,0.0,20.0,-20.0,0,-1,4,4
1.0,4,15,0,0,0,0,0,0,0.0,20.0,-20.0,0,-1,4,4
1.0,4,16,0,0,0,0,0,0,0.0,20.0,-20.0,0,-1,4,4
1.0,4,17,0,0,0,0,0,0,0.0,20.0,-20.0,0,-1,4,4
1.0,4,18,0,0,0,0,0,0,0.0,20.0,-20.0,0,-1,4,4
1.0,4,19,0,0,0,0,0,0,0.0,20.0,-20.0,0,-1,4,4
1.0,4,20,0,0,0,0,0,0,0.0,20.0,-20.0,0,-1,4,4
1.0,4,21,0,0,0,0,0,0,0.0,20.0,-20.0,0,-1,4,4
1.0,4,22,0,0,0,0,0,0,0.0,20.0,-20.0,0,-1,4,4
1.0,4,23,0,0,0,0,0,0,0.0,20.0,-20.0,0,-1,4,4
1.0,4,24,0,0,0,0,0,0,0.0,20.0,-20.0,0,-1,4,4
1.0,4,25,0,0,0,0,0,0,0.0,20.0,-20.0,0,-1,4,4
1.0,4,26,0,0,0,0,0,0,0.0,20.0,-20.0,0,-1,4,4
1.0,4,27,0,0,0,0,0,0,0.0,20.0,-20.0,0,-1,4,4
1.0,4,28,0,0,0,0,0,0,0.0,20.0,-20.0,0,-1,4,4
1.0,4,29,0,0,0,0,0,0,0.0,20.0,-20.0,0,-1,4,4
1.0,4,30,0,0,0,0,0,0,0.0,20.0,-20.0,0,-1,4,4
1.0,5,1,0,0,0,0,0,0,0.0,20.0,-20.0,0,-1,5,5
1.0,5,2,0,0,0,0,0,0,0.0,20.0,-20.0,0,-1,5,5
1.0,5,3,0,0,0,0,0,0,0.0,20.0,-20.0,0,-1,5,5
1.0,5,4,0,0,0,0,0,0,0.0,20.0,-20.0,0,-1,5,5
1.0,5,5,0,0,0,0,0,0,0.0,20.0,-20.0,0,-1,5,5
1.0,5,6,0,0,0,0,0,0,0.0,20.0,-20.0,0,-1,5,5
1.0,5,7,0,0,0,0,0,0,0.0,20.0,-20.0,0,-1,5,5
1.0,5,8,0,0,0,0,0,0,0.0,20.0,-20.0,0,-1,5,5
1.0,5,9,0,0,0,0,0,0,0.0,20.0,-20.0,0,-1,5,5
1.0,5,10,0,0,0,0,0,0,0.0,20.0,-20.0,0,-1,5,5
1.0,5,11,0,0,0,0,0,0,0.0,20.0,-20.0,0,-1,5,5
1.0,5,12,0,0,0,0,0,0,0.0,20.0,-20.0,0,-1,5,5
1.0,5,13,0,0,0,0,0,0,0.0,20.0,-20.0,0,-1,5,5
1.0,5,14,0,0,0,0,0,0,0.0,20.0,-20.0,0,-1,5,5
1.0,5,15,0,0,0,0,0,0,0.0,20.0,-20.0,0,-1,5,5
1.0,5,16,0,0,0,0,0,0,0.0,20.0,-20.0,0,-1,5,5
1.0,5,17,0,0,0,0,0,0,0.0,20.0,-20.0,0,-1,5,5
1.0,5,18,0,0,0,0,0,0,0.0,20.0,-20.0,0,-1,5,5
1.0,5,19,0,0,0,0,0,0,0.0,20.0,-20.0,0,-1,5,5
1.0,5,20,0,0,0,0,0,0,0.0,20.0,-20.0,0,-1,5,5
1.0,5,21,0,0,0,0,0,0,0.0,20.0,-20.0,0,-1,5,5
1.0,5,22,0,0,0,0,0,0,0.0,20.0,-20.0,0,-1,5,5
1.0,5,23,0,0,0,0,0,0,0.0,20.0,-20.0,0,-1,5,5
1.0,5,24,0,0,0,0,0,0,0.0,20.0,-20.0,0,-1,5,5
1.0,5,25,0,0,0,0,0,0,0.0,20.0,-20.0,0,-1,5,5
1.0,5,26,0,0,0,0,0,0,0.0,20.0,-20.0,0,-1,5,5
1.0,5,27,0,0,0,0,0,0,0.0,20.0,-20.0,0,-1,5,5
1.0,5,28,0,0,0,0,0,0,0.0,20.0,-20.0,0,-1,5,5
1.0,5,29,0,0,0,0,0,0,0.0,20.0,-20.0,0,-1,5,5
1.0,5,30,0,0,0,0,0,0,0.0,20.0,-20.0,0,-1,5,5
1.0,6,1,0,0,0,0,0,0,0.0,20.0,-20.0,0,-1,6,6
1.0,6,2,0,0,0,0,0,0,0.0,20.0,-20.0,0,-1,6,6
1.0,6,3,0,0,0,0,0,0,0.0,20.0,-20.0,0,-1,6,6
1.0,6,4,0,0,0,0,0,0,0.0,20.0,-20.0,0,-1,6,6
1.0,6,5,0,0,0,0,0,0,0.0,20.0,-20.0,0,-1,6,6
1.0,6,6,0,0,0,0,0,0,0.0,20.0,-20.0,0,-1,6,6
1.0,6,7,0,0,0,0,0,0,0.0,20.0,-20.0,0,-1,6,6
1.0,6,8,0,0,0,0,0,0,0.0,20.0,-20.0,0,-1,6,6
1.0,6,9,0,0,0,0,0,0,0.0,20.0,-20.0,0,-1,6,6
1.0,6,10,0,0,0,0,0,0,0.0,20.0,-20.0,0,-1,6,6
1.0,6,11,0,0,0,0,0,0,0.0,20.0,-20.0,0,-1,6,6
1.0,6,12,0,0,0,0,0,0,0.0,20.0,-20.0,0,-1,6,6
1.0,6,13,0,0,0,0,0,0,0.0,20.0,-20.0,0,-1,6,6
1.0,6,14,0,0,0,0,0,0,0.0,20.0,-20.0,0,-1,6,6
1.0,6,15,0,0,0,0,0,0,0.0,20.0,-20.0,0,-1,6,6
1.0,6,16,0,0,0,0,0,0,0.0,20.0,-20.0,0,-1,6,6
1.0,6,17,0,0,0,0,0,0,0.0,20.0,-20.0,0,-1,6,6
1.0,6,18,0,0,0,0,0,0,0.0,20.0,-20.0,0,-1,6,6
1.0,6,19,0,0,0,0,0,0,0.0,20.0,-20.0,0,-1,6,6
1.0,6,20,0,0,0,0,0,0,0.0,20.0,-20.0,0,-1,6,6
1.0,6,21,0,0,0,0,0,0,0.0,20.0,-20.0,0,-1,6,6
1.0,6,22,0,0,0,0,0,0,0.0,20.0,-20.0,0,-1,6,6
1.0,6,23,0,0,0,0,0,0,0.0,20.0,-20.0,0,-1,6,6
1.0,6,24,0,0,0,0,0,0,0.0,20.0,-20.0,0,-1,6,6
1.0,6,25,0,0,0,0,0,0,0.0,20.0,-20.0,0,-1,6,6
1.0,6,26,0,0,0,0,0,0,0.0,20.0,-20.0,0,-1,6,6
1.0,6,27,0,0,0,0,0,0,0.0,20.0,-20.0,0,-1,6,6
1.0,6,28,0,0,0,0,0,0,0.0,20.0,-20.0,0,-1,6,6
1.0,6,29,0,0,0,0,0,0,0.0,20.0,-20.0,0,-1,6,6
1.0,6,30,0,0,0,0,0,0,0.0,20.0,-20.0,0,-1,6,6
1.0,7,1,0,0,0,0,0,0,0.0,20.0,-20.0,0,-1,7,7
1.0,7,2,0,0,0,0,0,0,0.0,20.0,-20.0,0,-1,7,7
1.0,7,3,0,0,0,0,0,0,0.0,20.0,-20.0,0,-1,7,7
1.0,7,4,0,0,0,0,0,0,0.0,20.0,-20.0,0,-1,7,7
1.0,7,5,0,0,0,0,0,0,0.0,20.0,-20.0,0,-1,7,7
1.0,7,6,0,0,0,0,0,0,0.0,20.0,-20.0,0,-1,7,7
1.0,7,7,0,0,0,0,0,0,0.0,20.0,-20.0,0,-1,7,7
1.0,7,8,0,0,0,0,0,0,0.0,20.0,-20.0,0,-1,7,7
1.0,7,9,0,0,0,0,0,0,0.0,20.0,-20.0,0,-1,7,7
1.0,7,10,0,0,0,0,0,0,0.0,20.0,-20.0,0,-1,7,7
1.0,7,11,0,0,0,0,0,0,0.0,20.0,-20.0,0,-1,7,7
1.0,7,12,0,0,0,0,0,0,0.0,20.0,-20.0,0,-1,7,7
1.0,7,13,0,0,0,0,0,0,0.0,20.0,-20.0,0,-1,7,7
1.0,7,14,0,0,0,0,0,0,0.0,20.0,-20.0,0,-1,7,7
1.0,7,15,0,0,0,0,0,0,0.0,20.0,-20.0,0,-1,7,7
1.0,7,16,0,0,0,0,0,0,0.0,20.0,-20.0,0,-1,7,7
1.0,7,17,0,0,0,0,0,0,0.0,20.0,-20.0,0,-1,7,7
1.0,7,18,0,0,0,0,0,0,0.0,20.0,-20.0,0,-1,7,7
1.0,7,19,0,0,0,0,0,0,0.0,20.0,-20.0,0,-1,7,7
1.0,7,20,0,0,0,0,0,0,0.0,20.0,-20.0,0,-1,7,7
1.0,7,21,0,0,0,0,0,0,0.0,20.0,-20.0,0,-1,7,7
1.0,7,22,0,0,0,0,0,0,0.0,20.0,-20.0,0,-1,7,7
1.0,7,23,0,0,0,0,0,0,0.0,20.0,-20.0,0,-1,7,7
1.0,7,24,0,0,0,0,0,0,0.0,20.0,-20.0,0,-1,7,7
1.0,7,25,0,0,0,0,0,0,0.0,20.0,-20.0,0,-1,7,7
1.0,7,26,0,0,0,0,0,0,0.0,20.0,-20.0,0,-1,7,7
1.0,7,27,0,0,0,0,0,0,0.0,20.0,-20.0,0,-1,7,7
1.0,7,28,0,0,0,0,0,0,0.0,20.0,-20.0,0,-1,7,7
1.0,7,29,0,0,0,0,0,0,0.0,20.0,-20.0,0,-1,7,7
1.0,7,30,0,0,0,0,0,0,0.0,20.0,-20.0,0,-1,7,7
1.0,8,1,0,0,0,0,0,0,0.0,20.0,-20.0,0,-1,8,8
1.0,8,2,0,0,0,0,0,0,0.0,20.0,-20.0,0,-1,8,8
1.0,8,3,0,0,0,0,0,0,0.0,20.0,-20.0,0,-1,8,8
1.0,8,4,0,0,0,0,0,0,0.0,20.0,-20.0,0,-1,8,8
1.0,8,5,0,0,0,0,0,0,0.0,20.0,-20.0,0,-1,8,8
1.0,8,6,0,0,0,0,0,0,0.0,20.0,-20.0,0,-1,8,8
1.0,8,7,0,0,0,0,0,0,0.0,20.0,-20.0,0,-1,8,8
1.0,8,8,0,0,0,0,0,0,0.0,20.0,-20.0,0,-1,8,8
1.0,8,9,0,0,0,0,0,0,0.0,20.0,-20.0,0,-1,8,8
1.0,8,10,0,0,0,0,0,0,0.0,20.0,-20.0,0,-1,8,8
1.0,8,11,0,0,0,0,0,0,0.0,20.0,-20.0,0,-1,8,8
1.0,8,12,0,0,0,0,0,0,0.0,20.0,-20.0,0,-1,8,8
1.0,8,13,0,0,0,0,0,0,0.0,20.0,-20.0,0,-1,8,8
1.0,8,14,0,0,0,0,0,0,0.0,20.0,-20.0,0,-1,8,8
1.0,8,15,0,0,0,0,0,0,0.0,20.0,-20.0,0,-1,8,8
1.0,8,16,0,0,0,0,0,0,0.0,20.0,-20.0,0,-1,8,8
1.0,8,17,0,0,0,0,0,0,0.0,20.0,-20.0,0,-1,8,8
1.0,8,18,0,0,0,0,0,0,0.0,20.0,-20.0,0,-1,8,8
1.0,8,19,0,0,0,0,0,0,0.0,20.0,-20.0,0,-1,8,8
1.0,8,20,0,0,0,0,0,0,0.0,20.0,-20.0,0,-1,8,8
1.0,8,21,0,0,0,0,0,0,0.0,20.0,-20.0,0,-1,8,8
1.0,8,22,0,0,0,0,0,0,0.0,20.0,-20.0,0,-1,8,8
1.0,8,23,0,0,0,0,0,0,0.0,20.0,-20.0,0,-1,8,8
1.0,8,24,0,0,0,0,0,0,0.0,20.0,-20.0,0,-1,8,8
1.0,8,25,0,0,0,0,0,0,0.0,20.0,-20.0,0,-1,8,8
1.0,8,26,0,0,0,0,0,0,0.0,20.0,-20.0,0,-1,8,8
1.0,8,27,0,0,0,0,0,0,0.0,20.0,-20.0,0,-1,8,8
1.0,8,28,0,0,0,0,0,0,0.0,20.0,-20.0,0,-1,8,8
1.0,8,29,0,0,0,0,0,0,0.0,20.0,-20.0,0,-1,8,8
1.0,8,30,0,0,0,0,0,0,0.0,20.0,-20.0,0,-1,8,8
1.0,9,1,0,0,0,0,0,0,0.0,20.0,-20.0,0,-1,9,9
1.0,9,2,0,0,0,0,0,0,0.0,20.0,-20.0,0,-1,9,9
1.0,9,3,0,0,0,0,0,0,0.0,20.0,-20.0,0,-1,9,9
1.0,9,4,0,0,0,0,0,0,0.0,20.0,-20.0,0,-1,9,9
1.0,9,5,0,0,0,0,0,0,0.0,20.0,-20.0,0,-1,9,9
1.0,9,6,0,0,0,0,0,0,0.0,20.0,-20.0,0,-1,9,9
1.0,9,7,0,0,0,0,0,0,0.0,20.0,-20.0,0,-1,9,9
1.0,9,8,0,0,0,0,0,0,0.0,20.0,-20.0,0,-1,9,9
1.0,9,9,0,0,0,0,0,0,0.0,20.0,-20.0,0,-1,9,9
1.0,9,10,0,0,0,0,0,0,0.0,20.0,-20.0,0,-1,9,9
1.0,9,11,0,0,0,0,0,0,0.0,20.0,-20.0,0,-1,9,9
1.0,9,12,0,0,0,0,0,0,0.0,20.0,-20.0,0,-1,9,9
1.0,9,13,0,0,0,0,0,0,0.0,20.0,-20.0,0,-1,9,9
1.0,9,14,0,0,0,0,0,0,0.0,20.0,-20.0,0,-1,9,9
1.0,9,15,0,0,0,0,0,0,0.0,20.0,-20.0,0,-1,9,9
1.0,9,16,0,0,0,0,0,0,0.0,20.0,-20.0,0,-1,9,9
1.0,9,17,0,0,0,0,0,0,0.0,20.0,-20.0,0,-1,9,9
1.0,9,18,0,0,0,0,0,0,0.0,20.0,-20.0,0,-1,9,9
1.0,9,19,0,0,0,0,0,0,0.0,20.0,-20.0,0,-1,9,9
1.0,9,20,0,0,0,0,0,0,0.0,20.0,-20.0,0,-1,9,9
1.0,9,21,0,0,0,0,0,0,0.0,20.0,-20.0,0,-1,9,9
1.0,9,22,0,0,0,0,0,0,0.0,20.0,-20.0,0,-1,9,9
1.0,9,23,0,0,0,0,0,0,0.0,20.0,-20.0,0,-1,9,9
1.0,9,24,0,0,0,0,0,0,0.0,20.0,-20.0,0,-1,9,9
1.0,9,25,0,0,0,0,0,0,0.0,20.0,-20.0,0,-1,9,9
1.0,9,26,0,0,0,0,0,0,0.0,20.0,-20.0,0,-1,9,9
1.0,9,27,0,0,0,0,0,0,0.0,20.0,-20.0,0,-1,9,9
1.0,9,28,0,0,0,0,0,0,0.0,20.0,-20.0,0,-1,9,9
1.0,9,29,0,0,0,0,0,0,0.0,20.0,-20.0,0,-1,9,9
1.0,9,30,0,0,0,0,0,0,0.0,20.0,-20.0,0,-1,9,9
1.0,10,1,0,0,0,0,0,0,0.0,20.0,-20.0,0,-1,10,10
1.0,10,2,0,0,0,0,0,0,0.0,20.0,-20.0,0,-1,10,10
1.0,10,3,0,0,0,0,0,0,0.0,20.0,-20.0,0,-1,10,10
1.0,10,4,0,0,0,0,0,0,0.0,20.0,-20.0,0,-1,10,10
1.0,10,5,0,0,0,0,0,0,0.0,20.0,-20.0,0,-1,10,10
1.0,10,6,0,0,0,0,0,0,0.0,20.0,-20.0,0,-1,10,10
1.0,10,7,0,0,0,0,0,0,0.0,20.0,-20.0,0,-1,10,10
1.0,10,8,0,0,0,0,0,0,0.0,20.0,-20.0,0,-1,10,10
1.0,10,9,0,0,0,0,0,0,0.0,20.0,-20.0,0,-1,10,10
1.0,10,10,0,0,0,0,0,0,0.0,20.0,-20.0,0,-1,10,10
1.0,10,11,0,0,0,0,0,0,0.0,20.0,-20.0,0,-1,10,10
1.0,10,12,0,0,0,0,0,0,0.0,20.0,-20.0,0,-1,10,10
1.0,10,13,0,0,0,0,0,0,0.0,20.0,-20.0,0,-1,10,10
1.0,10,14,0,0,0,0,0,0,0.0,20.0,-20.0,0,-1,10,10
1.0,10,15,0,0,0,0,0,0,0.0,20.0,-20.0,0,-1,10,10
1.0,10,16,0,0,0,0,0,0,0.0,20.0,-20.0,0,-1,10,10
1.0,10,17,0,0,0,0,0,0,0.0,20.0,-20.0,0,-1,10,10
1.0,10,18,0,0,0,0,0,0,0.0,20.0,-20.0,0,-1,10,10
1.0,10,19,0,0,0,0,0,0,0.0,20.0,-20.0,0,-1,10,10
1.0,10,20,0,0,0,0,0,0,0.0,20.0,-20.0,0,-1,10,10
1.0,10,21,0,0,0,0,0,0,0.0,20.0,-20.0,0,-1,10,10
1.0,10,22,0,0,0,0,0,0,0.0,20.0,-20.0,0,-1,10,10
1.0,10,23,0,0,0,0,0,0,0.0,20.0,-20.0,0,-1,10,10
1.0,10,24,0,0,0,0,0,0,0.0,20.0,-20.0,0,-1,10,10
1.0,10,25,0,0,0,0,0,0,0.0,20.0,-20.0,0,-1,10,10
1.0,10,26,0,0,0,0,0,0,0.0,20.0,-20.0,0,-1,10,10
1.0,10,27,0,0,0,0,0,0,0.0,20.0,-20.0,0,-1,10,10
1.0,10,28,0,0,0,0,0,0,0.0,20.0,-20.0,0,-1,10,10
1.0,10,29,0,0,0,0,0,0,0.0,20.0,-20.0,0,-1,10,10
1.0,10,30,0,0,0,0,0,0,0.0,20.0,-20.0,0,-1,10,10
1.0,11,1,0,0,0,0,0,0,0.0,20.0,-20.0,0,-1,11,11
1.0,11,2,0,0,0,0,0,0,0.0,20.0,-20.0,0,-1,11,11
1.0,11,3,0,0,0,0,0,0,0.0,20.0,-20.0,0,-1,11,11
1.0,11,4,0,0,0,0,0,0,0.0,20.0,-20.0,0,-1,11,11
1.0,11,5,0,0,0,0,0,0,0.0,20.0,-20.0,0,-1,11,11
1.0,11,6,0,0,0,0,0,0,0.0,20.0,-20.0,0,-1,11,11
1.0,11,7,0,0,0,0,0,0,0.0,20.0,-20.0,0,-1,11,11
1.0,11,8,0,0,0,0,0,0,0.0,20.0,-20.0,0,-1,11,11
1.0,11,9,0,0,0,0,0,0,0.0,20.0,-20.0,0,-1,11,11
1.0,11,10,0,0,0,0,0,0,0.0,20.0,-20.0,0,-1,11,11
1.0,11,11,0,0,0,0,0,0,0.0,20.0,-20.0,0,-1,11,11
1.0,11,12,0,0,0,0,0,0,0.0,20.0,-20.0,0,-1,11,11
1.0,11,13,0,0,0,0,0,0,0.0,20.0,-20.0,0,-1,11,11
1.0,11,14,0,0,0,0,0,0,0.0,20.0,-20.0,0,-1,11,11
1.0,11,15,0,0,0,0,0,0,0.0,20.0,-20.0,0,-1,11,11
1.0,11,16,0,0,0,0,0,0,0.0,20.0,-20.0,0,-1,11,11
1.0,11,17,0,0,0,0,0,0,0.0,20.0,-20.0,0,-1,11,11
1.0,11,18,0,0,0,0,0,0,0.0,20.0,-20.0,0,-1,11,11
1.0,11,19,0,0,0,0,0,0,0.0,20.0,-20.0,0,-1,11,11
1.0,11,20,0,0,0,0,0,0,0.0,20.0,-20.0,0,-1,11,11
1.0,11,21,0,0,0,0,0,0,0.0,20.0,-20.0,0,-1,11,11
1.0,11,22,0,0,0,0,0,0,0.0,20.0,-20.0,0,-1,11,11
1.0,11,23,0,0,0,0,0,0,0.0,20.0,-20.0,0,-1,11,11
1.0,11,24,0,0,0,0,0,0,0.0,20.0,-20.0,0,-1,11,11
1.0,11,25,0,0,0,0,0,0,0.0,20.0,-20.0,0,-1,11,11
1.0,11,26,0,0,0,0,0,0,0.0,20.0,-20.0,0,-1,11,11
1.0,11,27,0,0,0,0,0,0,0.0,20.0,-20.0,0,-1,11,11
1.0,11,28,0,0,0,0,0,0,0.0,20.0,-20.0,0,-1,11,11
1.0,11,29,0,0,0,0,0,0,0.0,20.0,-20.0,0,-1,11,11
1.0,11,30,0,0,0,0,0,0,0.0,20.0,-20.0,0,-1,11,11
1.0,12,1,0,0,0,0,0,0,0.0,20.0,-20.0,0,-1,12,12
1.0,12,2,0,0,0,0,0,0,0.0,20.0,-20.0,0,-1,12,12
1.0,12,3,0,0,0,0,0,0,0.0,20.0,-20.0,0,-1,12,12
1.0,12,4,0,0,0,0,0,0,0.0,20.0,-20.0,0,-1,12,12
1.0,12,5,0,0,0,0,0,0,0.0,20.0,-20.0,0,-1,12,12
1.0,12,6,0,0,0,0,0,0,0.0,20.0,-20.0,0,-1,12,12
1.0,12,7,0,0,0,0,0,0,0.0,20.0,-20.0,0,-1,12,12
1.0,12,8,0,0,0,0,0,0,0.0,20.0,-20.0,0,-1,12,12
1.0,12,9,0,0,0,0,0,0,0.0,20.0,-20.0,0,-1,12,12
1.0,12,10,0,0,0,0,0,0,0.0,20.0,-20.0,0,-1,12,12
1.0,12,11,0,0,0,0,0,0,0.0,20.0,-20.0,0,-1,12,12
1.0,12,12,0,0,0,0,0,0,0.0,20.0,-20.0,0,-1,12,12
1.0,12,13,0,0,0,0,0,0,0.0,20.0,-20.0,0,-1,12,12
1.0,12,14,0,0,0,0,0,0,0.0,20.0,-20.0,0,-1,12,12
1.0,12,15,0,0,0,0,0,0,0.0,20.0,-20.0,0,-1,12,12
1.0,12,16,0,0,0,0,0,0,0.0,20.0,-20.0,0,-1,12,12
1.0,12,17,0,0,0,0,0,0,0.0,20.0,-20.0,0,-1,12,12
1.0,12,18,0,0,0,0,0,0,0.0,20.0,-20.0,0,-1,12,12
1.0,12,19,0,0,0,0,0,0,0.0,20.0,-20.0,0,-1,12,12
1.0,12,20,0,0,0,0,0,0,0.0,20.0,-20.0,0,-1,12,12
1.0,12,21,0,0,0,0,0,0,0.0,20.0,-20.0,0,-1,12,12
1.0,12,22,0,0,0,0,0,0,0.0,20.0,-20.0,0,-1,12,12
1.0,12,23,0,0,0,0,0,0,0.0,20.0,-20.0,0,-1,12,12
1.0,12,24,0,0,0,0,0,0,0.0,20.0,-20.0,0,-1,12,12
1.0,12,25,0,0,0,0,0,0,0.0,20.0,-20.0,0,-1,12,12
1.0,12,26,0,0,0,0,0,0,0.0,20.0,-20.0,0,-1,12,12
1.0,12,27,0,0,0,0,0,0,0.0,20.0,-20.0,0,-1,12,12
1.0,12,28,0,0,0,0,0,0,0.0,20.0,-20.0,0,-1,12,12
1.0,12,29,0,0,0,0,0,0,0.0,20.0,-20.0,0,-1,12,12
1.0,12,30,0,0,0,0,0,0,0.0,20.0,-20.0,0,-1,12,12
1.0,13,1,0,0,0,0,0,0,0.0,20.0,-20.0,0,-1,13,13
1.0,13,2,0,0,0,0,0,0,0.0,20.0,-20.0,0,-1,13,13
1.0,13,3,0,0,0,0,0,0,0.0,20.0,-20.0,0,-1,13,13
1.0,13,4,0,0,0,0,0,0,0.0,20.0,-20.0,0,-1,13,13
1.0,13,5,0,0,0,0,0,0,0.0,20.0,-20.0,0,-1,13,13
1.0,13,6,0,0,0,0,0,0,0.0,20.0,-20.0,0,-1,13,13
1.0,13,7,0,0,0,0,0,0,0.0,20.0,-20.0,0,-1,13,13
1.0,13,8,0,0,0,0,0,0,0.0,20.0,-20.0,0,-1,13,13
1.0,13,9,0,0,0,0,0,0,0.0,20.0,-20.0,0,-1,13,13
1.0,13,10,0,0,0,0,0,0,0.0,20.0,-20.0,0,-1,13,13
1.0,13,11,0,0,0,0,0,0,0.0,20.0,-20.0,0,-1,13,13
1.0,13,12,0,0,0,0,0,0,0.0,20.0,-20.0,0,-1,13,13
1.0,13,13,0,0,0,0,0,0,0.0,20.0,-20.0,0,-1,13,13
1.0,13,14,0,0,0,0,0,0,0.0,20.0,-20.0,0,-1,13,13
1.0,13,15,0,0,0,0,0,0,0.0,20.0,-20.0,0,-1,13,13
1.0,13,16,0,0,0,0,0,0,0.0,20.0,-20.0,0,-1,13,13
1.0,13,17,0,0,0,0,0,0,0.0,20.0,-20.0,0,-1,13,13
1.0,13,18,0,0,0,0,0,0,0.0,20.0,-20.0,0,-1,13,13
1.0,13,19,0,0,0,0,0,0,0.0,20.0,-20.0,0,-1,13,13
1.0,13,20,0,0,0,0,0,0,0.0,20.0,-20.0,0,-1,13,13
1.0,13,21,0,0,0,0,0,0,0.0,20.0,-20.0,0,-1,13,13
1.0,13,22,0,0,0,0,0,0,0.0,20.0,-20.0,0,-1,13,13
1.0,13,23,0,0,0,0,0,0,0.0,20.0,-20.0,0,-1,13,13
1.0,13,24,0,0,0,0,0,0,0.0,20.0,-20.0,0,-1,13,13
1.0,13,25,0,0,0,0,0,0,0.0,20.0,-20.0,0,-1,13,13
1.0,13,26,0,0,0,0,0,0,0.0,20.0,-20.0,0,-1,13,13
1.0,13,27,0,0,0,0,0,0,0.0,20.0,-20.0,0,-1,13,13
1.0,13,28,0,0,0,0,0,0,0.0,20.0,-20.0,0,-1,13,13
1.0,13,29,0,0,0,0,0,0,0.0,20.0,-20.0,0,-1,13,13
1.0,13,30,0,0,0,0,0,0,0.0,20.0,-20.0,0,-1,13,13
1.0,14,1,0,0,0,0,0,0,0.0,20.0,-20.0,0,-1,14,14
1.0,14,2,0,0,0,0,0,0,0.0,20.0,-20.0,0,-1,14,14
1.0,14,3,0,0,0,0,0,0,0.0,20.0,-20.0,0,-1,14,14
1.0,14,4,0,0,0,0,0,0,0.0,20.0,-20.0,0,-1,14,14
1.0,14,5,0,0,0,0,0,0,0.0,20.0,-20.0,0,-1,14,14
1.0,14,6,0,0,0,0,0,0,0.0,20.0,-20.0,0,-1,14,14
1.0,14,7,0,0,0,0,0,0,0.0,20.0,-20.0,0,-1,14,14
1.0,14,8,0,0,0,0,0,0,0.0,20.0,-20.0,0,-1,14,14
1.0,14,9,0,0,0,0,0,0,0.0,20.0,-20.0,0,-1,14,14
1.0,14,10,0,0,0,0,0,0,0.0,20.0,-20.0,0,-1,14,14
1.0,14,11,0,0,0,0,0,0,0.0,20.0,-20.0,0,-1,14,14
1.0,14,12,0,0,0,0,0,0,0.0,20.0,-20.0,0,-1,14,14
1.0,14,13,0,0,0,0,0,0,0.0,20.0,-20.0,0,-1,14,14
1.0,14,14,0,0,0,0,0,0,0.0,20.0,-20.0,0,-1,14,14
1.0,14,15,0,0,0,0,0,0,0.0,20.0,-20.0,0,-1,14,14
1.0,14,16,0,0,0,0,0,0,0.0,20.0,-20.0,0,-1,14,14
1.0,14,17,0,0,0,0,0,0,0.0,20.0,-20.0,0,-1,14,14
1.0,14,18,0,0,0,0,0,0,0.0,20.0,-20.0,0,-1,14,14
1.0,14,19,0,0,0,0,0,0,0.0,20.0,-20.0,0,-1,14,14
1.0,14,20,0,0,0,0,0,0,0.0,20.0,-20.0,0,-1,14,14
1.0,14,21,0,0,0,0,0,0,0.0,20.0,-20.0,0,-1,14,14
1.0,14,22,0,0,0,0,0,0,0.0,20.0,-20.0,0,-1,14,14
1.0,14,23,0,0,0,0,0,0,0.0,20.0,-20.0,0,-1,14,14
1.0,14,24,0,0,0,0,0,0,0.0,20.0,-20.0,0,-1,14,14
1.0,14,25,0,0,0,0,0,0,0.0,20.0,-20.0,0,-1,14,14
1.0,14,26,0,0,0,0,0,0,0.0,20.0,-20.0,0,-1,14,14
1.0,14,27,0,0,0,0,0,0,0.0,20.0,-20.0,0,-1,14,14
1.0,14,28,0,0,0,0,0,0,0.0,20.0,-20.0,0,-1,14,14
1.0,14,29,0,0,0,0,0,0,0.0,20.0,-20.0,0,-1,14,14
1.0,14,30,0,0,0,0,0,0,0.0,20.0,-20.0,0,-1,14,14
1.0,15,1,0,0,0,0,0,0,0.0,20.0,-20.0,0,-1,15,15
1.0,15,2,0,0,0,0,0,0,0.0,20.0,-20.0,0,-1,15,15
1.0,15,3,0,0,0,0,0,0,0.0,20.0,-20.0,0,-1,15,15
1.0,15,4,0,0,0,0,0,0,0.0,20.0,-20.0,0,-1,15,15
1.0,15,5,0,0,0,0,0,0,0.0,20.0,-20.0,0,-1,15,15
1.0,15,6,0,0,0,0,0,0,0.0,20.0,-20.0,0,-1,15,15
1.0,15,7,0,0,0,0,0,0,0.0,20.0,-20.0,0,-1,15,15
1.0,15,8,0,0,0,0,0,0,0.0,20.0,-20.0,0,-1,15,15
1.0,15,9,0,0,0,0,0,0,0.0,20.0,-20.0,0,-1,15,15
1.0,15,10,0,0,0,0,0,0,0.0,20.0,-20.0,0,-1,15,15
1.0,15,11,0,0,0,0,0,0,0.0,20.0,-20.0,0,-1,15,15
1.0,15,12,0,0,0,0,0,0,0.0,20.0,-20.0,0,-1,15,15
1.0,15,13,0,0,0,0,0,0,0.0,20.0,-20.0,0,-1,15,15
1.0,15,14,0,0,0,0,0,0,0.0,20.0,-20.0,0,-1,15,15
1.0,15,15,0,0,0,0,0,0,0.0,20.0,-20.0,0,-1,15,15
1.0,15,16,0,0,0,0,0,0,0.0,20.0,-20.0,0,-1,15,15
1.0,15,17,0,0,0,0,0,0,0.0,20.0,-20.0,0,-1,15,15
1.0,15,18,0,0,0,0,0,0,0.0,20.0,-20.0,0,-1,15,15
1.0,15,19,0,0,0,0,0,0,0.0,20.0,-20.0,0,-1,15,15
1.0,15,20,0,0,0,0,0,0,0.0,20.0,-20.0,0,-1,15,15
1.0,15,21,0,0,0,0,0,0,0.0,20.0,-20.0,0,-1,15,15
1.0,15,22,0,0,0,0,0,0,0.0,20.0,-20.0,0,-1,15,15
1.0,15,23,0,0,0,0,0,0,0.0,20.0,-20.0,0,-1,15,15
1.0,15,24,0,0,0,0,0,0,0.0,20.0,-20.0,0,-1,15,15
1.0,15,25,0,0,0,0,0,0,0.0,20.0,-20.0,0,-1,15,15
1.0,15,26,0,0,0,0,0,0,0.0,20.0,-20.0,0,-1,15,15
1.0,15,27,0,0,0,0,0,0,0.0,20.0,-20.0,0,-1,15,15
1.0,15,28,0,0,0,0,0,0,0.0,20.0,-20.0,0,-1,15,15
1.0,15,29,0,0,0,0,0,0,0.0,20.0,-20.0,0,-1,15,15
1.0,15,30,0,0,0,0,0,0,0.0,20.0,-20.0,0,-1,15,15
1.0,16,1,0,0,0,0,0,0,0.0,20.0,-20.0,0,-1,16,16
1.0,16,2,0,0,0,0,0,0,0.0,20.0,-20.0,0,-1,16,16
1.0,16,3,0,0,0,0,0,0,0.0,20.0,-20.0,0,-1,16,16
1.0,16,4,0,0,0,0,0,0,0.0,20.0,-20.0,0,-1,16,16
1.0,16,5,0,0,0,0,0,0,0.0,20.0,-20.0,0,-1,16,16
1.0,16,6,0,0,0,0,0,0,0.0,20.0,-20.0,0,-1,16,16
1.0,16,7,0,0,0,0,0,0,0.0,20.0,-20.0,0,-1,16,16
1.0,16,8,0,0,0,0,0,0,0.0,20.0,-20.0,0,-1,16,16
1.0,16,9,0,0,0,0,0,0,0.0,20.0,-20.0,0,-1,16,16
1.0,16,10,0,0,0,0,0,0,0.0,20.0,-20.0,0,-1,16,16
1.0,16,11,0,0,0,0,0,0,0.0,20.0,-20.0,0,-1,16,16
1.0,16,12,0,0,0,0,0,0,0.0,20.0,-20.0,0,-1,16,16
1.0,16,13,0,0,0,0,0,0,0.0,20.0,-20.0,0,-1,16,16
1.0,16,14,0,0,0,0,0,0,0.0,20.0,-20.0,0,-1,16,16
1.0,16,15,0,0,0,0,0,0,0.0,20.0,-20.0,0,-1,16,16
1.0,16,16,0,0,0,0,0,0,0.0,20.0,-20.0,0,-1,16,16
1.0,16,17,0,0,0,0,0,0,0.0,20.0,-20.0,0,-1,16,16
1.0,16,18,0,0,0,0,0,0,0.0,20.0,-20.0,0,-1,16,16
1.0,16,19,0,0,0,0,0,0,0.0,20.0,-20.0,0,-1,16,16
1.0,16,20,0,0,0,0,0,0,0.0,20.0,-20.0,0,-1,16,16
1.0,16,21,0,0,0,0,0,0,0.0,20.0,-20.0,0,-1,16,16
1.0,16,22,0,0,0,0,0,0,0.0,20.0,-20.0,0,-1,16,16
1.0,16,23,0,0,0,0,0,0,0.0,20.0,-20.0,0,-1,16,16
1.0,16,24,0,0,0,0,0,0,0.0,20.0,-20.0,0,-1,16,16
1.0,16,25,0,0,0,0,0,0,0.0,20.0,-20.0,0,-1,16,16
1.0,16,26,0,0,0,0,0,0,0.0,20.0,-20.0,0,-1,16,16
1.0,16,27,0,0,0,0,0,0,0.0,20.0,-20.0,0,-1,16,16
1.0,16,28,0,0,0,0,0,0,0.0,20.0,-20.0,0,-1,16,16
1.0,16,29,0,0,0,0,0,0,0.0,20.0,-20.0,0,-1,16,16
1.0,16,30,0,0,0,0,0,0,0.0,20.0,-20.0,0,-1,16,16
1.0,17,1,0,0,0,0,0,0,0.0,20.0,-20.0,0,-1,17,17
1.0,17,2,0,0,0,0,0,0,0.0,20.0,-20.0,0,-1,17,17
1.0,17,3,0,0,0,0,0,0,0.0,20.0,-20.0,0,-1,17,17
1.0,17,4,0,0,0,0,0,0,0.0,20.0,-20.0,0,-1,17,17
1.0,17,5,0,0,0,0,0,0,0.0,20.0,-20.0,0,-1,17,17
1.0,17,6,0,0,0,0,0,0,0.0,20.0,-20.0,0,-1,17,17
1.0,17,7,0,0,0,0,0,0,0.0,20.0,-20.0,0,-1,17,17
1.0,17,8,0,0,0,0,0,0,0.0,20.0,-20.0,0,-1,17,17
1.0,17,9,0,0,0,0,0,0,0.0,20.0,-20.0,0,-1,17,17
1.0,17,10,0,0,0,0,0,0,0.0,20.0,-20.0,0,-1,17,17
1.0,17,11,0,0,0,0,0,0,0.0,20.0,-20.0,0,-1,17,17
1.0,17,12,0,0,0,0,0,0,0.0,20.0,-20.0,0,-1,17,17
1.0,17,13,0,0,0,0,0,0,0.0,20.0,-20.0,0,-1,17,17
1.0,17,14,0,0,0,0,0,0,0.0,20.0,-20.0,0,-1,17,17
1.0,17,15,0,0,0,0,0,0,0.0,20.0,-20.0,0,-1,17,17
1.0,17,16,0,0,0,0,0,0,0.0,20.0,-20.0,0,-1,17,17
1.0,17,17,0,0,0,0,0,0,0.0,20.0,-20.0,0,-1,17,17
1.0,17,18,0,0,0,0,0,0,0.0,20.0,-20.0,0,-1,17,17
1.0,17,19,0,0,0,0,0,0,0.0,20.0,-20.0,0,-1,17,17
1.0,17,20,0,0,0,0,0,0,0.0,20.0,-20.0,0,-1,17,17
1.0,17,21,0,0,0,0,0,0,0.0,20.0,-20.0,0,-1,17,17
1.0,17,22,0,0,0,0,0,0,0.0,20.0,-20.0,0,-1,17,17
1.0,17,23,0,0,0,0,0,0,0.0,20.0,-20.0,0,-1,17,17
1.0,17,24,0,0,0,0,0,0,0.0,20.0,-20.0,0,-1,17,17
1.0,17,25,0,0,0,0,0,0,0.0,20.0,-20.0,0,-1,17,17
1.0,17,26,0,0,0,0,0,0,0.0,20.0,-20.0,0,-1,17,17
1.0,17,27,0,0,0,0,0,0,0.0,20.0,-20.0,0,-1,17,17
1.0,17,28,0,0,0,0,0,0,0.0,20.0,-20.0,0,-1,17,17
1.0,17,29,0,0,0,0,0,0,0.0,20.0,-20.0,0,-1,17,17
1.0,17,30,0,0,0,0,0,0,0.0,20.0,-20.0,0,-1,17,17
1.0,18,1,0,0,0,0,0,0,0.0,20.0,-20.0,0,-1,18,18
1.0,18,2,0,0,0,0,0,0,0.0,20.0,-20.0,0,-1,18,18
1.0,18,3,0,0,0,0,0,0,0.0,20.0,-20.0,0,-1,18,18
1.0,18,4,0,0,0,0,0,0,0.0,20.0,-20.0,0,-1,18,18
1.0,18,5,0,0,0,0,0,0,0.0,20.0,-20.0,0,-1,18,18
1.0,18,6,0,0,0,0,0,0,0.0,20.0,-20.0,0,-1,18,18
1.0,18,7,0,0,0,0,0,0,0.0,20.0,-20.0,0,-1,18,18
1.0,18,8,0,0,0,0,0,0,0.0,20.0,-20.0,0,-1,18,18
1.0,18,9,0,0,0,0,0,0,0.0,20.0,-20.0,0,-1,18,18
1.0,18,10,0,0,0,0,0,0,0.0,20.0,-20.0,0,-1,18,18
1.0,18,11,0,0,0,0,0,0,0.0,20.0,-20.0,0,-1,18,18
1.0,18,12,0,0,0,0,0,0,0.0,20.0,-20.0,0,-1,18,18
1.0,18,13,0,0,0,0,0,0,0.0,20.0,-20.0,0,-1,18,18
1.0,18,14,0,0,0,0,0,0,0.0,20.0,-20.0,0,-1,18,18
1.0,18,15,0,0,0,0,0,0,0.0,20.0,-20.0,0,-1,18,18
1.0,18,16,0,0,0,0,0,0,0.0,20.0,-20.0,0,-1,18,18
1.0,18,17,0,0,0,0,0,0,0.0,20.0,-20.0,0,-1,18,18
1.0,18,18,0,0,0,0,0,0,0.0,20.0,-20.0,0,-1,18,18
1.0,18,19,0,0,0,0,0,0,0.0,20.0,-20.0,0,-1,18,18
1.0,18,20,0,0,0,0,0,0,0.0,20.0,-20.0,0,-1,18,18
1.0,18,21,0,0,0,0,0,0,0.0,20.0,-20.0,0,-1,18,18
1.0,18,22,0,0,0,0,0,0,0.0,20.0,-20.0,0,-1,18,18
1.0,18,23,0,0,0,0,0,0,0.0,20.0,-20.0,0,-1,18,18
1.0,18,24,0,0,0,0,0,0,0.0,20.0,-20.0,0,-1,18,18
1.0,18,25,0,0,0,0,0,0,0.0,20.0,-20.0,0,-1,18,18
1.0,18,26,0,0,0,0,0,0,0.0,20.0,-20.0,0,-1,18,18
1.0,18,27,0,0,0,0,0,0,0.0,20.0,-20.0,0,-1,18,18
1.0,18,28,0,0,0,0,0,0,0.0,20.0,-20.0,0,-1,18,18
1.0,18,29,0,0,0,0,0,0,0.0,20.0,-20.0,0,-1,18,18
1.0,18,30,0,0,0,0,0,0,0.0,20.0,-20.0,0,-1,18,18
1.0,19,1,0,0,0,0,0,0,0.0,20.0,-20.0,0,-1,19,19
1.0,19,2,0,0,0,0,0,0,0.0,20.0,-20.0,0,-1,19,19
1.0,19,3,0,0,0,0,0,0,0.0,20.0,-20.0,0,-1,19,19
1.0,19,4,0,0,0,0,0,0,0.0,20.0,-20.0,0,-1,19,19
1.0,19,5,0,0,0,0,0,0,0.0,20.0,-20.0,0,-1,19,19
1.0,19,6,0,0,0,0,0,0,0.0,20.0,-20.0,0,-1,19,19
1.0,19,7,0,0,0,0,0,0,0.0,20.0,-20.0,0,-1,19,19
1.0,19,8,0,0,0,0,0,0,0.0,20.0,-20.0,0,-1,19,19
1.0,19,9,0,0,0,0,0,0,0.0,20.0,-20.0,0,-1,19,19
1.0,19,10,0,0,0,0,0,0,0.0,20.0,-20.0,0,-1,19,19
1.0,19,11,0,0,0,0,0,0,0.0,20.0,-20.0,0,-1,19,19
1.0,19,12,0,0,0,0,0,0,0.0,20.0,-20.0,0,-1,19,19
1.0,19,13,0,0,0,0,0,0,0.0,20.0,-20.0,0,-1,19,19
1.0,19,14,0,0,0,0,0,0,0.0,20.0,-20.0,0,-1,19,19
1.0,19,15,0,0,0,0,0,0,0.0,20.0,-20.0,0,-1,19,19
1.0,19,16,0,0,0,0,0,0,0.0,20.0,-20.0,0,-1,19,19
1.0,19,17,0,0,0,0,0,0,0.0,20.0,-20.0,0,-1,19,19
1.0,19,18,0,0,0,0,0,0,0.0,20.0,-20.0,0,-1,19,19
1.0,19,19,0,0,0,0,0,0,0.0,20.0,-20.0,0,-1,19,19
1.0,19,20,0,0,0,0,0,0,0.0,20.0,-20.0,0,-1,19,19
1.0,19,21,0,0,0,0,0,0,0.0,20.0,-20.0,0,-1,19,19
1.0,19,22,0,0,0,0,0,0,0.0,20.0,-20.0,0,-1,19,19
1.0,19,23,0,0,0,0,0,0,0.0,20.0,-20.0,0,-1,19,19
1.0,19,24,0,0,0,0,0,0,0.0,20.0,-20.0,0,-1,19,19
1.0,19,25,0,0,0,0,0,0,0.0,20.0,-20.0,0,-1,19,19
1.0,19,26,0,0,0,0,0,0,0.0,20.0,-20.0,0,-1,19,19
1.0,19,27,0,0,0,0,0,0,0.0,20.0,-20.0,0,-1,19,19
1.0,19,28,0,0,0,0,0,0,0.0,20.0,-20.0,0,-1,19,19
1.0,19,29,0,0,0,0,0,0,0.0,20.0,-20.0,0,-1,19,19
1.0,19,30,0,0,0,0,0,0,0.0,20.0,-20.0,0,-1,19,19
1.0,20,1,0,0,0,0,0,0,0.0,20.0,-20.0,0,-1,20,20
1.0,20,2,0,0,0,0,0,0,0.0,20.0,-20.0,0,-1,20,20
1.0,20,3,0,0,0,0,0,0,0.0,20.0,-20.0,0,-1,20,20
1.0,20,4,0,0,0,0,0,0,0.0,20.0,-20.0,0,-1,20,20
1.0,20,5,0,0,0,0,0,0,0.0,20.0,-20.0,0,-1,20,20
1.0,20,6,0,0,0,0,0,0,0.0,20.0,-20.0,0,-1,20,20
1.0,20,7,0,0,0,0,0,0,0.0,20.0,-20.0,0,-1,20,20
1.0,20,8,0,0,0,0,0,0,0.0,20.0,-20.0,0,-1,20,20
1.0,20,9,0,0,0,0,0,0,0.0,20.0,-20.0,0,-1,20,20
1.0,20,10,0,0,0,0,0,0,0.0,20.0,-20.0,0,-1,20,20
1.0,20,11,0,0,0,0,0,0,0.0,20.0,-20.0,0,-1,20,20
1.0,20,12,0,0,0,0,0,0,0.0,20.0,-20.0,0,-1,20,20
1.0,20,13,0,0,0,0,0,0,0.0,20.0,-20.0,0,-1,20,20
1.0,20,14,0,0,0,0,0,0,0.0,20.0,-20.0,0,-1,20,20
1.0,20,15,0,0,0,0,0,0,0.0,20.0,-20.0,0,-1,20,20
1.0,20,16,0,0,0,0,0,0,0.0,20.0,-20.0,0,-1,20,20
1.0,20,17,0,0,0,0,0,0,0.0,20.0,-20.0,0,-1,20,20
1.0,20,18,0,0,0,0,0,0,0.0,20.0,-20.0,0,-1,20,20
1.0,20,19,0,0,0,0,0,0,0.0,20.0,-20.0,0,-1,20,20
1.0,20,20,0,0,0,0,0,0,0.0,20.0,-20.0,0,-1,20,20
1.0,20,21,0,0,0,0,0,0,0.0,20.0,-20.0,0,-1,20,20
1.0,20,22,0,0,0,0,0,0,0.0,20.0,-20.0,0,-1,20,20
1.0,20,23,0,0,0,0,0,0,0.0,20.0,-20.0,0,-1,20,20
1.0,20,24,0,0,0,0,0,0,0.0,20.0,-20.0,0,-1,20,20
1.0,20,25,0,0,0,0,0,0,0.0,20.0,-20.0,0,-1,20,20
1.0,20,26,0,0,0,0,0,0,0.0,20.0,-20.0,0,-1,20,20
1.0,20,27,0,0,0,0,0,0,0.0,20.0,-20.0,0,-1,20,20
1.0,20,28,0,0,0,0,0,0,0.0,20.0,-20.0,0,-1,20,20
1.0,20,29,0,0,0,0,0,0,0.0,20.0,-20.0,0,-1,20,20
1.0,20,30,0,0,0,0,0,0,0.0,20.0,-20.0,0,-1,20,20
1.0,21,1,0,0,0,0,0,0,0.0,20.0,-20.0,0,-1,21,21
1.0,21,2,0,0,0,0,0,0,0.0,20.0,-20.0,0,-1,21,21
1.0,21,3,0,0,0,0,0,0,0.0,20.0,-20.0,0,-1,21,21
1.0,21,4,0,0,0,0,0,0,0.0,20.0,-20.0,0,-1,21,21
1.0,21,5,0,0,0,0,0,0,0.0,20.0,-20.0,0,-1,21,21
1.0,21,6,0,0,0,0,0,0,0.0,20.0,-20.0,0,-1,21,21
1.0,21,7,0,0,0,0,0,0,0.0,20.0,-20.0,0,-1,21,21
1.0,21,8,0,0,0,0,0,0,0.0,20.0,-20.0,0,-1,21,21
1.0,21,9,0,0,0,0,0,0,0.0,20.0,-20.0,0,-1,21,21
1.0,21,10,0,0,0,0,0,0,0.0,20.0,-20.0,0,-1,21,21
1.0,21,11,0,0,0,0,0,0,0.0,20.0,-20.0,0,-1,21,21
1.0,21,12,0,0,0,0,0,0,0.0,20.0,-20.0,0,-1,21,21
1.0,21,13,0,0,0,0,0,0,0.0,20.0,-20.0,0,-1,21,21
1.0,21,14,0,0,0,0,0,0,0.0,20.0,-20.0,0,-1,21,21
1.0,21,15,0,0,0,0,0,0,0.0,20.0,-20.0,0,-1,21,21
1.0,21,16,0,0,0,0,0,0,0.0,20.0,-20.0,0,-1,21,21
1.0,21,17,0,0,0,0,0,0,0.0,20.0,-20.0,0,-1,21,21
1.0,21,18,0,0,0,0,0,0,0.0,20.0,-20.0,0,-1,21,21
1.0,21,19,0,0,0,0,0,0,0.0,20.0,-20.0,0,-1,21,21
1.0,21,20,0,0,0,0,0,0,0.0,20.0,-20.0,0,-1,21,21
1.0,21,21,0,0,0,0,0,0,0.0,20.0,-20.0,0,-1,21,21
1.0,21,22,0,0,0,0,0,0,0.0,20.0,-20.0,0,-1,21,21
1.0,21,23,0,0,0,0,0,0,0.0,20.0,-20.0,0,-1,21,21
1.0,21,24,0,0,0,0,0,0,0.0,20.0,-20.0,0,-1,21,21
1.0,21,25,0,0,0,0,0,0,0.0,20.0,-20.0,0,-1,21,21
1.0,21,26,0,0,0,0,0,0,0.0,20.0,-20.0,0,-1,21,21
1.0,21,27,0,0,0,0,0,0,0.0,20.0,-20.0,0,-1,21,21
1.0,21,28,0,0,0,0,0,0,0.0,20.0,-20.0,0,-1,21,21
1.0,21,29,0,0,0,0,0,0,0.0,20.0,-20.0,0,-1,21,21
1.0,21,30,0,0,0,0,0,0,0.0,20.0,-20.0,0,-1,21,21
1.0,22,1,0,0,0,0,0,0,0.0,20.0,-20.0,0,-1,22,22
1.0,22,2,0,0,0,0,0,0,0.0,20.0,-20.0,0,-1,22,22
1.0,22,3,0,0,0,0,0,0,0.0,20.0,-20.0,0,-1,22,22
1.0,22,4,0,0,0,0,0,0,0.0,20.0,-20.0,0,-1,22,22
1.0,22,5,0,0,0,0,0,0,0.0,20.0,-20.0,0,-1,22,22
1.0,22,6,0,0,0,0,0,0,0.0,20.0,-20.0,0,-1,22,22
1.0,22,7,0,0,0,0,0,0,0.0,20.0,-20.0,0,-1,22,22
1.0,22,8,0,0,0,0,0,0,0.0,20.0,-20.0,0,-1,22,22
1.0,22,9,0,0,0,0,0,0,0.0,20.0,-20.0,0,-1,22,22
1.0,22,10,0,0,0,0,0,0,0.0,20.0,-20.0,0,-1,22,22
1.0,22,11,0,0,0,0,0,0,0.0,20.0,-20.0,0,-1,22,22
1.0,22,12,0,0,0,0,0,0,0.0,20.0,-20.0,0,-1,22,22
1.0,22,13,0,0,0,0,0,0,0.0,20.0,-20.0,0,-1,22,22
1.0,22,14,0,0,0,0,0,0,0.0,20.0,-20.0,0,-1,22,22
1.0,22,15,0,0,0,0,0,0,0.0,20.0,-20.0,0,-1,22,22
1.0,22,16,0,0,0,0,0,0,0.0,20.0,-20.0,0,-1,22,22
1.0,22,17,0,0,0,0,0,0,0.0,20.0,-20.0,0,-1,22,22
1.0,22,18,0,0,0,0,0,0,0.0,20.0,-20.0,0,-1,22,22
1.0,22,19,0,0,0,0,0,0,0.0,20.0,-20.0,0,-1,22,22
1.0,22,20,0,0,0,0,0,0,0.0,20.0,-20.0,0,-1,22,22
1.0,22,21,0,0,0,0,0,0,0.0,20.0,-20.0,0,-1,22,22
1.0,22,22,0,0,0,0,0,0,0.0,20.0,-20.0,0,-1,22,22
1.0,22,23,0,0,0,0,0,0,0.0,20.0,-20.0,0,-1,22,22
1.0,22,24,0,0,0,0,0,0,0.0,20.0,-20.0,0,-1,22,22
1.0,22,25,0,0,0,0,0,0,0.0,20.0,-20.0,0,-1,22,22
1.0,22,26,0,0,0,0,0,0,0.0,20.0,-20.0,0,-1,22,22
1.0,22,27,0,0,0,0,0,0,0.0,20.0,-20.0,0,-1,22,22
1.0,22,28,0,0,0,0,0,0,0.0,20.0,-20.0,0,-1,22,22
1.0,22,29,0,0,0,0,0,0,0.0,20.0,-20.0,0,-1,22,22
1.0,22,30,0,0,0,0,0,0,0.0,20.0,-20.0,0,-1,22,22
1.0,23,1,0,0,0,0,0,0,0.0,20.0,-20.0,0,-1,23,23
1.0,23,2,0,0,0,0,0,0,0.0,20.0,-20.0,0,-1,23,23
1.0,23,3,0,0,0,0,0,0,0.0,20.0,-20.0,0,-1,23,23
1.0,23,4,0,0,0,0,0,0,0.0,20.0,-20.0,0,-1,23,23
1.0,23,5,0,0,0,0,0,0,0.0,20.0,-20.0,0,-1,23,23
1.0,23,6,0,0,0,0,0,0,0.0,20.0,-20.0,0,-1,23,23
1.0,23,7,0,0,0,0,0,0,0.0,20.0,-20.0,0,-1,23,23
1.0,23,8,0,0,0,0,0,0,0.0,20.0,-20.0,0,-1,23,23
1.0,23,9,0,0,0,0,0,0,0.0,20.0,-20.0,0,-1,23,23
1.0,23,10,0,0,0,0,0,0,0.0,20.0,-20.0,0,-1,23,23
1.0,23,11,0,0,0,0,0,0,0.0,20.0,-20.0,0,-1,23,23
1.0,23,12,0,0,0,0,0,0,0.0,20.0,-20.0,0,-1,23,23
1.0,23,13,0,0,0,0,0,0,0.0,20.0,-20.0,0,-1,23,23
1.0,23,14,0,0,0,0,0,0,0.0,20.0,-20.0,0,-1,23,23
1.0,23,15,0,0,0,0,0,0,0.0,20.0,-20.0,0,-1,23,23
1.0,23,16,0,0,0,0,0,0,0.0,20.0,-20.0,0,-1,23,23
1.0,23,17,0,0,0,0,0,0,0.0,20.0,-20.0,0,-1,23,23
1.0,23,18,0,0,0,0,0,0,0.0,20.0,-20.0,0,-1,23,23
1.0,23,19,0,0,0,0,0,0,0.0,20.0,-20.0,0,-1,23,23
1.0,23,20,0,0,0,0,0,0,0.0,20.0,-20.0,0,-1,23,23
1.0,23,21,0,0,0,0,0,0,0.0,20.0,-20.0,0,-1,23,23
1.0,23,22,0,0,0,0,0,0,0.0,20.0,-20.0,0,-1,23,23
1.0,23,23,0,0,0,0,0,0,0.0,20.0,-20.0,0,-1,23,23
1.0,23,24,0,0,0,0,0,0,0.0,20.0,-20.0,0,-1,23,23
1.0,23,25,0,0,0,0,0,0,0.0,20.0,-20.0,0,-1,23,23
1.0,23,26,0,0,0,0,0,0,0.0,20.0,-20.0,0,-1,23,23
1.0,23,27,0,0,0,0,0,0,0.0,20.0,-20.0,0,-1,23,23
1.0,23,28,0,0,0,0,0,0,0.0,20.0,-20.0,0,-1,23,23
1.0,23,29,0,0,0,0,0,0,0.0,20.0,-20.0,0,-1,23,23
1.0,23,30,0,0,0,0,0,0,0.0,20.0,-20.0,0,-1,23,23
1.0,24,1,0,0,0,0,0,0,0.0,20.0,-20.0,0,-1,24,24
1.0,24,2,0,0,0,0,0,0,0.0,20.0,-20.0,0,-1,24,24
1.0,24,3,0,0,0,0,0,0,0.0,20.0,-20.0,0,-1,24,24
1.0,24,4,0,0,0,0,0,0,0.0,20.0,-20.0,0,-1,24,24
1.0,24,5,0,0,0,0,0,0,0.0,20.0,-20.0,0,-1,24,24
1.0,24,6,0,0,0,0,0,0,0.0,20.0,-20.0,0,-1,24,24
1.0,24,7,0,0,0,0,0,0,0.0,20.0,-20.0,0,-1,24,24
1.0,24,8,0,0,0,0,0,0,0.0,20.0,-20.0,0,-1,24,24
1.0,24,9,0,0,0,0,0,0,0.0,20.0,-20.0,0,-1,24,24
1.0,24,10,0,0,0,0,0,0,0.0,20.0,-20.0,0,-1,24,24
1.0,24,11,0,0,0,0,0,0,0.0,20.0,-20.0,0,-1,24,24
1.0,24,12,0,0,0,0,0,0,0.0,20.0,-20.0,0,-1,24,24
1.0,24,13,0,0,0,0,0,0,0.0,20.0,-20.0,0,-1,24,24
1.0,24,14,0,0,0,0,0,0,0.0,20.0,-20.0,0,-1,24,24
1.0,24,15,0,0,0,0,0,0,0.0,20.0,-20.0,0,-1,24,24
1.0,24,16,0,0,0,0,0,0,0.0,20.0,-20.0,0,-1,24,24
1.0,24,17,0,0,0,0,0,0,0.0,20.0,-20.0,0,-1,24,24
1.0,24,18,0,0,0,0,0,0,0.0,20.0,-20.0,0,-1,24,24
1.0,24,19,0,0,0,0,0,0,0.0,20.0,-20.0,0,-1,24,24
1.0,24,20,0,0,0,0,0,0,0.0,20.0,-20.0,0,-1,24,24
1.0,24,21,0,0,0,0,0,0,0.0,20.0,-20.0,0,-1,24,24
1.0,24,22,0,0,0,0,0,0,0.0,20.0,-20.0,0,-1,24,24
1.0,24,23,0,0,0,0,0,0,0.0,20.0,-20.0,0,-1,24,24
1.0,24,24,0,0,0,0,0,0,0.0,20.0,-20.0,0,-1,24,24
1.0,24,25,0,0,0,0,0,0,0.0,20.0,-20.0,0,-1,24,24
1.0,24,26,0,0,0,0,0,0,0.0,20.0,-20.0,0,-1,24,24
1.0,24,27,0,0,0,0,0,0,0.0,20.0,-20.0,0,-1,24,24
1.0,24,28,0,0,0,0,0,0,0.0,20.0,-20.0,0,-1,24,24
1.0,24,29,0,0,0,0,0,0,0.0,20.0,-20.0,0,-1,24,24
1.0,24,30,0,0,0,0,0,0,0.0,20.0,-20.0,0,-1,24,24
1.0,25,1,0,0,0,0,0,0,0.0,20.0,-20.0,0,-1,25,25
1.0,25,2,0,0,0,0,0,0,0.0,20.0,-20.0,0,-1,25,25
1.0,25,3,0,0,0,0,0,0,0.0,20.0,-20.0,0,-1,25,25
1.0,25,4,0,0,0,0,0,0,0.0,20.0,-20.0,0,-1,25,25
1.0,25,5,0,0,0,0,0,0,0.0,20.0,-20.0,0,-1,25,25
1.0,25,6,0,0,0,0,0,0,0.0,20.0,-20.0,0,-1,25,25
1.0,25,7,0,0,0,0,0,0,0.0,20.0,-20.0,0,-1,25,25
1.0,25,8,0,0,0,0,0,0,0.0,20.0,-20.0,0,-1,25,25
1.0,25,9,0,0,0,0,0,0,0.0,20.0,-20.0,0,-1,25,25
1.0,25,10,0,0,0,0,0,0,0.0,20.0,-20.0,0,-1,25,25
1.0,25,11,0,0,0,0,0,0,0.0,20.0,-20.0,0,-1,25,25
1.0,25,12,0,0,0,0,0,0,0.0,20.0,-20.0,0,-1,25,25
1.0,25,13,0,0,0,0,0,0,0.0,20.0,-20.0,0,-1,25,25
1.0,25,14,0,0,0,0,0,0,0.0,20.0,-20.0,0,-1,25,25
1.0,25,15,0,0,0,0,0,0,0.0,20.0,-20.0,0,-1,25,25
1.0,25,16,0,0,0,0,0,0,0.0,20.0,-20.0,0,-1,25,25
1.0,25,17,0,0,0,0,0,0,0.0,20.0,-20.0,0,-1,25,25
1.0,25,18,0,0,0,0,0,0,0.0,20.0,-20.0,0,-1,25,25
1.0,25,19,0,0,0,0,0,0,0.0,20.0,-20.0,0,-1,25,25
1.0,25,20,0,0,0,0,0,0,0.0,20.0,-20.0,0,-1,25,25
1.0,25,21,0,0,0,0,0,0,0.0,20.0,-20.0,0,-1,25,25
1.0,25,22,0,0,0,0,0,0,0.0,20.0,-20.0,0,-1,25,25
1.0,25,23,0,0,0,0,0,0,0.0,20.0,-20.0,0,-1,25,25
1.0,25,24,0,0,0,0,0,0,0.0,20.0,-20.0,0,-1,25,25
1.0,25,25,0,0,0,0,0,0,0.0,20.0,-20.0,0,-1,25,25
1.0,25,26,0,0,0,0,0,0,0.0,20.0,-20.0,0,-1,25,25
1.0,25,27,0,0,0,0,0,0,0.0,20.0,-20.0,0,-1,25,25
1.0,25,28,0,0,0,0,0,0,0.0,20.0,-20.0,0,-1,25,25
1.0,25,29,0,0,0,0,0,0,0.0,20.0,-20.0,0,-1,25,25
1.0,25,30,0,0,0,0,0,0,0.0,20.0,-20.0,0,-1,25,25
1.0,26,1,0,0,0,0,0,0,0.0,20.0,-20.0,0,-1,26,26
1.0,26,2,0,0,0,0,0,0,0.0,20.0,-20.0,0,-1,26,26
1.0,26,3,0,0,0,0,0,0,0.0,20.0,-20.0,0,-1,26,26
1.0,26,4,0,0,0,0,0,0,0.0,20.0,-20.0,0,-1,26,26
1.0,26,5,0,0,0,0,0,0,0.0,20.0,-20.0,0,-1,26,26
1.0,26,6,0,0,0,0,0,0,0.0,20.0,-20.0,0,-1,26,26
1.0,26,7,0,0,0,0,0,0,0.0,20.0,-20.0,0,-1,26,26
1.0,26,8,0,0,0,0,0,0,0.0,20.0,-20.0,0,-1,26,26
1.0,26,9,0,0,0,0,0,0,0.0,20.0,-20.0,0,-1,26,26
1.0,26,10,0,0,0,0,0,0,0.0,20.0,-20.0,0,-1,26,26
1.0,26,11,0,0,0,0,0,0,0.0,20.0,-20.0,0,-1,26,26
1.0,26,12,0,0,0,0,0,0,0.0,20.0,-20.0,0,-1,26,26
1.0,26,13,0,0,0,0,0,0,0.0,20.0,-20.0,0,-1,26,26
1.0,26,14,0,0,0,0,0,0,0.0,20.0,-20.0,0,-1,26,26
1.0,26,15,0,0,0,0,0,0,0.0,20.0,-20.0,0,-1,26,26
1.0,26,16,0,0,0,0,0,0,0.0,20.0,-20.0,0,-1,26,26
1.0,26,17,0,0,0,0,0,0,0.0,20.0,-20.0,0,-1,26,26
1.0,26,18,0,0,0,0,0,0,0.0,20.0,-20.0,0,-1,26,26
1.0,26,19,0,0,0,0,0,0,0.0,20.0,-20.0,0,-1,26,26
1.0,26,20,0,0,0,0,0,0,0.0,20.0,-20.0,0,-1,26,26
1.0,26,21,0,0,0,0,0,0,0.0,20.0,-20.0,0,-1,26,26
1.0,26,22,0,0,0,0,0,0,0.0,20.0,-20.0,0,-1,26,26
1.0,26,23,0,0,0,0,0,0,0.0,20.0,-20.0,0,-1,26,26
1.0,26,24,0,0,0,0,0,0,0.0,20.0,-20.0,0,-1,26,26
1.0,26,25,0,0,0,0,0,0,0.0,20.0,-20.0,0,-1,26,26
1.0,26,26,0,0,0,0,0,0,0.0,20.0,-20.0,0,-1,26,26
1.0,26,27,0,0,0,0,0,0,0.0,20.0,-20.0,0,-1,26,26
1.0,26,28,0,0,0,0,0,0,0.0,20.0,-20.0,0,-1,26,26
1.0,26,29,0,0,0,0,0,0,0.0,20.0,-20.0,0,-1,26,26
1.0,26,30,0,0,0,0,0,0,0.0,20.0,-20.0,0,-1,26,26
1.0,27,1,0,0,0,0,0,0,0.0,20.0,-20.0,0,-1,27,27
1.0,27,2,0,0,0,0,0,0,0.0,20.0,-20.0,0,-1,27,27
1.0,27,3,0,0,0,0,0,0,0.0,20.0,-20.0,0,-1,27,27
1.0,27,4,0,0,0,0,0,0,0.0,20.0,-20.0,0,-1,27,27
1.0,27,5,0,0,0,0,0,0,0.0,20.0,-20.0,0,-1,27,27
1.0,27,6,0,0,0,0,0,0,0.0,20.0,-20.0,0,-1,27,27
1.0,27,7,0,0,0,0,0,0,0.0,20.0,-20.0,0,-1,27,27
1.0,27,8,0,0,0,0,0,0,0.0,20.0,-20.0,0,-1,27,27
1.0,27,9,0,0,0,0,0,0,0.0,20.0,-20.0,0,-1,27,27
1.0,27,10,0,0,0,0,0,0,0.0,20.0,-20.0,0,-1,27,27
1.0,27,11,0,0,0,0,0,0,0.0,20.0,-20.0,0,-1,27,27
1.0,27,12,0,0,0,0,0,0,0.0,20.0,-20.0,0,-1,27,27
1.0,27,13,0,0,0,0,0,0,0.0,20.0,-20.0,0,-1,27,27
1.0,27,14,0,0,0,0,0,0,0.0,20.0,-20.0,0,-1,27,27
1.0,27,15,0,0,0,0,0,0,0.0,20.0,-20.0,0,-1,27,27
1.0,27,16,0,0,0,0,0,0,0.0,20.0,-20.0,0,-1,27,27
1.0,27,17,0,0,0,0,0,0,0.0,20.0,-20.0,0,-1,27,27
1.0,27,18,0,0,0,0,0,0,0.0,20.0,-20.0,0,-1,27,27
1.0,27,19,0,0,0,0,0,0,0.0,20.0,-20.0,0,-1,27,27
1.0,27,20,0,0,0,0,0,0,0.0,20.0,-20.0,0,-1,27,27
1.0,27,21,0,0,0,0,0,0,0.0,20.0,-20.0,0,-1,27,27
1.0,27,22,0,0,0,0,0,0,0.0,20.0,-20.0,0,-1,27,27
1.0,27,23,0,0,0,0,0,0,0.0,20.0,-20.0,0,-1,27,27
1.0,27,24,0,0,0,0,0,0,0.0,20.0,-20.0,0,-1,27,27
1.0,27,25,0,0,0,0,0,0,0.0,20.0,-20.0,0,-1,27,27
1.0,27,26,0,0,0,0,0,0,0.0,20.0,-20.0,0,-1,27,27
1.0,27,27,0,0,0,0,0,0,0.0,20.0,-20.0,0,-1,27,27
1.0,27,28,0,0,0,0,0,0,0.0,20.0,-20.0,0,-1,27,27
1.0,27,29,0,0,0,0,0,0,0.0,20.0,-20.0,0,-1,27,27
1.0,27,30,0,0,0,0,0,0,0.0,20.0,-20.0,0,-1,27,27
1.0,28,1,0,0,0,0,0,0,0.0,20.0,-20.0,0,-1,28,28
1.0,28,2,0,0,0,0,0,0,0.0,20.0,-20.0,0,-1,28,28
1.0,28,3,0,0,0,0,0,0,0.0,20.0,-20.0,0,-1,28,28
1.0,28,4,0,0,0,0,0,0,0.0,20.0,-20.0,0,-1,28,28
1.0,28,5,0,0,0,0,0,0,0.0,20.0,-20.0,0,-1,28,28
1.0,28,6,0,0,0,0,0,0,0.0,20.0,-20.0,0,-1,28,28
1.0,28,7,0,0,0,0,0,0,0.0,20.0,-20.0,0,-1,28,28
1.0,28,8,0,0,0,0,0,0,0.0,20.0,-20.0,0,-1,28,28
1.0,28,9,0,0,0,0,0,0,0.0,20.0,-20.0,0,-1,28,28
1.0,28,10,0,0,0,0,0,0,0.0,20.0,-20.0,0,-1,28,28
1.0,28,11,0,0,0,0,0,0,0.0,20.0,-20.0,0,-1,28,28
1.0,28,12,0,0,0,0,0,0,0.0,20.0,-20.0,0,-1,28,28
1.0,28,13,0,0,0,0,0,0,0.0,20.0,-20.0,0,-1,28,28
1.0,28,14,0,0,0,0,0,0,0.0,20.0,-20.0,0,-1,28,28
1.0,28,15,0,0,0,0,0,0,0.0,20.0,-20.0,0,-1,28,28
1.0,28,16,0,0,0,0,0,0,0.0,20.0,-20.0,0,-1,28,28
1.0,28,17,0,0,0,0,0,0,0.0,20.0,-20.0,0,-1,28,28
1.0,28,18,0,0,0,0,0,0,0.0,20.0,-20.0,0,-1,28,28
1.0,28,19,0,0,0,0,0,0,0.0,20.0,-20.0,0,-1,28,28
1.0,28,20,0,0,0,0,0,0,0.0,20.0,-20.0,0,-1,28,28
1.0,28,21,0,0,0,0,0,0,0.0,20.0,-20.0,0,-1,28,28
1.0,28,22,0,0,0,0,0,0,0.0,20.0,-20.0,0,-1,28,28
1.0,28,23,0,0,0,0,0,0,0.0,20.0,-20.0,0,-1,28,28
1.0,28,24,0,0,0,0,0,0,0.0,20.0,-20.0,0,-1,28,28
1.0,28,25,0,0,0,0,0,0,0.0,20.0,-20.0,0,-1,28,28
1.0,28,26,0,0,0,0,0,0,0.0,20.0,-20.0,0,-1,28,28
1.0,28,27,0,0,0,0,0,0,0.0,20.0,-20.0,0,-1,28,28
1.0,28,28,0,0,0,0,0,0,0.0,20.0,-20.0,0,-1,28,28
1.0,28,29,0,0,0,0,0,0,0.0,20.0,-20.0,0,-1,28,28
1.0,28,30,0,0,0,0,0,0,0.0,20.0,-20.0,0,-1,28,28
1.0,29,1,0,0,0,0,0,0,0.0,20.0,-20.0,0,-1,29,29
1.0,29,2,0,0,0,0,0,0,0.0,20.0,-20.0,0,-1,29,29
1.0,29,3,0,0,0,0,0,0,0.0,20.0,-20.0,0,-1,29,29
1.0,29,4,0,0,0,0,0,0,0.0,20.0,-20.0,0,-1,29,29
1.0,29,5,0,0,0,0,0,0,0.0,20.0,-20.0,0,-1,29,29
1.0,29,6,0,0,0,0,0,0,0.0,20.0,-20.0,0,-1,29,29
1.0,29,7,0,0,0,0,0,0,0.0,20.0,-20.0,0,-1,29,29
1.0,29,8,0,0,0,0,0,0,0.0,20.0,-20.0,0,-1,29,29
1.0,29,9,0,0,0,0,0,0,0.0,20.0,-20.0,0,-1,29,29
1.0,29,10,0,0,0,0,0,0,0.0,20.0,-20.0,0,-1,29,29
1.0,29,11,0,0,0,0,0,0,0.0,20.0,-20.0,0,-1,29,29
1.0,29,12,0,0,0,0,0,0,0.0,20.0,-20.0,0,-1,29,29
1.0,29,13,0,0,0,0,0,0,0.0,20.0,-20.0,0,-1,29,29
1.0,29,14,0,0,0,0,0,0,0.0,20.0,-20.0,0,-1,29,29
1.0,29,15,0,0,0,0,0,0,0.0,20.0,-20.0,0,-1,29,29
1.0,29,16,0,0,0,0,0,0,0.0,20.0,-20.0,0,-1,29,29
1.0,29,17,0,0,0,0,0,0,0.0,20.0,-20.0,0,-1,29,29
1.0,29,18,0,0,0,0,0,0,0.0,20.0,-20.0,0,-1,29,29
1.0,29,19,0,0,0,0,0,0,0.0,20.0,-20.0,0,-1,29,29
1.0,29,20,0,0,0,0,0,0,0.0,20.0,-20.0,0,-1,29,29
1.0,29,21,0,0,0,0,0,0,0.0,20.0,-20.0,0,-1,29,29
1.0,29,22,0,0,0,0,0,0,0.0,20.0,-20.0,0,-1,29,29
1.0,29,23,0,0,0,0,0,0,0.0,20.0,-20.0,0,-1,29,29
1.0,29,24,0,0,0,0,0,0,0.0,20.0,-20.0,0,-1,29,29
1.0,29,25,0,0,0,0,0,0,0.0,20.0,-20.0,0,-1,29,29
1.0,29,26,0,0,0,0,0,0,0.0,20.0,-20.0,0,-1,29,29
1.0,29,27,0,0,0,0,0,0,0.0,20.0,-20.0,0,-1,29,29
1.0,29,28,0,0,0,0,0,0,0.0,20.0,-20.0,0,-1,29,29
1.0,29,29,0,0,0,0,0,0,0.0,20.0,-20.0,0,-1,29,29
1.0,29,30,0,0,0,0,0,0,0.0,20.0,-20.0,0,-1,29,29
1.0,30,1,0,0,0,0,0,0,0.0,20.0,-20.0,0,-1,30,30
1.0,30,2,0,0,0,0,0,0,0.0,20.0,-20.0,0,-1,30,30
1.0,30,3,0,0,0,0,0,0,0.0,20.0,-20.0,0,-1,30,30
1.0,30,4,0,0,0,0,0,0,0.0,20.0,-20.0,0,-1,30,30
1.0,30,5,0,0,0,0,0,0,0.0,20.0,-20.0,0,-1,30,30
1.0,30,6,0,0,0,0,0,0,0.0,20.0,-20.0,0,-1,30,30
1.0,30,7,0,0,0,0,0,0,0.0,20.0,-20.0,0,-1,30,30
1.0,30,8,0,0,0,0,0,0,0.0,20.0,-20.0,0,-1,30,30
1.0,30,9,0,0,0,0,0,0,0.0,20.0,-20.0,0,-1,30,30
1.0,30,10,0,0,0,0,0,0,0.0,20.0,-20.0,0,-1,30,30
1.0,30,11,0,0,0,0,0,0,0.0,20.0,-20.0,0,-1,30,30
1.0,30,12,0,0,0,0,0,0,0.0,20.0,-20.0,0,-1,30,30
1.0,30,13,0,0,0,0,0,0,0.0,20.0,-20.0,0,-1,30,30
1.0,30,14,0,0,0,0,0,0,0.0,20.0,-20.0,0,-1,30,30
1.0,30,15,0,0,0,0,0,0,0.0,20.0,-20.0,0,-1,30,30
1.0,30,16,0,0,0,0,0,0,0.0,20.0,-20.0,0,-1,30,30
1.0,30,17,0,0,0,0,0,0,0.0,20.0,-20.0,0,-1,30,30
1.0,30,18,0,0,0,0,0,0,0.0,20.0,-20.0,0,-1,30,30
1.0,30,19,0,0,0,0,0,0,0.0,20.0,-20.0,0,-1,30,30
1.0,30,20,0,0,0,0,0,0,0.0,20.0,-20.0,0,-1,30,30
1.0,30,21,0,0,0,0,0,0,0.0,20.0,-20.0,0,-1,30,30
1.0,30,22,0,0,0,0,0,0,0.0,20.0,-20.0,0,-1,30,30
1.0,30,23,0,0,0,0,0,0,0.0,20.0,-20.0,0,-1,30,30
1.0,30,24,0,0,0,0,0,0,0.0,20.0,-20.0,0,-1,30,30
1.0,30,25,0,0,0,0,0,0,0.0,20.0,-20.0,0,-1,30,30
1.0,30,26,0,0,0,0,0,0,0.0,20.0,-20.0,0,-1,30,30
1.0,30,27,0,0,0,0,0,0,0.0,20.0,-20.0,0,-1,30,30
1.0,30,28,0,0,0,0,0,0,0.0,20.0,-20.0,0,-1,30,30
1.0,30,29,0,0,0,0,0,0,0.0,20.0,-20.0,0,-1,30,30
1.0,30,30,0,0,0,0,0,0,0.0,20.0,-20.0,0,-1,30,30
1.5,1,1,0,0,0,0,0,0,0.0,20.0,-20.0,0,7,1,6
1.5,1,2,0,0,0,0,0,0,0.0,20.0,-20.0,0,7,1,6
1.5,1,3,0,0,0,0,0,0,0.0,20.0,-20.0,0,7,1,6
1.5,1,4,0,0,0,0,0,0,0.0,20.0,-20.0,0,7,1,6
1.5,1,5,0,0,0,0,0,0,0.0,20.0,-20.0,0,7,1,6
1.5,1,6,0,0,0,0,0,0,0.0,20.0,-20.0,0,7,1,6
1.5,1,7,0,0,0,0,0,0,0.0,20.0,-20.0,0,7,1,6
1.5,1,8,0,0,0,0,0,0,0.0,20.0,-20.0,0,7,1,6
1.5,1,9,0,0,0,0,0,0,0.0,20.0,-20.0,0,7,1,6
1.5,1,10,0,0,0,0,0,0,0.0,20.0,-20.0,0,7,1,6
1.5,1,11,0,0,0,0,0,0,0.0,20.0,-20.0,0,7,1,6
1.5,1,12,0,0,0,0,0,0,0.0,20.0,-20.0,0,7,1,6
1.5,1,13,0,0,0,0,0,0,0.0,20.0,-20.0,0,7,1,6
1.5,1,14,0,0,0,0,0,0,0.0,20.0,-20.0,0,7,1,6
1.5,1,15,0,0,0,0,0,0,0.0,20.0,-20.0,0,7,1,6
1.5,1,16,0,0,0,0,0,0,0.0,20.0,-20.0,0,7,1,6
1.5,1,17,0,0,0,0,0,0,0.0,20.0,-20.0,0,7,1,6
1.5,1,18,0,0,0,0,0,0,0.0,20.0,-20.0,0,7,1,6
1.5,1,19,0,0,0,0,0,0,0.0,20.0,-20.0,0,7,1,6
1.5,1,20,0,0,0,0,0,0,0.0,20.0,-20.0,0,7,1,6
1.5,1,21,0,0,0,0,0,0,0.0,20.0,-20.0,0,7,1,6
1.5,1,22,0,0,0,0,0,0,0.0,20.0,-20.0,0,7,1,6
1.5,1,23,0,0,0,0,0,0,0.0,20.0,-20.0,0,7,1,6
1.5,1,24,0,0,0,0,0,0,0.0,20.0,-20.0,0,7,1,6
1.5,1,25,0,0,0,0,0,0,0.0,20.0,-20.0,0,7,1,6
1.5,1,26,0,0,0,0,0,0,0.0,20.0,-20.0,0,7,1,6
1.5,1,27,0,0,0,0,0,0,0.0,20.0,-20.0,0,7,1,6
1.5,1,28,0,0,0,0,0,0,0.0,20.0,-20.0,0,7,1,6
1.5,1,29,0,0,0,0,0,0,0.0,20.0,-20.0,0,7,1,6
1.5,1,30,0,0,0,0,0,0,0.0,20.0,-20.0,0,7,1,6
1.5,2,1,0,0,0,0,0,0,0.0,20.0,-20.0,0,7,2,6
1.5,2,2,0,0,0,0,0,0,0.0,20.0,-20.0,0,7,2,6
1.5,2,3,0,0,0,0,0,0,0.0,20.0,-20.0,0,7,2,6
1.5,2,4,0,0,0,0,0,0,0.0,20.0,-20.0,0,7,2,6
1.5,2,5,0,0,0,0,0,0,0.0,20.0,-20.0,0,7,2,6
1.5,2,6,0,0,0,0,0,0,0.0,20.0,-20.0,0,7,2,6
1.5,2,7,0,0,0,0,0,0,0.0,20.0,-20.0,0,7,2,6
1.5,2,8,0,0,0,0,0,0,0.0,20.0,-20.0,0,7,2,6
1.5,2,9,0,0,0,0,0,0,0.0,20.0,-20.0,0,7,2,6
1.5,2,10,0,0,0,0,0,0,0.0,20.0,-20.0,0,7,2,6
1.5,2,11,0,0,0,0,0,0,0.0,20.0,-20.0,0,7,2,6
1.5,2,12,0,0,0,0,0,0,0.0,20.0,-20.0,0,7,2,6
1.5,2,13,0,0,0,0,0,0,0.0,20.0,-20.0,0,7,2,6
1.5,2,14,0,0,0,0,0,0,0.0,20.0,-20.0,0,7,2,6
1.5,2,15,0,0,0,0,0,0,0.0,20.0,-20.0,0,7,2,6
1.5,2,16,0,0,0,0,0,0,0.0,20.0,-20.0,0,7,2,6
1.5,2,17,0,0,0,0,0,0,0.0,20.0,-20.0,0,7,2,6
1.5,2,18,0,0,0,0,0,0,0.0,20.0,-20.0,0,7,2,6
1.5,2,19,0,0,0,0,0,0,0.0,20.0,-20.0,0,7,2,6
1.5,2,20,0,0,0,0,0,0,0.0,20.0,-20.0,0,7,2,6
1.5,2,21,0,0,0,0,0,0,0.0,20.0,-20.0,0,7,2,6
1.5,2,22,0,0,0,0,0,0,0.0,20.0,-20.0,0,7,2,6
1.5,2,23,0,0,0,0,0,0,0.0,20.0,-20.0,0,7,2,6
1.5,2,24,0,0,0,0,0,0,0.0,20.0,-20.0,0,7,2,6
1.5,2,25,0,0,0,0,0,0,0.0,20.0,-20.0,0,7,2,6
1.5,2,26,0,0,0,0,0,0,0.0,20.0,-20.0,0,7,2,6
1.5,2,27,0,0,0,0,0,0,0.0,20.0,-20.0,0,7,2,6
1.5,2,28,0,0,0,0,0,0,0.0,20.0,-20.0,0,7,2,6
1.5,2,29,0,0,0,0,0,0,0.0,20.0,-20.0,0,7,2,6
1.5,2,30,0,0,0,0,0,0,0.0,20.0,-20.0,0,7,2,6
1.5,3,1,0,0,0,0,0,0,0.0,20.0,-20.0,0,7,3,6
1.5,3,2,0,0,0,0,0,0,0.0,20.0,-20.0,0,7,3,6
1.5,3,3,0,0,0,0,0,0,0.0,20.0,-20.0,0,7,3,6
1.5,3,4,0,0,0,0,0,0,0.0,20.0,-20.0,0,7,3,6
1.5,3,5,0,0,0,0,0,0,0.0,20.0,-20.0,0,7,3,6
1.5,3,6,0,0,0,0,0,0,0.0,20.0,-20.0,0,7,3,6
1.5,3,7,0,0,0,0,0,0,0.0,20.0,-20.0,0,7,3,6
1.5,3,8,0,0,0,0,0,0,0.0,20.0,-20.0,0,7,3,6
1.5,3,9,0,0,0,0,0,0,0.0,20.0,-20.0,0,7,3,6
1.5,3,10,0,0,0,0,0,0,0.0,20.0,-20.0,0,7,3,6
1.5,3,11,0,0,0,0,0,0,0.0,20.0,-20.0,0,7,3,6
1.5,3,12,0,0,0,0,0,0,0.0,20.0,-20.0,0,7,3,6
1.5,3,13,0,0,0,0,0,0,0.0,20.0,-20.0,0,7,3,6
1.5,3,14,0,0,0,0,0,0,0.0,20.0,-20.0,0,7,3,6
1.5,3,15,0,0,0,0,0,0,0.0,20.0,-20.0,0,7,3,6
1.5,3,16,0,0,0,0,0,0,0.0,20.0,-20.0,0,7,3,6
1.5,3,17,0,0,0,0,0,0,0.0,20.0,-20.0,0,7,3,6
1.5,3,18,0,0,0,0,0,0,0.0,20.0,-20.0,0,7,3,6
1.5,3,19,0,0,0,0,0,0,0.0,20.0,-20.0,0,7,3,6
1.5,3,20,0,0,0,0,0,0,0.0,20.0,-20.0,0,7,3,6
1.5,3,21,0,0,0,0,0,0,0.0,20.0,-20.0,0,7,3,6
1.5,3,22,0,0,0,0,0,0,0.0,20.0,-20.0,0,7,3,6
1.5,3,23,0,0,0,0,0,0,0.0,20.0,-20.0,0,7,3,6
1.5,3,24,0,0,0,0,0,0,0.0,20.0,-20.0,0,7,3,6
1.5,3,25,0,0,0,0,0,0,0.0,20.0,-20.0,0,7,3,6
1.5,3,26,0,0,0,0,0,0,0.0,20.0,-20.0,0,7,3,6
1.5,3,27,0,0,0,0,0,0,0.0,20.0,-20.0,0,7,3,6
1.5,3,28,0,0,0,0,0,0,0.0,20.0,-20.0,0,7,3,6
1.5,3,29,0,0,0,0,0,0,0.0,20.0,-20.0,0,7,3,6
1.5,3,30,0,0,0,0,0,0,0.0,20.0,-20.0,0,7,3,6
1.5,4,1,0,0,0,0,0,0,0.0,20.0,-20.0,0,7,4,6
1.5,4,2,0,0,0,0,0,0,0.0,20.0,-20.0,0,7,4,6
1.5,4,3,0,0,0,0,0,0,0.0,20.0,-20.0,0,7,4,6
1.5,4,4,0,0,0,0,0,0,0.0,20.0,-20.0,0,7,4,6
1.5,4,5,0,0,0,0,0,0,0.0,20.0,-20.0,0,7,4,6
1.5,4,6,0,0,0,0,0,0,0.0,20.0,-20.0,0,7,4,6
1.5,4,7,0,0,0,0,0,0,0.0,20.0,-20.0,0,7,4,6
1.5,4,8,0,0,0,0,0,0,0.0,20.0,-20.0,0,7,4,6
1.5,4,9,0,0,0,0,0,0,0.0,20.0,-20.0,0,7,4,6
1.5,4,10,0,0,0,0,0,0,0.0,20.0,-20.0,0,7,4,6
1.5,4,11,0,0,0,0,0,0,0.0,20.0,-20.0,0,7,4,6
1.5,4,12,0,0,0,0,0,0,0.0,20.0,-20.0,0,7,4,6
1.5,4,13,0,0,0,0,0,0,0.0,20.0,-20.0,0,7,4,6
1.5,4,14,0,0,0,0,0,0,0.0,20.0,-20.0,0,7,4,6
1.5,4,15,0,0,0,0,0,0,0.0,20.0,-20.0,0,7,4,6
1.5,4,16,0,0,0,0,0,0,0.0,20.0,-20.0,0,7,4,6
1.5,4,17,0,0,0,0,0,0,0.0,20.0,-20.0,0,7,4,6
1.5,4,18,0,0,0,0,0,0,0.0,20.0,-20.0,0,7,4,6
1.5,4,19,0,0,0,0,0,0,0.0,20.0,-20.0,0,7,4,6
1.5,4,20,0,0,0,0,0,0,0.0,20.0,-20.0,0,7,4,6
1.5,4,21,0,0,0,0,0,0,0.0,20.0,-20.0,0,7,4,6
1.5,4,22,0,0,0,0,0,0,0.0,20.0,-20.0,0,7,4,6
1.5,4,23,0,0,0,0,0,0,0.0,20.0,-20.0,0,7,4,6
1.5,4,24,0,0,0,0,0,0,0.0,20.0,-20.0,0,7,4,6
1.5,4,25,0,0,0,0,0,0,0.0,20.0,-20.0,0,7,4,6
1.5,4,26,0,0,0,0,0,0,0.0,20.0,-20.0,0,7,4,6
1.5,4,27,0,0,0,0,0,0,0.0,20.0,-20.0,0,7,4,6
1.5,4,28,0,0,0,0,0,0,0.0,20.0,-20.0,0,7,4,6
1.5,4,29,0,0,0,0,0,0,0.0,20.0,-20.0,0,7,4,6
1.5,4,30,0,0,0,0,0,0,0.0,20.0,-20.0,0,7,4,6
1.5,5,1,0,0,0,0,0,0,0.0,20.0,-20.0,0,7,5,6
1.5,5,2,0,0,0,0,0,0,0.0,20.0,-20.0,0,7,5,6
1.5,5,3,0,0,0,0,0,0,0.0,20.0,-20.0,0,7,5,6
1.5,5,4,0,0,0,0,0,0,0.0,20.0,-20.0,0,7,5,6
1.5,5,5,0,0,0,0,0,0,0.0,20.0,-20.0,0,7,5,6
1.5,5,6,0,0,0,0,0,0,0.0,20.0,-20.0,0,7,5,6
1.5,5,7,0,0,0,0,0,0,0.0,20.0,-20.0,0,7,5,6
1.5,5,8,0,0,0,0,0,0,0.0,20.0,-20.0,0,7,5,6
1.5,5,9,0,0,0,0,0,0,0.0,20.0,-20.0,0,7,5,6
1.5,5,10,0,0,0,0,0,0,0.0,20.0,-20.0,0,7,5,6
1.5,5,11,0,0,0,0,0,0,0.0,20.0,-20.0,0,7,5,6
1.5,5,12,0,0,0,0,0,0,0.0,20.0,-20.0,0,7,5,6
1.5,5,13,0,0,0,0,0,0,0.0,20.0,-20.0,0,7,5,6
1.5,5,14,0,0,0,0,0,0,0.0,20.0,-20.0,0,7,5,6
1.5,5,15,0,0,0,0,0,0,0.0,20.0,-20.0,0,7,5,6
1.5,5,16,0,0,0,0,0,0,0.0,20.0,-20.0,0,7,5,6
1.5,5,17,0,0,0,0,0,0,0.0,20.0,-20.0,0,7,5,6
1.5,5,18,0,0,0,0,0,0,0.0,20.0,-20.0,0,7,5,6
1.5,5,19,0,0,0,0,0,0,0.0,20.0,-20.0,0,7,5,6
1.5,5,20,0,0,0,0,0,0,0.0,20.0,-20.0,0,7,5,6
1.5,5,21,0,0,0,0,0,0,0.0,20.0,-20.0,0,7,5,6
1.5,5,22,0,0,0,0,0,0,0.0,20.0,-20.0,0,7,5,6
1.5,5,23,0,0,0,0,0,0,0.0,20.0,-20.0,0,7,5,6
1.5,5,24,0,0,0,0,0,0,0.0,20.0,-20.0,0,7,5,6
1.5,5,25,0,0,0,0,0,0,0.0,20.0,-20.0,0,7,5,6
1.5,5,26,0,0,0,0,0,0,0.0,20.0,-20.0,0,7,5,6
1.5,5,27,0,0,0,0,0,0,0.0,20.0,-20.0,0,7,5,6
1.5,5,28,0,0,0,0,0,0,0.0,20.0,-20.0,0,7,5,6
1.5,5,29,0,0,0,0,0,0,0.0,20.0,-20.0,0,7,5,6
1.5,5,30,0,0,0,0,0,0,0.0,20.0,-20.0,0,7,5,6
1.5,6,1,0,0,0,0,0,0,0.0,20.0,-20.0,0,7,6,6
1.5,6,2,0,0,0,0,0,0,0.0,20.0,-20.0,0,7,6,6
1.5,6,3,0,0,0,0,0,0,0.0,20.0,-20.0,0,7,6,6
1.5,6,4,0,0,0,0,0,0,0.0,20.0,-20.0,0,7,6,6
1.5,6,5,0,0,0,0,0,0,0.0,20.0,-20.0,0,7,6,6
1.5,6,6,0,0,0,0,0,0,0.0,20.0,-20.0,0,7,6,6
1.5,6,7,0,0,0,0,0,0,0.0,20.0,-20.0,0,7,6,6
1.5,6,8,0,0,0,0,0,0,0.0,20.0,-20.0,0,7,6,6
1.5,6,9,0,0,0,0,0,0,0.0,20.0,-20.0,0,7,6,6
1.5,6,10,0,0,0,0,0,0,0.0,20.0,-20.0,0,7,6,6
1.5,6,11,0,0,0,0,0,0,0.0,20.0,-20.0,0,7,6,6
1.5,6,12,0,0,0,0,0,0,0.0,20.0,-20.0,0,7,6,6
1.5,6,13,0,0,0,0,0,0,0.0,20.0,-20.0,0,7,6,6
1.5,6,14,0,0,0,0,0,0,0.0,20.0,-20.0,0,7,6,6
1.5,6,15,0,0,0,0,0,0,0.0,20.0,-20.0,0,7,6,6
1.5,6,16,0,0,0,0,0,0,0.0,20.0,-20.0,0,7,6,6
1.5,6,17,0,0,0,0,0,0,0.0,20.0,-20.0,0,7,6,6
1.5,6,18,0,0,0,0,0,0,0.0,20.0,-20.0,0,7,6,6
1.5,6,19,0,0,0,0,0,0,0.0,20.0,-20.0,0,7,6,6
1.5,6,20,0,0,0,0,0,0,0.0,20.0,-20.0,0,7,6,6
1.5,6,21,0,0,0,0,0,0,0.0,20.0,-20.0,0,7,6,6
1.5,6,22,0,0,0,0,0,0,0.0,20.0,-20.0,0,7,6,6
1.5,6,23,0,0,0,0,0,0,0.0,20.0,-20.0,0,7,6,6
1.5,6,24,0,0,0,0,0,0,0.0,20.0,-20.0,0,7,6,6
1.5,6,25,0,0,0,0,0,0,0.0,20.0,-20.0,0,7,6,6
1.5,6,26,0,0,0,0,0,0,0.0,20.0,-20.0,0,7,6,6
1.5,6,27,0,0,0,0,0,0,0.0,20.0,-20.0,0,7,6,6
1.5,6,28,0,0,0,0,0,0,0.0,20.0,-20.0,0,7,6,6
1.5,6,29,0,0,0,0,0,0,0.0,20.0,-20.0,0,7,6,6
1.5,6,30,0,0,0,0,0,0,0.0,20.0,-20.0,0,7,6,6
1.5,7,1,0,0,0,0,0,1,0.1403,20.0,-19.8597,1,7,7,6
1.5,7,2,0,0,0,0,0,1,0.1403,20.0,-19.8597,1,7,7,6
1.5,7,3,0,0,0,0,0,1,0.1403,20.0,-19.8597,1,7,7,6
1.5,7,4,0,0,0,0,0,1,0.1403,20.0,-19.8597,1,7,7,6
1.5,7,5,0,0,0,0,0,1,0.1403,20.0,-19.8597,1,7,7,6
1.5,7,6,0,0,0,0,0,1,0.1403,20.0,-19.8597,1,7,7,6
1.5,7,7,0,0,0,0,0,1,0.1403,20.0,-19.8597,1,7,7,6
1.5,7,8,0,0,0,0,0,1,0.1403,20.0,-19.8597,1,7,7,6
1.5,7,9,0,0,0,0,0,1,0.1403,20.0,-19.8597,1,7,7,6
1.5,7,10,0,0,0,0,0,1,0.1403,20.0,-19.8597,1,7,7,6
1.5,7,11,0,0,0,0,0,1,0.1403,20.0,-19.8597,1,7,7,6
1.5,7,12,0,0,0,0,0,1,0.1403,20.0,-19.8597,1,7,7,6
1.5,7,13,0,0,0,0,0,1,0.1403,20.0,-19.8597,1,7,7,6
1.5,7,14,0,0,0,0,0,1,0.1403,20.0,-19.8597,1,7,7,6
1.5,7,15,0,0,0,0,0,1,0.1403,20.0,-19.8597,1,7,7,6
1.5,7,16,0,0,0,0,0,1,0.1403,20.0,-19.8597,1,7,7,6
1.5,7,17,0,0,0,0,0,1,0.1403,20.0,-19.8597,1,7,7,6
1.5,7,18,0,0,0,0,0,1,0.1403,20.0,-19.8597,1,7,7,6
1.5,7,19,0,0,0,0,0,1,0.1403,20.0,-19.8597,1,7,7,6
1.5,7,20,0,0,0,0,0,1,0.1403,20.0,-19.8597,1,7,7,6
1.5,7,21,0,0,0,0,0,1,0.1403,20.0,-19.8597,1,7,7,6
1.5,7,22,0,0,0,0,0,1,0.1403,20.0,-19.8597,1,7,7,6
1.5,7,23,0,0,0,0,0,1,0.1403,20.0,-19.8597,1,7,7,6
1.5,7,24,0,0,0,0,0,1,0.1403,20.0,-19.8597,1,7,7,6
1.5,7,25,0,0,0,0,0,1,0.1403,20.0,-19.8597,1,7,7,6
1.5,7,26,0,0,0,0,0,1,0.1403,20.0,-19.8597,1,7,7,6
1.5,7,27,0,0,0,0,0,1,0.1403,20.0,-19.8597,1,7,7,6
1.5,7,28,0,0,0,0,0,1,0.1403,20.0,-19.8597,1,7,7,6
1.5,7,29,0,0,0,0,0,1,0.1403,20.0,-19.8597,1,7,7,6
1.5,7,30,0,0,0,0,0,1,0.1403,20.0,-19.8597,1,7,7,6
1.5,8,1,0,0,0,0,0,1,0.3423,20.0,-19.6577,2,7,8,7
1.5,8,2,0,0,0,0,0,2,0.4826,20.0,-19.5174,2,7,8,6
1.5,8,3,0,0,0,0,0,2,0.4826,20.0,-19.5174,2,7,8,6
1.5,8,4,0,0,0,0,0,2,0.4826,20.0,-19.5174,2,7,8,6
1.5,8,5,0,0,0,0,0,2,0.4826,20.0,-19.5174,2,7,8,6
1.5,8,6,0,0,0,0,0,2,0.4826,20.0,-19.5174,2,7,8,6
1.5,8,7,0,0,0,0,0,2,0.4826,20.0,-19.5174,2,7,8,6
1.5,8,8,0,0,0,0,0,2,0.4826,20.0,-19.5174,2,7,8,6
1.5,8,9,0,0,0,0,0,2,0.4826,20.0,-19.5174,2,7,8,6
1.5,8,10,0,0,0,0,0,2,0.4826,20.0,-19.5174,2,7,8,6
1.5,8,11,0,0,0,0,0,2,0.4826,20.0,-19.5174,2,7,8,6
1.5,8,12,0,0,0,0,0,2,0.4826,20.0,-19.5174,2,7,8,6
1.5,8,13,0,0,0,0,0,2,0.4826,20.0,-19.5174,2,7,8,6
1.5,8,14,0,0,0,0,0,2,0.4826,20.0,-19.5174,2,7,8,6
1.5,8,15,0,0,0,0,0,2,0.4826,20.0,-19.5174,2,7,8,6
1.5,8,16,0,0,0,0,0,2,0.4826,20.0,-19.5174,2,7,8,6
1.5,8,17,0,0,0,0,0,2,0.4826,20.0,-19.5174,2,7,8,6
1.5,8,18,0,0,0,0,0,2,0.4826,20.0,-19.5174,2,7,8,6
1.5,8,19,0,0,0,0,0,2,0.4826,20.0,-19.5174,2,7,8,6
1.5,8,20,0,0,0,0,0,2,0.4826,20.0,-19.5174,2,7,8,6
1.5,8,21,0,0,0,0,0,2,0.4826,20.0,-19.5174,2,7,8,6
1.5,8,22,0,0,0,0,0,2,0.4826,20.0,-19.5174,2,7,8,6
1.5,8,23,0,0,0,0,0,2,0.4826,20.0,-19.5174,2,7,8,6
1.5,8,24,0,0,0,0,0,2,0.4826,20.0,-19.5174,2,7,8,6
1.5,8,25,0,0,0,0,0,2,0.4826,20.0,-19.5174,2,7,8,6
1.5,8,26,0,0,0,0,0,2,0.4826,20.0,-19.5174,2,7,8,6
1.5,8,27,0,0,0,0,0,2,0.4826,20.0,-19.5174,2,7,8,6
1.5,8,28,0,0,0,0,0,2,0.4826,20.0,-19.5174,2,7,8,6
1.5,8,29,0,0,0,0,0,2,0.4826,20.0,-19.5174,2,7,8,6
1.5,8,30,0,0,0,0,0,2,0.4826,20.0,-19.5174,2,7,8,6
1.5,9,1,0,0,0,0,0,1,0.4362,20.0,-19.5638,3,7,9,8
1.5,9,2,0,0,0,0,0,2,0.7786,20.0,-19.2214,3,7,9,7
1.5,9,3,0,0,0,0,0,3,0.9188,20.0,-19.0812,3,7,9,6
1.5,9,4,0,0,0,0,0,3,0.9188,20.0,-19.0812,3,7,9,6
1.5,9,5,0,0,0,0,0,3,0.9188,20.0,-19.0812,3,7,9,6
1.5,9,6,0,0,0,0,0,3,0.9188,20.0,-19.0812,3,7,9,6
1.5,9,7,0,0,0,0,0,3,0.9188,20.0,-19.0812,3,7,9,6
1.5,9,8,0,0,0,0,0,3,0.9188,20.0,-19.0812,3,7,9,6
1.5,9,9,0,0,0,0,0,3,0.9188,20.0,-19.0812,3,7,9,6
1.5,9,10,0,0,0,0,0,3,0.9188,20.0,-19.0812,3,7,9,6
1.5,9,11,0,0,0,0,0,3,0.9188,20.0,-19.0812,3,7,9,6
1.5,9,12,0,0,0,0,0,3,0.9188,20.0,-19.0812,3,7,9,6
1.5,9,13,0,0,0,0,0,3,0.9188,20.0,-19.0812,3,7,9,6
1.5,9,14,0,0,0,0,0,3,0.9188,20.0,-19.0812,3,7,9,6
1.5,9,15,0,0,0,0,0,3,0.9188,20.0,-19.0812,3,7,9,6
1.5,9,16,0,0,0,0,0,3,0.9188,20.0,-19.0812,3,7,9,6
1.5,9,17,0,0,0,0,0,3,0.9188,20.0,-19.0812,3,7,9,6
1.5,9,18,0,0,0,0,0,3,0.9188,20.0,-19.0812,3,7,9,6
1.5,9,19,0,0,0,0,0,3,0.9188,20.0,-19.0812,3,7,9,6
1.5,9,20,0,0,0,0,0,3,0.9188,20.0,-19.0812,3,7,9,6
1.5,9,21,0,0,0,0,0,3,0.9188,20.0,-19.0812,3,7,9,6
1.5,9,22,0,0,0,0,0,3,0.9188,20.0,-19.0812,3,7,9,6
1.5,9,23,0,0,0,0,0,3,0.9188,20.0,-19.0812,3,7,9,6
1.5,9,24,0,0,0,0,0,3,0.9188,20.0,-19.0812,3,7,9,6
1.5,9,25,0,0,0,0,0,3,0.9188,20.0,-19.0812,3,7,9,6
1.5,9,26,0,0,0,0,0,3,0.9188,20.0,-19.0812,3,7,9,6
1.5,9,27,0,0,0,0,0,3,0.9188,20.0,-19.0812,3,7,9,6
1.5,9,28,0,0,0,0,0,3,0.9188,20.0,-19.0812,3,7,9,6
1.5,9,29,0,0,0,0,0,3,0.9188,20.0,-19.0812,3,7,9,6
1.5,9,30,0,0,0,0,0,3,0.9188,20.0,-19.0812,3,7,9,6
1.5,10,1,0,0,0,0,0,1,0.4761,20.0,-19.5239,4,7,10,9
1.5,10,2,0,0,0,0,0,2,0.9124,20.0,-19.0876,4,7,10,8
1.5,10,3,0,0,0,0,0,3,1.2547,20.0,-18.7453,4,7,10,7
1.5,10,4,0,0,0,0,0,4,1.395,20.0,-18.605,4,7,10,6
1.5,10,5,0,0,0,0,0,4,1.395,20.0,-18.605,4,7,10,6
1.5,10,6,0,0,0,0,0,4,1.395,20.0,-18.605,4,7,10,6
1.5,10,7,0,0,0,0,0,4,1.395,20.0,-18.605,4,7,10,6
1.5,10,8,0,0,0,0,0,4,1.395,20.0,-18.605,4,7,10,6
1.5,10,9,0,0,0,0,0,4,1.395,20.0,-18.605,4,7,10,6
1.5,10,10,0,0,0,0,0,4,1.395,20.0,-18.605,4,7,10,6
1.5,10,11,0,0,0,0,0,4,1.395,20.0,-18.605,4,7,10,6
1.5,10,12,0,0,0,0,0,4,1.395,20.0,-18.605,4,7,10,6
1.5,10,13,0,0,0,0,0,4,1.395,20.0,-18.605,4,7,10,6
1.5,10,14,0,0,0,0,0,4,1.395,20.0,-18.605,4,7,10,6
1.5,10,15,0,0,0,0,0,4,1.395,20.0,-18.605,4,7,10,6
1.5,10,16,0,0,0,0,0,4,1.395,20.0,-18.605,4,7,10,6
1.5,10,17,0,0,0,0,0,4,1.395,20.0,-18.605,4,7,10,6
1.5,10,18,0,0,0,0,0,4,1.395,20.0,-18.605,4,7,10,6
1.5,10,19,0,0,0,0,0,4,1.395,20.0,-18.605,4,7,10,6
1.5,10,20,0,0,0,0,0,4,1.395,20.0,-18.605,4,7,10,6
1.5,10,21,0,0,0,0,0,4,1.395,20.0,-18.605,4,7,10,6
1.5,10,22,0,0,0,0,0,4,1.395,20.0,-18.605,4,7,10,6
1.5,10,23,0,0,0,0,0,4,1.395,20.0,-18.605,4,7,10,6
1.5,10,24,0,0,0,0,0,4,1.395,20.0,-18.605,4,7,10,6
1.5,10,25,0,0,0,0,0,4,1.395,20.0,-18.605,4,7,10,6
1.5,10,26,0,0,0,0,0,4,1.395,20.0,-18.605,4,7,10,6
1.5,10,27,0,0,0,0,0,4,1.395,20.0,-18.605,4,7,10,6
1.5,10,28,0,0,0,0,0,4,1.395,20.0,-18.605,4,7,10,6
1.5,10,29,0,0,0,0,0,4,1.395,20.0,-18.605,4,7,10,6
1.5,10,30,0,0,0,0,0,4,1.395,20.0,-18.605,4,7,10,6
1.5,11,1,0,0,0,0,0,1,0.4917,20.0,-19.5083,5,7,11,10
1.5,11,2,0,0,0,0,0,2,0.9678,20.0,-19.0322,5,7,11,9
1.5,11,3,0,0,0,0,0,3,1.4041,20.0,-18.5959,5,7,11,8
1.5,11,4,0,0,0,0,0,4,1.7464,20.0,-18.2536,5,7,11,7
1.5,11,5,0,0,0,0,0,5,1.8867,20.0,-18.1133,5,7,11,6
1.5,11,6,0,0,0,0,0,5,1.8867,20.0,-18.1133,5,7,11,6
1.5,11,7,0,0,0,0,0,5,1.8867,20.0,-18.1133,5,7,11,6
1.5,11,8,0,0,0,0,0,5,1.8867,20.0,-18.1133,5,7,11,6
1.5,11,9,0,0,0,0,0,5,1.8867,20.0,-18.1133,5,7,11,6
1.5,11,10,0,0,0,0,0,5,1.8867,20.0,-18.1133,5,7,11,6
1.5,11,11,0,0,0,0,0,5,1.8867,20.0,-18.1133,5,7,11,6
1.5,11,12,0,0,0,0,0,5,1.8867,20.0,-18.1133,5,7,11,6
1.5,11,13,0,0,0,0,0,5,1.8867,20.0,-18.1133,5,7,11,6
1.5,11,14,0,0,0,0,0,5,1.8867,20.0,-18.1133,5,7,11,6
1.5,11,15,0,0,0,0,0,5,1.8867,20.0,-18.1133,5,7,11,6
1.5,11,16,0,0,0,0,0,5,1.8867,20.0,-18.1133,5,7,11,6
1.5,11,17,0,0,0,0,0,5,1.8867,20.0,-18.1133,5,7,11,6
1.5,11,18,0,0,0,0,0,5,1.8867,20.0,-18.1133,5,7,11,6
1.5,11,19,0,0,0,0,0,5,1.8867,20.0,-18.1133,5,7,11,6
1.5,11,20,0,0,0,0,0,5,1.8867,20.0,-18.1133,5,7,11,6
1.5,11,21,0,0,0,0,0,5,1.8867,20.0,-18.1133,5,7,11,6
1.5,11,22,0,0,0,0,0,5,1.8867,20.0,-18.1133,5,7,11,6
1.5,11,23,0,0,0,0,0,5,1.8867,20.0,-18.1133,5,7,11,6
1.5,11,24,0,0,0,0,0,5,1.8867,20.0,-18.1133,5,7,11,6
1.5,11,25,0,0,0,0,0,5,1.8867,20.0,-18.1133,5,7,11,6
1.5,11,26,0,0,0,0,0,5,1.8867,20.0,-18.1133,5,7,11,6
1.5,11,27,0,0,0,0,0,5,1.8867,20.0,-18.1133,5,7,11,6
1.5,11,28,0,0,0,0,0,5,1.8867,20.0,-18.1133,5,7,11,6
1.5,11,29,0,0,0,0,0,5,1.8867,20.0,-18.1133,5,7,11,6
1.5,11,30,0,0,0,0,0,5,1.8867,20.0,-18.1133,5,7,11,6
1.5,12,1,0,0,0,0,0,1,0.4973,20.0,-19.5027,6,7,12,11
1.5,12,2,0,0,0,0,0,2,0.989,20.0,-19.011,6,7,12,10
1.5,12,3,0,0,0,0,0,3,1.4651,20.0,-18.5349,6,7,12,9
1.5,12,4,0,0,0,0,0,4,1.9014,20.0,-18.0986,6,7,12,8
1.5,12,5,0,0,0,0,0,5,2.2437,20.0,-17.7563,6,7,12,7
1.5,12,6,0,0,0,0,0,6,2.384,20.0,-17.616,6,7,12,6
1.5,12,7,0,0,0,0,0,6,2.384,20.0,-17.616,6,7,12,6
1.5,12,8,0,0,0,0,0,6,2.384,20.0,-17.616,6,7,12,6
1.5,12,9,0,0,0,0,0,6,2.384,20.0,-17.616,6,7,12,6
1.5,12,10,0,0,0,0,0,6,2.384,20.0,-17.616,6,7,12,6
1.5,12,11,0,0,0,0,0,6,2.384,20.0,-17.616,6,7,12,6
1.5,12,12,0,0,0,0,0,6,2.384,20.0,-17.616,6,7,12,6
1.5,12,13,0,0,0,0,0,6,2.384,20.0,-17.616,6,7,12,6
1.5,12,14,0,0,0,0,0,6,2.384,20.0,-17.616,6,7,12,6
1.5,12,15,0,0,0,0,0,6,2.384,20.0,-17.616,6,7,12,6
1.5,12,16,0,0,0,0,0,6,2.384,20.0,-17.616,6,7,12,6
1.5,12,17,0,0,0,0,0,6,2.384,20.0,-17.616,6,7,12,6
1.5,12,18,0,0,0,0,0,6,2.384,20.0,-17.616,6,7,12,6
1.5,12,19,0,0,0,0,0,6,2.384,20.0,-17.616,6,7,12,6
1.5,12,20,0,0,0,0,0,6,2.384,20.0,-17.616,6,7,12,6
1.5,12,21,0,0,0,0,0,6,2.384,20.0,-17.616,6,7,12,6
1.5,12,22,0,0,0,0,0,6,2.384,20.0,-17.616,6,7,12,6
1.5,12,23,0,0,0,0,0,6,2.384,20.0,-17.616,6,7,12,6
1.5,12,24,0,0,0,0,0,6,2.384,20.0,-17.616,6,7,12,6
1.5,12,25,0,0,0,0,0,6,2.384,20.0,-17.616,6,7,12,6
1.5,12,26,0,0,0,0,0,6,2.384,20.0,-17.616,6,7,12,6
1.5,12,27,0,0,0,0,0,6,2.384,20.0,-17.616,6,7,12,6
1.5,12,28,0,0,0,0,0,6,2.384,20.0,-17.616,6,7,12,6
1.5,12,29,0,0,0,0,0,6,2.384,20.0,-17.616,6,7,12,6
1.5,12,30,0,0,0,0,0,6,2.384,20.0,-17.616,6,7,12,6
1.5,13,1,0,0,0,0,0,1,0.4992,20.0,-19.5008,7,7,13,12
1.5,13,2,0,0,0,0,0,2,0.9965,20.0,-19.0035,7,7,13,11
1.5,13,3,0,0,0,0,0,3,1.4882,20.0,-18.5118,7,7,13,10
1.5,13,4,0,0,0,0,0,4,1.9643,20.0,-18.0357,7,7,13,9
1.5,13,5,0,0,0,0,0,5,2.4005,20.0,-17.5995,7,7,13,8
1.5,13,6,0,0,0,0,0,6,2.7429,20.0,-17.2571,7,7,13,7
1.5,13,7,0,0,0,0,0,7,2.8831,20.0,-17.1169,7,7,13,6
1.5,13,8,0,0,0,0,0,7,2.8831,20.0,-17.1169,7,7,13,6
1.5,13,9,0,0,0,0,0,7,2.8831,20.0,-17.1169,7,7,13,6
1.5,13,10,0,0,0,0,0,7,2.8831,20.0,-17.1169,7,7,13,6
1.5,13,11,0,0,0,0,0,7,2.8831,20.0,-17.1169,7,7,13,6
1.5,13,12,0,0,0,0,0,7,2.8831,20.0,-17.1169,7,7,13,6
1.5,13,13,0,0,0,0,0,7,2.8831,20.0,-17.1169,7,7,13,6
1.5,13,14,0,0,0,0,0,7,2.8831,20.0,-17.1169,7,7,13,6
1.5,13,15,0,0,0,0,0,7,2.8831,20.0,-17.1169,7,7,13,6
1.5,13,16,0,0,0,0,0,7,2.8831,20.0,-17.1169,7,7,13,6
1.5,13,17,0,0,0,0,0,7,2.8831,20.0,-17.1169,7,7,13,6
1.5,13,18,0,0,0,0,0,7,2.8831,20.0,-17.1169,7,7,13,6
1.5,13,19,0,0,0,0,0,7,2.8831,20.0,-17.1169,7,7,13,6
1.5,13,20,0,0,0,0,0,7,2.8831,20.0,-17.1169,7,7,13,6
1.5,13,21,0,0,0,0,0,7,2.8831,20.0,-17.1169,7,7,13,6
1.5,13,22,0,0,0,0,0,7,2.8831,20.0,-17.1169,7,7,13,6
1.5,13,23,0,0,0,0,0,7,2.8831,20.0,-17.1169,7,7,13,6
1.5,13,24,0,0,0,0,0,7,2.8831,20.0,-17.1169,7,7,13,6
1.5,13,25,0,0,0,0,0,7,2.8831,20.0,-17.1169,7,7,13,6
1.5,13,26,0,0,0,0,0,7,2.8831,20.0,-17.1169,7,7,13,6
1.5,13,27,0,0,0,0,0,7,2.8831,20.0,-17.1169,7,7,13,6
1.5,13,28,0,0,0,0,0,7,2.8831,20.0,-17.1169,7,7,13,6
1.5,13,29,0,0,0,0,0,7,2.8831,20.0,-17.1169,7,7,13,6
1.5,13,30,0,0,0,0,0,7,2.8831,20.0,-17.1169,7,7,13,6
1.5,14,1,0,0,0,0,0,1,0.4998,20.0,-19.5002,8,7,14,13
1.5,14,2,0,0,0,0,0,2,0.9989,20.0,-19.0011,8,7,14,12
1.5,14,3,0,0,0,0,0,3,1.4962,20.0,-18.5038,8,7,14,11
1.5,14,4,0,0,0,0,0,4,1.9879,20.0,-18.0121,8,7,14,10
1.5,14,5,0,0,0,0,0,5,2.4641,20.0,-17.5359,8,7,14,9
1.5,14,6,0,0,0,0,0,6,2.9003,20.0,-17.0997,8,7,14,8
1.5,14,7,0,0,0,0,0,7,3.2426,20.0,-16.7574,8,7,14,7
1.5,14,8,0,0,0,0,0,8,3.3829,20.0,-16.6171,8,7,14,6
1.5,14,9,0,0,0,0,0,8,3.3829,20.0,-16.6171,8,7,14,6
1.5,14,10,0,0,0,0,0,8,3.3829,20.0,-16.6171,8,7,14,6
1.5,14,11,0,0,0,0,0,8,3.3829,20.0,-16.6171,8,7,14,6
1.5,14,12,0,0,0,0,0,8,3.3829,20.0,-16.6171,8,7,14,6
1.5,14,13,0,0,0,0,0,8,3.3829,20.0,-16.6171,8,7,14,6
1.5,14,14,0,0,0,0,0,8,3.3829,20.0,-16.6171,8,7,14,6
1.5,14,15,0,0,0,0,0,8,3.3829,20.0,-16.6171,8,7,14,6
1.5,14,16,0,0,0,0,0,8,3.3829,20.0,-16.6171,8,7,14,6
1.5,14,17,0,0,0,0,0,8,3.3829,20.0,-16.6171,8,7,14,6
1.5,14,18,0,0,0,0,0,8,3.3829,20.0,-16.6171,8,7,14,6
1.5,14,19,0,0,0,0,0,8,3.3829,20.0,-16.6171,8,7,14,6
1.5,14,20,0,0,0,0,0,8,3.3829,20.0,-16.6171,8,7,14,6
1.5,14,21,0,0,0,0,0,8,3.3829,20.0,-16.6171,8,7,14,6
1.5,14,22,0,0,0,0,0,8,3.3829,20.0,-16.6171,8,7,14,6
1.5,14,23,0,0,0,0,0,8,3.3829,20.0,-16.6171,8,7,14,6
1.5,14,24,0,0,0,0,0,8,3.3829,20.0,-16.6171,8,7,14,6
1.5,14,25,0,0,0,0,0,8,3.3829,20.0,-16.6171,8,7,14,6
1.5,14,26,0,0,0,0,0,8,3.3829,20.0,-16.6171,8,7,14,6
1.5,14,27,0,0,0,0,0,8,3.3829,20.0,-16.6171,8,7,14,6
1.5,14,28,0,0,0,0,0,8,3.3829,20.0,-16.6171,8,7,14,6
1.5,14,29,0,0,0,0,0,8,3.3829,20.0,-16.6171,8,7,14,6
1.5,14,30,0,0,0,0,0,8,3.3829,20.0,-16.6171,8,7,14,6
1.5,15,1,0,0,0,0,0,1,0.4999,20.0,-19.5001,9,7,15,14
1.5,15,2,0,0,0,0,0,2,0.9997,20.0,-19.0003,9,7,15,13
1.5,15,3,0,0,0,0,0,3,1.4989,20.0,-18.5011,9,7,15,12
1.5,15,4,0,0,0,0,0,4,1.9962,20.0,-18.0038,9,7,15,11
1.5,15,5,0,0,0,0,0,5,2.4879,20.0,-17.5121,9,7,15,10
1.5,15,6,0,0,0,0,0,6,2.964,20.0,-17.036,9,7,15,9
1.5,15,7,0,0,0,0,0,7,3.4002,20.0,-16.5998,9,7,15,8
1.5,15,8,0,0,0,0,0,8,3.7426,20.0,-16.2574,9,7,15,7
1.5,15,9,0,0,0,0,0,9,3.8828,20.0,-16.1172,9,7,15,6
1.5,15,10,0,0,0,0,0,9,3.8828,20.0,-16.1172,9,7,15,6
1.5,15,11,0,0,0,0,0,9,3.8828,20.0,-16.1172,9,7,15,6
1.5,15,12,0,0,0,0,0,9,3.8828,20.0,-16.1172,9,7,15,6
1.5,15,13,0,0,0,0,0,9,3.8828,20.0,-16.1172,9,7,15,6
1.5,15,14,0,0,0,0,0,9,3.8828,20.0,-16.1172,9,7,15,6
1.5,15,15,0,0,0,0,0,9,3.8828,20.0,-16.1172,9,7,15,6
1.5,15,16,0,0,0,0,0,9,3.8828,20.0,-16.1172,9,7,15,6
1.5,15,17,0,0,0,0,0,9,3.8828,20.0,-16.1172,9,7,15,6
1.5,15,18,0,0,0,0,0,9,3.8828,20.0,-16.1172,9,7,15,6
1.5,15,19,0,0,0,0,0,9,3.8828,20.0,-16.1172,9,7,15,6
1.5,15,20,0,0,0,0,0,9,3.8828,20.0,-16.1172,9,7,15,6
1.5,15,21,0,0,0,0,0,9,3.8828,20.0,-16.1172,9,7,15,6
1.5,15,22,0,0,0,0,0,9,3.8828,20.0,-16.1172,9,7,15,6
1.5,15,23,0,0,0,0,0,9,3.8828,20.0,-16.1172,9,7,15,6
1.5,15,24,0,0,0,0,0,9,3.8828,20.0,-16.1172,9,7,15,6
1.5,15,25,0,0,0,0,0,9,3.8828,20.0,-16.1172,9,7,15,6
1.5,15,26,0,0,0,0,0,9,3.8828,20.0,-16.1172,9,7,15,6
1.5,15,27,0,0,0,0,0,9,3.8828,20.0,-16.1172,9,7,15,6
1.5,15,28,0,0,0,0,0,9,3.8828,20.0,-16.1172,9,7,15,6
1.5,15,29,0,0,0,0,0,9,3.8828,20.0,-16.1172,9,7,15,6
1.5,15,30,0,0,0,0,0,9,3.8828,20.0,-16.1172,9,7,15,6
1.5,16,1,0,0,0,0,0,1,0.5,20.0,-19.5,10,7,16,15
1.5,16,2,0,0,0,0,0,2,0.9999,20.0,-19.0001,10,7,16,14
1.5,16,3,0,0,0,0,0,3,1.4997,20.0,-18.5003,10,7,16,13
1.5,16,4,0,0,0,0,0,4,1.9989,20.0,-18.0011,10,7,16,12
1.5,16,5,0,0,0,0,0,5,2.4962,20.0,-17.5038,10,7,16,11
1.5,16,6,0,0,0,0,0,6,2.9879,20.0,-17.0121,10,7,16,10
1.5,16,7,0,0,0,0,0,7,3.464,20.0,-16.536,10,7,16,9
1.5,16,8,0,0,0,0,0,8,3.9002,20.0,-16.0998,10,7,16,8
1.5,16,9,0,0,0,0,0,9,4.2425,20.0,-15.7575,10,7,16,7
1.5,16,10,0,0,0,0,0,10,4.3828,20.0,-15.6172,10,7,16,6
1.5,16,11,0,0,0,0,0,10,4.3828,20.0,-15.6172,10,7,16,6
1.5,16,12,0,0,0,0,0,10,4.3828,20.0,-15.6172,10,7,16,6
1.5,16,13,0,0,0,0,0,10,4.3828,20.0,-15.6172,10,7,16,6
1.5,16,14,0,0,0,0,0,10,4.3828,20.0,-15.6172,10,7,16,6
1.5,16,15,0,0,0,0,0,10,4.3828,20.0,-15.6172,10,7,16,6
1.5,16,16,0,0,0,0,0,10,4.3828,20.0,-15.6172,10,7,16,6
1.5,16,17,0,0,0,0,0,10,4.3828,20.0,-15.6172,10,7,16,6
1.5,16,18,0,0,0,0,0,10,4.3828,20.0,-15.6172,10,7,16,6
1.5,16,19,0,0,0,0,0,10,4.3828,20.0,-15.6172,10,7,16,6
1.5,16,20,0,0,0,0,0,10,4.3828,20.0,-15.6172,10,7,16,6
1.5,16,21,0,0,0,0,0,10,4.3828,20.0,-15.6172,10,7,16,6
1.5,16,22,0,0,0,0,0,10,4.3828,20.0,-15.6172,10,7,16,6
1.5,16,23,0,0,0,0,0,10,4.3828,20.0,-15.6172,10,7,16,6
1.5,16,24,0,0,0,0,0,10,4.3828,20.0,-15.6172,10,7,16,6
1.5,16,25,0,0,0,0,0,10,4.3828,20.0,-15.6172,10,7,16,6
1.5,16,26,0,0,0,0,0,10,4.3828,20.0,-15.6172,10,7,16,6
1.5,16,27,0,0,0,0,0,10,4.3828,20.0,-15.6172,10,7,16,6
1.5,16,28,0,0,0,0,0,10,4.3828,20.0,-15.6172,10,7,16,6
1.5,16,29,0,0,0,0,0,10,4.3828,20.0,-15.6172,10,7,16,6
1.5,16,30,0,0,0,0,0,10,4.3828,20.0,-15.6172,10,7,16,6
1.5,17,1,0,0,0,0,0,1,0.5,20.0,-19.5,11,7,17,16
1.5,17,2,0,0,0,0,0,2,1.0,20.0,-19.0,11,7,17,15
1.5,17,3,0,0,0,0,0,3,1.4999,20.0,-18.5001,11,7,17,14
1.5,17,4,0,0,0,0,0,4,1.9997,20.0,-18.0003,11,7,17,13
1.5,17,5,0,0,0,0,0,5,2.4989,20.0,-17.5011,11,7,17,12
1.5,17,6,0,0,0,0,0,6,2.9962,20.0,-17.0038,11,7,17,11
1.5,17,7,0,0,0,0,0,7,3.4878,20.0,-16.5122,11,7,17,10
1.5,17,8,0,0,0,0,0,8,3.964,20.0,-16.036,11,7,17,9
1.5,17,9,0,0,0,0,0,9,4.4002,20.0,-15.5998,11,7,17,8
1.5,17,10,0,0,0,0,0,10,4.7425,20.0,-15.2575,11,7,17,7
1.5,17,11,0,0,0,0,0,11,4.8828,20.0,-15.1172,11,7,17,6
1.5,17,12,0,0,0,0,0,11,4.8828,20.0,-15.1172,11,7,17,6
1.5,17,13,0,0,0,0,0,11,4.8828,20.0,-15.1172,11,7,17,6
1.5,17,14,0,0,0,0,0,11,4.8828,20.0,-15.1172,11,7,17,6
1.5,17,15,0,0,0,0,0,11,4.8828,20.0,-15.1172,11,7,17,6
1.5,17,16,0,0,0,0,0,11,4.8828,20.0,-15.1172,11,7,17,6
1.5,17,17,0,0,0,0,0,11,4.8828,20.0,-15.1172,11,7,17,6
1.5,17,18,0,0,0,0,0,11,4.8828,20.0,-15.1172,11,7,17,6
1.5,17,19,0,0,0,0,0,11,4.8828,20.0,-15.1172,11,7,17,6
1.5,17,20,0,0,0,0,0,11,4.8828,20.0,-15.1172,11,7,17,6
1.5,17,21,0,0,0,0,0,11,4.8828,20.0,-15.1172,11,7,17,6
1.5,17,22,0,0,0,0,0,11,4.8828,20.0,-15.1172,11,7,17,6
1.5,17,23,0,0,0,0,0,11,4.8828,20.0,-15.1172,11,7,17,6
1.5,17,24,0,0,0,0,0,11,4.8828,20.0,-15.1172,11,7,17,6
1.5,17,25,0,0,0,0,0,11,4.8828,20.0,-15.1172,11,7,17,6
1.5,17,26,0,0,0,0,0,11,4.8828,20.0,-15.1172,11,7,17,6
1.5,17,27,0,0,0,0,0,11,4.8828,20.0,-15.1172,11,7,17,6
1.5,17,28,0,0,0,0,0,11,4.8828,20.0,-15.1172,11,7,17,6
1.5,17,29,0,0,0,0,0,11,4.8828,20.0,-15.1172,11,7,17,6
1.5,17,30,0,0,0,0,0,11,4.8828,20.0,-15.1172,11,7,17,6
1.5,18,1,0,0,0,0,0,1,0.5,20.0,-19.5,12,7,18,17
1.5,18,2,0,0,0,0,0,2,1.0,20.0,-19.0,12,7,18,16
1.5,18,3,0,0,0,0,0,3,1.5,20.0,-18.5,12,7,18,15
1.5,18,4,0,0,0,0,0,4,1.9999,20.0,-18.0001,12,7,18,14
1.5,18,5,0,0,0,0,0,5,2.4997,20.0,-17.5003,12,7,18,13
1.5,18,6,0,0,0,0,0,6,2.9989,20.0,-17.0011,12,7,18,12
1.5,18,7,0,0,0,0,0,7,3.4962,20.0,-16.5038,12,7,18,11
1.5,18,8,0,0,0,0,0,8,3.9878,20.0,-16.0122,12,7,18,10
1.5,18,9,0,0,0,0,0,9,4.464,20.0,-15.536,12,7,18,9
1.5,18,10,0,0,0,0,0,10,4.9002,20.0,-15.0998,12,7,18,8
1.5,18,11,0,0,0,0,0,11,5.2425,20.0,-14.7575,12,7,18,7
1.5,18,12,0,0,0,0,0,12,5.3828,20.0,-14.6172,12,7,18,6
1.5,18,13,0,0,0,0,0,12,5.3828,20.0,-14.6172,12,7,18,6
1.5,18,14,0,0,0,0,0,12,5.3828,20.0,-14.6172,12,7,18,6
1.5,18,15,0,0,0,0,0,12,5.3828,20.0,-14.6172,12,7,18,6
1.5,18,16,0,0,0,0,0,12,5.3828,20.0,-14.6172,12,7,18,6
1.5,18,17,0,0,0,0,0,12,5.3828,20.0,-14.6172,12,7,18,6
1.5,18,18,0,0,0,0,0,12,5.3828,20.0,-14.6172,12,7,18,6
1.5,18,19,0,0,0,0,0,12,5.3828,20.0,-14.6172,12,7,18,6
1.5,18,20,0,0,0,0,0,12,5.3828,20.0,-14.6172,12,7,18,6
1.5,18,21,0,0,0,0,0,12,5.3828,20.0,-14.6172,12,7,18,6
1.5,18,22,0,0,0,0,0,12,5.3828,20.0,-14.6172,12,7,18,6
1.5,18,23,0,0,0,0,0,12,5.3828,20.0,-14.6172,12,7,18,6
1.5,18,24,0,0,0,0,0,12,5.3828,20.0,-14.6172,12,7,18,6
1.5,18,25,0,0,0,0,0,12,5.3828,20.0,-14.6172,12,7,18,6
1.5,18,26,0,0,0,0,0,12,5.3828,20.0,-14.6172,12,7,18,6
1.5,18,27,0,0,0,0,0,12,5.3828,20.0,-14.6172,12,7,18,6
1.5,18,28,0,0,0,0,0,12,5.3828,20.0,-14.6172,12,7,18,6
1.5,18,29,0,0,0,0,0,12,5.3828,20.0,-14.6172,12,7,18,6
1.5,18,30,0,0,0,0,0,12,5.3828,20.0,-14.6172,12,7,18,6
1.5,19,1,0,0,0,0,0,1,0.5,20.0,-19.5,13,7,19,18
1.5,19,2,0,0,0,0,0,2,1.0,20.0,-19.0,13,7,19,17
1.5,19,3,0,0,0,0,0,3,1.5,20.0,-18.5,13,7,19,16
1.5,19,4,0,0,0,0,0,4,2.0,20.0,-18.0,13,7,19,15
1.5,19,5,0,0,0,0,0,5,2.4999,20.0,-17.5001,13,7,19,14
1.5,19,6,0,0,0,0,0,6,2.9997,20.0,-17.0003,13,7,19,13
1.5,19,7,0,0,0,0,0,7,3.4989,20.0,-16.5011,13,7,19,12
1.5,19,8,0,0,0,0,0,8,3.9962,20.0,-16.0038,13,7,19,11
1.5,19,9,0,0,0,0,0,9,4.4878,20.0,-15.5122,13,7,19,10
1.5,19,10,0,0,0,0,0,10,4.964,20.0,-15.036,13,7,19,9
1.5,19,11,0,0,0,0,0,11,5.4002,20.0,-14.5998,13,7,19,8
1.5,19,12,0,0,0,0,0,12,5.7425,20.0,-14.2575,13,7,19,7
1.5,19,13,0,0,0,0,0,13,5.8828,20.0,-14.1172,13,7,19,6
1.5,19,14,0,0,0,0,0,13,5.8828,20.0,-14.1172,13,7,19,6
1.5,19,15,0,0,0,0,0,13,5.8828,20.0,-14.1172,13,7,19,6
1.5,19,16,0,0,0,0,0,13,5.8828,20.0,-14.1172,13,7,19,6
1.5,19,17,0,0,0,0,0,13,5.8828,20.0,-14.1172,13,7,19,6
1.5,19,18,0,0,0,0,0,13,5.8828,20.0,-14.1172,13,7,19,6
1.5,19,19,0,0,0,0,0,13,5.8828,20.0,-14.1172,13,7,19,6
1.5,19,20,0,0,0,0,0,13,5.8828,20.0,-14.1172,13,7,19,6
1.5,19,21,0,0,0,0,0,13,5.8828,20.0,-14.1172,13,7,19,6
1.5,19,22,0,0,0,0,0,13,5.8828,20.0,-14.1172,13,7,19,6
1.5,19,23,0,0,0,0,0,13,5.8828,20.0,-14.1172,13,7,19,6
1.5,19,24,0,0,0,0,0,13,5.8828,20.0,-14.1172,13,7,19,6
1.5,19,25,0,0,0,0,0,13,5.8828,20.0,-14.1172,13,7,19,6
1.5,19,26,0,0,0,0,0,13,5.8828,20.0,-14.1172,13,7,19,6
1.5,19,27,0,0,0,0,0,13,5.8828,20.0,-14.1172,13,7,19,6
1.5,19,28,0,0,0,0,0,13,5.8828,20.0,-14.1172,13,7,19,6
1.5,19,29,0,0,0,0,0,13,5.8828,20.0,-14.1172,13,7,19,6
1.5,19,30,0,0,0,0,0,13,5.8828,20.0,-14.1172,13,7,19,6
1.5,20,1,0,0,0,0,0,1,0.5,20.0,-19.5,14,7,20,19
1.5,20,2,0,0,0,0,0,2,1.0,20.0,-19.0,14,7,20,18
1.5,20,3,0,0,0,0,0,3,1.5,20.0,-18.5,14,7,20,17
1.5,20,4,0,0,0,0,0,4,2.0,20.0,-18.0,14,7,20,16
1.5,20,5,0,0,0,0,0,5,2.5,20.0,-17.5,14,7,20,15
1.5,20,6,0,0,0,0,0,6,2.9999,20.0,-17.0001,14,7,20,14
1.5,20,7,0,0,0,0,0,7,3.4997,20.0,-16.5003,14,7,20,13
1.5,20,8,0,0,0,0,0,8,3.9989,20.0,-16.0011,14,7,20,12
1.5,20,9,0,0,0,0,0,9,4.4962,20.0,-15.5038,14,7,20,11
1.5,20,10,0,0,0,0,0,10,4.9878,20.0,-15.0122,14,7,20,10
1.5,20,11,0,0,0,0,0,11,5.464,20.0,-14.536,14,7,20,9
1.5,20,12,0,0,0,0,0,12,5.9002,20.0,-14.0998,14,7,20,8
1.5,20,13,0,0,0,0,0,13,6.2425,20.0,-13.7575,14,7,20,7
1.5,20,14,0,0,0,0,0,14,6.3828,20.0,-13.6172,14,7,20,6
1.5,20,15,0,0,0,0,0,14,6.3828,20.0,-13.6172,14,7,20,6
1.5,20,16,0,0,0,0,0,14,6.3828,20.0,-13.6172,14,7,20,6
1.5,20,17,0,0,0,0,0,14,6.3828,20.0,-13.6172,14,7,20,6
1.5,20,18,0,0,0,0,0,14,6.3828,20.0,-13.6172,14,7,20,6
1.5,20,19,0,0,0,0,0,14,6.3828,20.0,-13.6172,14,7,20,6
1.5,20,20,0,0,0,0,0,14,6.3828,20.0,-13.6172,14,7,20,6
1.5,20,21,0,0,0,0,0,14,6.3828,20.0,-13.6172,14,7,20,6
1.5,20,22,0,0,0,0,0,14,6.3828,20.0,-13.6172,14,7,20,6
1.5,20,23,0,0,0,0,0,14,6.3828,20.0,-13.6172,14,7,20,6
1.5,20,24,0,0,0,0,0,14,6.3828,20.0,-13.6172,14,7,20,6
1.5,20,25,0,0,0,0,0,14,6.3828,20.0,-13.6172,14,7,20,6
1.5,20,26,0,0,0,0,0,14,6.3828,20.0,-13.6172,14,7,20,6
1.5,20,27,0,0,0,0,0,14,6.3828,20.0,-13.6172,14,7,20,6
1.5,20,28,0,0,0,0,0,14,6.3828,20.0,-13.6172,14,7,20,6
1.5,20,29,0,0,0,0,0,14,6.3828,20.0,-13.6172,14,7,20,6
1.5,20,30,0,0,0,0,0,14,6.3828,20.0,-13.6172,14,7,20,6
1.5,21,1,0,0,0,0,0,1,0.5,20.0,-19.5,15,7,21,20
1.5,21,2,0,0,0,0,0,2,1.0,20.0,-19.0,15,7,21,19
1.5,21,3,0,0,0,0,0,3,1.5,20.0,-18.5,15,7,21,18
1.5,21,4,0,0,0,0,0,4,2.0,20.0,-18.0,15,7,21,17
1.5,21,5,0,0,0,0,0,5,2.5,20.0,-17.5,15,7,21,16
1.5,21,6,0,0,0,0,0,6,3.0,20.0,-17.0,15,7,21,15
1.5,21,7,0,0,0,0,0,7,3.4999,20.0,-16.5001,15,7,21,14
1.5,21,8,0,0,0,0,0,8,3.9997,20.0,-16.0003,15,7,21,13
1.5,21,9,0,0,0,0,0,9,4.4989,20.0,-15.5011,15,7,21,12
1.5,21,10,0,0,0,0,0,10,4.9962,20.0,-15.0038,15,7,21,11
1.5,21,11,0,0,0,0,0,11,5.4878,20.0,-14.5122,15,7,21,10
1.5,21,12,0,0,0,0,0,12,5.964,20.0,-14.036,15,7,21,9
1.5,21,13,0,0,0,0,0,13,6.4002,20.0,-13.5998,15,7,21,8
1.5,21,14,0,0,0,0,0,14,6.7425,20.0,-13.2575,15,7,21,7
1.5,21,15,0,0,0,0,0,15,6.8828,20.0,-13.1172,15,7,21,6
1.5,21,16,0,0,0,0,0,15,6.8828,20.0,-13.1172,15,7,21,6
1.5,21,17,0,0,0,0,0,15,6.8828,20.0,-13.1172,15,7,21,6
1.5,21,18,0,0,0,0,0,15,6.8828,20.0,-13.1172,15,7,21,6
1.5,21,19,0,0,0,0,0,15,6.8828,20.0,-13.1172,15,7,21,6
1.5,21,20,0,0,0,0,0,15,6.8828,20.0,-13.1172,15,7,21,6
1.5,21,21,0,0,0,0,0,15,6.8828,20.0,-13.1172,15,7,21,6
1.5,21,22,0,0,0,0,0,15,6.8828,20.0,-13.1172,15,7,21,6
1.5,21,23,0,0,0,0,0,15,6.8828,20.0,-13.1172,15,7,21,6
1.5,21,24,0,0,0,0,0,15,6.8828,20.0,-13.1172,15,7,21,6
1.5,21,25,0,0,0,0,0,15,6.8828,20.0,-13.1172,15,7,21,6
1.5,21,26,0,0,0,0,0,15,6.8828,20.0,-13.1172,15,7,21,6
1.5,21,27,0,0,0,0,0,15,6.8828,20.0,-13.1172,15,7,21,6
1.5,21,28,0,0,0,0,0,15,6.8828,20.0,-13.1172,15,7,21,6
1.5,21,29,0,0,0,0,0,15,6.8828,20.0,-13.1172,15,7,21,6
1.5,21,30,0,0,0,0,0,15,6.8828,20.0,-13.1172,15,7,21,6
1.5,22,1,0,0,0,0,0,1,0.5,20.0,-19.5,16,7,22,21
1.5,22,2,0,0,0,0,0,2,1.0,20.0,-19.0,16,7,22,20
1.5,22,3,0,0,0,0,0,3,1.5,20.0,-18.5,16,7,22,19
1.5,22,4,0,0,0,0,0,4,2.0,20.0,-18.0,16,7,22,18
1.5,22,5,0,0,0,0,0,5,2.5,20.0,-17.5,16,7,22,17
1.5,22,6,0,0,0,0,0,6,3.0,20.0,-17.0,16,7,22,16
1.5,22,7,0,0,0,0,0,7,3.5,20.0,-16.5,16,7,22,15
1.5,22,8,0,0,0,0,0,8,3.9999,20.0,-16.0001,16,7,22,14
1.5,22,9,0,0,0,0,0,9,4.4997,20.0,-15.5003,16,7,22,13
1.5,22,10,0,0,0,0,0,10,4.9989,20.0,-15.0011,16,7,22,12
1.5,22,11,0,0,0,0,0,11,5.4962,20.0,-14.5038,16,7,22,11
1.5,22,12,0,0,0,0,0,12,5.9878,20.0,-14.0122,16,7,22,10
1.5,22,13,0,0,0,0,0,13,6.464,20.0,-13.536,16,7,22,9
1.5,22,14,0,0,0,0,0,14,6.9002,20.0,-13.0998,16,7,22,8
1.5,22,15,0,0,0,0,0,15,7.2425,20.0,-12.7575,16,7,22,7
1.5,22,16,0,0,0,0,0,16,7.3828,20.0,-12.6172,16,7,22,6
1.5,22,17,0,0,0,0,0,16,7.3828,20.0,-12.6172,16,7,22,6
1.5,22,18,0,0,0,0,0,16,7.3828,20.0,-12.6172,16,7,22,6
1.5,22,19,0,0,0,0,0,16,7.3828,20.0,-12.6172,16,7,22,6
1.5,22,20,0,0,0,0,0,16,7.3828,20.0,-12.6172,16,7,22,6
1.5,22,21,0,0,0,0,0,16,7.3828,20.0,-12.6172,16,7,22,6
1.5,22,22,0,0,0,0,0,16,7.3828,20.0,-12.6172,16,7,22,6
1.5,22,23,0,0,0,0,0,16,7.3828,20.0,-12.6172,16,7,22,6
1.5,22,24,0,0,0,0,0,16,7.3828,20.0,-12.6172,16,7,22,6
1.5,22,25,0,0,0,0,0,16,7.3828,20.0,-12.6172,16,7,22,6
1.5,22,26,0,0,0,0,0,16,7.3828,20.0,-12.6172,16,7,22,6
1.5,22,27,0,0,0,0,0,16,7.3828,20.0,-12.6172,16,7,22,6
1.5,22,28,0,0,0,0,0,16,7.3828,20.0,-12.6172,16,7,22,6
1.5,22,29,0,0,0,0,0,16,7.3828,20.0,-12.6172,16,7,22,6
1.5,22,30,0,0,0,0,0,16,7.3828,20.0,-12.6172,16,7,22,6
1.5,23,1,0,0,0,0,0,1,0.5,20.0,-19.5,17,7,23,22
1.5,23,2,0,0,0,0,0,2,1.0,20.0,-19.0,17,7,23,21
1.5,23,3,0,0,0,0,0,3,1.5,20.0,-18.5,17,7,23,20
1.5,23,4,0,0,0,0,0,4,2.0,20.0,-18.0,17,7,23,19
1.5,23,5,0,0,0,0,0,5,2.5,20.0,-17.5,17,7,23,18
1.5,23,6,0,0,0,0,0,6,3.0,20.0,-17.0,17,7,23,17
1.5,23,7,0,0,0,0,0,7,3.5,20.0,-16.5,17,7,23,16
1.5,23,8,0,0,0,0,0,8,4.0,20.0,-16.0,17,7,23,15
1.5,23,9,0,0,0,0,0,9,4.4999,20.0,-15.5001,17,7,23,14
1.5,23,10,0,0,0,0,0,10,4.9997,20.0,-15.0003,17,7,23,13
1.5,23,11,0,0,0,0,0,11,5.4989,20.0,-14.5011,17,7,23,12
1.5,23,12,0,0,0,0,0,12,5.9962,20.0,-14.0038,17,7,23,11
1.5,23,13,0,0,0,0,0,13,6.4878,20.0,-13.5122,17,7,23,10
1.5,23,14,0,0,0,0,0,14,6.964,20.0,-13.036,17,7,23,9
1.5,23,15,0,0,0,0,0,15,7.4002,20.0,-12.5998,17,7,23,8
1.5,23,16,0,0,0,0,0,16,7.7425,20.0,-12.2575,17,7,23,7
1.5,23,17,0,0,0,0,0,17,7.8828,20.0,-12.1172,17,7,23,6
1.5,23,18,0,0,0,0,0,17,7.8828,20.0,-12.1172,17,7,23,6
1.5,23,19,0,0,0,0,0,17,7.8828,20.0,-12.1172,17,7,23,6
1.5,23,20,0,0,0,0,0,17,7.8828,20.0,-12.1172,17,7,23,6
1.5,23,21,0,0,0,0,0,17,7.8828,20.0,-12.1172,17,7,23,6
1.5,23,22,0,0,0,0,0,17,7.8828,20.0,-12.1172,17,7,23,6
1.5,23,23,0,0,0,0,0,17,7.8828,20.0,-12.1172,17,7,23,6
1.5,23,24,0,0,0,0,0,17,7.8828,20.0,-12.1172,17,7,23,6
1.5,23,25,0,0,0,0,0,17,7.8828,20.0,-12.1172,17,7,23,6
1.5,23,26,0,0,0,0,0,17,7.8828,20.0,-12.1172,17,7,23,6
1.5,23,27,0,0,0,0,0,17,7.8828,20.0,-12.1172,17,7,23,6
1.5,23,28,0,0,0,0,0,17,7.8828,20.0,-12.1172,17,7,23,6
1.5,23,29,0,0,0,0,0,17,7.8828,20.0,-12.1172,17,7,23,6
1.5,23,30,0,0,0,0,0,17,7.8828,20.0,-12.1172,17,7,23,6
1.5,24,1,0,0,0,0,0,1,0.5,20.0,-19.5,18,7,24,23
1.5,24,2,0,0,0,0,0,2,1.0,20.0,-19.0,18,7,24,22
1.5,24,3,0,0,0,0,0,3,1.5,20.0,-18.5,18,7,24,21
1.5,24,4,0,0,0,0,0,4,2.0,20.0,-18.0,18,7,24,20
1.5,24,5,0,0,0,0,0,5,2.5,20.0,-17.5,18,7,24,19
1.5,24,6,0,0,0,0,0,6,3.0,20.0,-17.0,18,7,24,18
1.5,24,7,0,0,0,0,0,7,3.5,20.0,-16.5,18,7,24,17
1.5,24,8,0,0,0,0,0,8,4.0,20.0,-16.0,18,7,24,16
1.5,24,9,0,0,0,0,0,9,4.5,20.0,-15.5,18,7,24,15
1.5,24,10,0,0,0,0,0,10,4.9999,20.0,-15.0001,18,7,24,14
1.5,24,11,0,0,0,0,0,11,5.4997,20.0,-14.5003,18,7,24,13
1.5,24,12,0,0,0,0,0,12,5.9989,20.0,-14.0011,18,7,24,12
1.5,24,13,0,0,0,0,0,13,6.4962,20.0,-13.5038,18,7,24,11
1.5,24,14,0,0,0,0,0,14,6.9878,20.0,-13.0122,18,7,24,10
1.5,24,15,0,0,0,0,0,15,7.464,20.0,-12.536,18,7,24,9
1.5,24,16,0,0,0,0,0,16,7.9002,20.0,-12.0998,18,7,24,8
1.5,24,17,0,0,0,0,0,17,8.2425,20.0,-11.7575,18,7,24,7
1.5,24,18,0,0,0,0,0,18,8.3828,20.0,-11.6172,18,7,24,6
1.5,24,19,0,0,0,0,0,18,8.3828,20.0,-11.6172,18,7,24,6
1.5,24,20,0,0,0,0,0,18,8.3828,20.0,-11.6172,18,7,24,6
1.5,24,21,0,0,0,0,0,18,8.3828,20.0,-11.6172,18,7,24,6
1.5,24,22,0,0,0,0,0,18,8.3828,20.0,-11.6172,18,7,24,6
1.5,24,23,0,0,0,0,0,18,8.3828,20.0,-11.6172,18,7,24,6
1.5,24,24,0,0,0,0,0,18,8.3828,20.0,-11.6172,18,7,24,6
1.5,24,25,0,0,0,0,0,18,8.3828,20.0,-11.6172,18,7,24,6
1.5,24,26,0,0,0,0,0,18,8.3828,20.0,-11.6172,18,7,24,6
1.5,24,27,0,0,0,0,0,18,8.3828,20.0,-11.6172,18,7,24,6
1.5,24,28,0,0,0,0,0,18,8.3828,20.0,-11.6172,18,7,24,6
1.5,24,29,0,0,0,0,0,18,8.3828,20.0,-11.6172,18,7,24,6
1.5,24,30,0,0,0,0,0,18,8.3828,20.0,-11.6172,18,7,24,6
1.5,25,1,0,0,0,0,0,1,0.5,20.0,-19.5,19,7,25,24
1.5,25,2,0,0,0,0,0,2,1.0,20.0,-19.0,19,7,25,23
1.5,25,3,0,0,0,0,0,3,1.5,20.0,-18.5,19,7,25,22
1.5,25,4,0,0,0,0,0,4,2.0,20.0,-18.0,19,7,25,21
1.5,25,5,0,0,0,0,0,5,2.5,20.0,-17.5,19,7,25,20
1.5,25,6,0,0,0,0,0,6,3.0,20.0,-17.0,19,7,25,19
1.5,25,7,0,0,0,0,0,7,3.5,20.0,-16.5,19,7,25,18
1.5,25,8,0,0,0,0,0,8,4.0,20.0,-16.0,19,7,25,17
1.5,25,9,0,0,0,0,0,9,4.5,20.0,-15.5,19,7,25,16
1.5,25,10,0,0,0,0,0,10,5.0,20.0,-15.0,19,7,25,15
1.5,25,11,0,0,0,0,0,11,5.4999,20.0,-14.5001,19,7,25,14
1.5,25,12,0,0,0,0,0,12,5.9997,20.0,-14.0003,19,7,25,13
1.5,25,13,0,0,0,0,0,13,6.4989,20.0,-13.5011,19,7,25,12
1.5,25,14,0,0,0,0,0,14,6.9962,20.0,-13.0038,19,7,25,11
1.5,25,15,0,0,0,0,0,15,7.4878,20.0,-12.5122,19,7,25,10
1.5,25,16,0,0,0,0,0,16,7.964,20.0,-12.036,19,7,25,9
1.5,25,17,0,0,0,0,0,17,8.4002,20.0,-11.5998,19,7,25,8
1.5,25,18,0,0,0,0,0,18,8.7425,20.0,-11.2575,19,7,25,7
1.5,25,19,0,0,0,0,0,19,8.8828,20.0,-11.1172,19,7,25,6
1.5,25,20,0,0,0,0,0,19,8.8828,20.0,-11.1172,19,7,25,6
1.5,25,21,0,0,0,0,0,19,8.8828,20.0,-11.1172,19,7,25,6
1.5,25,22,0,0,0,0,0,19,8.8828,20.0,-11.1172,19,7,25,6
1.5,25,23,0,0,0,0,0,19,8.8828,20.0,-11.1172,19,7,25,6
1.5,25,24,0,0,0,0,0,19,8.8828,20.0,-11.1172,19,7,25,6
1.5,25,25,0,0,0,0,0,19,8.8828,20.0,-11.1172,19,7,25,6
1.5,25,26,0,0,0,0,0,19,8.8828,20.0,-11.1172,19,7,25,6
1.5,25,27,0,0,0,0,0,19,8.8828,20.0,-11.1172,19,7,25,6
1.5,25,28,0,0,0,0,0,19,8.8828,20.0,-11.1172,19,7,25,6
1.5,25,29,0,0,0,0,0,19,8.8828,20.0,-11.1172,19,7,25,6
1.5,25,30,0,0,0,0,0,19,8.8828,20.0,-11.1172,19,7,25,6
1.5,26,1,0,0,0,0,0,1,0.5,20.0,-19.5,20,7,26,25
1.5,26,2,0,0,0,0,0,2,1.0,20.0,-19.0,20,7,26,24
1.5,26,3,0,0,0,0,0,3,1.5,20.0,-18.5,20,7,26,23
1.5,26,4,0,0,0,0,0,4,2.0,20.0,-18.0,20,7,26,22
1.5,26,5,0,0,0,0,0,5,2.5,20.0,-17.5,20,7,26,21
1.5,26,6,0,0,0,0,0,6,3.0,20.0,-17.0,20,7,26,20
1.5,26,7,0,0,0,0,0,7,3.5,20.0,-16.5,20,7,26,19
1.5,26,8,0,0,0,0,0,8,4.0,20.0,-16.0,20,7,26,18
1.5,26,9,0,0,0,0,0,9,4.5,20.0,-15.5,20,7,26,17
1.5,26,10,0,0,0,0,0,10,5.0,20.0,-15.0,20,7,26,16
1.5,26,11,0,0,0,0,0,11,5.5,20.0,-14.5,20,7,26,15
1.5,26,12,0,0,0,0,0,12,5.9999,20.0,-14.0001,20,7,26,14
1.5,26,13,0,0,0,0,0,13,6.4997,20.0,-13.5003,20,7,26,13
1.5,26,14,0,0,0,0,0,14,6.9989,20.0,-13.0011,20,7,26,12
1.5,26,15,0,0,0,0,0,15,7.4962,20.0,-12.5038,20,7,26,11
1.5,26,16,0,0,0,0,0,16,7.9878,20.0,-12.0122,20,7,26,10
1.5,26,17,0,0,0,0,0,17,8.464,20.0,-11.536,20,7,26,9
1.5,26,18,0,0,0,0,0,18,8.9002,20.0,-11.0998,20,7,26,8
1.5,26,19,0,0,0,0,0,19,9.2425,20.0,-10.7575,20,7,26,7
1.5,26,20,0,0,0,0,0,20,9.3828,20.0,-10.6172,20,7,26,6
1.5,26,21,0,0,0,0,0,20,9.3828,20.0,-10.6172,20,7,26,6
1.5,26,22,0,0,0,0,0,20,9.3828,20.0,-10.6172,20,7,26,6
1.5,26,23,0,0,0,0,0,20,9.3828,20.0,-10.6172,20,7,26,6
1.5,26,24,0,0,0,0,0,20,9.3828,20.0,-10.6172,20,7,26,6
1.5,26,25,0,0,0,0,0,20,9.3828,20.0,-10.6172,20,7,26,6
1.5,26,26,0,0,0,0,0,20,9.3828,20.0,-10.6172,20,7,26,6
1.5,26,27,0,0,0,0,0,20,9.3828,20.0,-10.6172,20,7,26,6
1.5,26,28,0,0,0,0,0,20,9.3828,20.0,-10.6172,20,7,26,6
1.5,26,29,0,0,0,0,0,20,9.3828,20.0,-10.6172,20,7,26,6
1.5,26,30,0,0,0,0,0,20,9.3828,20.0,-10.6172,20,7,26,6
1.5,27,1,0,0,0,0,0,1,0.5,20.0,-19.5,21,7,27,26
1.5,27,2,0,0,0,0,0,2,1.0,20.0,-19.0,21,7,27,25
1.5,27,3,0,0,0,0,0,3,1.5,20.0,-18.5,21,7,27,24
1.5,27,4,0,0,0,0,0,4,2.0,20.0,-18.0,21,7,27,23
1.5,27,5,0,0,0,0,0,5,2.5,20.0,-17.5,21,7,27,22
1.5,27,6,0,0,0,0,0,6,3.0,20.0,-17.0,21,7,27,21
1.5,27,7,0,0,0,0,0,7,3.5,20.0,-16.5,21,7,27,20
1.5,27,8,0,0,0,0,0,8,4.0,20.0,-16.0,21,7,27,19
1.5,27,9,0,0,0,0,0,9,4.5,20.0,-15.5,21,7,27,18
1.5,27,10,0,0,0,0,0,10,5.0,20.0,-15.0,21,7,27,17
1.5,27,11,0,0,0,0,0,11,5.5,20.0,-14.5,21,7,27,16
1.5,27,12,0,0,0,0,0,12,6.0,20.0,-14.0,21,7,27,15
1.5,27,13,0,0,0,0,0,13,6.4999,20.0,-13.5001,21,7,27,14
1.5,27,14,0,0,0,0,0,14,6.9997,20.0,-13.0003,21,7,27,13
1.5,27,15,0,0,0,0,0,15,7.4989,20.0,-12.5011,21,7,27,12
1.5,27,16,0,0,0,0,0,16,7.9962,20.0,-12.0038,21,7,27,11
1.5,27,17,0,0,0,0,0,17,8.4878,20.0,-11.5122,21,7,27,10
1.5,27,18,0,0,0,0,0,18,8.964,20.0,-11.036,21,7,27,9
1.5,27,19,0,0,0,0,0,19,9.4002,20.0,-10.5998,21,7,27,8
1.5,27,20,0,0,0,0,0,20,9.7425,20.0,-10.2575,21,7,27,7
1.5,27,21,0,0,0,0,0,21,9.8828,20.0,-10.1172,21,7,27,6
1.5,27,22,0,0,0,0,0,21,9.8828,20.0,-10.1172,21,7,27,6
1.5,27,23,0,0,0,0,0,21,9.8828,20.0,-10.1172,21,7,27,6
1.5,27,24,0,0,0,0,0,21,9.8828,20.0,-10.1172,21,7,27,6
1.5,27,25,0,0,0,0,0,21,9.8828,20.0,-10.1172,21,7,27,6
1.5,27,26,0,0,0,0,0,21,9.8828,20.0,-10.1172,21,7,27,6
1.5,27,27,0,0,0,0,0,21,9.8828,20.0,-10.1172,21,7,27,6
1.5,27,28,0,0,0,0,0,21,9.8828,20.0,-10.1172,21,7,27,6
1.5,27,29,0,0,0,0,0,21,9.8828,20.0,-10.1172,21,7,27,6
1.5,27,30,0,0,0,0,0,21,9.8828,20.0,-10.1172,21,7,27,6
1.5,28,1,0,0,0,0,0,1,0.5,20.0,-19.5,22,7,28,27
1.5,28,2,0,0,0,0,0,2,1.0,20.0,-19.0,22,7,28,26
1.5,28,3,0,0,0,0,0,3,1.5,20.0,-18.5,22,7,28,25
1.5,28,4,0,0,0,0,0,4,2.0,20.0,-18.0,22,7,28,24
1.5,28,5,0,0,0,0,0,5,2.5,20.0,-17.5,22,7,28,23
1.5,28,6,0,0,0,0,0,6,3.0,20.0,-17.0,22,7,28,22
1.5,28,7,0,0,0,0,0,7,3.5,20.0,-16.5,22,7,28,21
1.5,28,8,0,0,0,0,0,8,4.0,20.0,-16.0,22,7,28,20
1.5,28,9,0,0,0,0,0,9,4.5,20.0,-15.5,22,7,28,19
1.5,28,10,0,0,0,0,0,10,5.0,20.0,-15.0,22,7,28,18
1.5,28,11,0,0,0,0,0,11,5.5,20.0,-14.5,22,7,28,17
1.5,28,12,0,0,0,0,0,12,6.0,20.0,-14.0,22,7,28,16
1.5,28,13,0,0,0,0,0,13,6.5,20.0,-13.5,22,7,28,15
1.5,28,14,0,0,0,0,0,14,6.9999,20.0,-13.0001,22,7,28,14
1.5,28,15,0,0,0,0,0,15,7.4997,20.0,-12.5003,22,7,28,13
1.5,28,16,0,0,0,0,0,16,7.9989,20.0,-12.0011,22,7,28,12
1.5,28,17,0,0,0,0,0,17,8.4962,20.0,-11.5038,22,7,28,11
1.5,28,18,0,0,0,0,0,18,8.9878,20.0,-11.0122,22,7,28,10
1.5,28,19,0,0,0,0,0,19,9.464,20.0,-10.536,22,7,28,9
1.5,28,20,0,0,0,0,0,20,9.9002,20.0,-10.0998,22,7,28,8
1.5,28,21,0,0,0,0,0,21,10.2425,20.0,-9.7575,22,7,28,7
1.5,28,22,0,0,0,0,0,22,10.3828,20.0,-9.6172,22,7,28,6
1.5,28,23,0,0,0,0,0,22,10.3828,20.0,-9.6172,22,7,28,6
1.5,28,24,0,0,0,0,0,22,10.3828,20.0,-9.6172,22,7,28,6
1.5,28,25,0,0,0,0,0,22,10.3828,20.0,-9.6172,22,7,28,6
1.5,28,26,0,0,0,0,0,22,10.3828,20.0,-9.6172,22,7,28,6
1.5,28,27,0,0,0,0,0,22,10.3828,20.0,-9.6172,22,7,28,6
1.5,28,28,0,0,0,0,0,22,10.3828,20.0,-9.6172,22,7,28,6
1.5,28,29,0,0,0,0,0,22,10.3828,20.0,-9.6172,22,7,28,6
1.5,28,30,0,0,0,0,0,22,10.3828,20.0,-9.6172,22,7,28,6
1.5,29,1,0,0,0,0,0,1,0.5,20.0,-19.5,23,7,29,28
1.5,29,2,0,0,0,0,0,2,1.0,20.0,-19.0,23,7,29,27
1.5,29,3,0,0,0,0,0,3,1.5,20.0,-18.5,23,7,29,26
1.5,29,4,0,0,0,0,0,4,2.0,20.0,-18.0,23,7,29,25
1.5,29,5,0,0,0,0,0,5,2.5,20.0,-17.5,23,7,29,24
1.5,29,6,0,0,0,0,0,6,3.0,20.0,-17.0,23,7,29,23
1.5,29,7,0,0,0,0,0,7,3.5,20.0,-16.5,23,7,29,22
1.5,29,8,0,0,0,0,0,8,4.0,20.0,-16.0,23,7,29,21
1.5,29,9,0,0,0,0,0,9,4.5,20.0,-15.5,23,7,29,20
1.5,29,10,0,0,0,0,0,10,5.0,20.0,-15.0,23,7,29,19
1.5,29,11,0,0,0,0,0,11,5.5,20.0,-14.5,23,7,29,18
1.5,29,12,0,0,0,0,0,12,6.0,20.0,-14.0,23,7,29,17
1.5,29,13,0,0,0,0,0,13,6.5,20.0,-13.5,23,7,29,16
1.5,29,14,0,0,0,0,0,14,7.0,20.0,-13.0,23,7,29,15
1.5,29,15,0,0,0,0,0,15,7.4999,20.0,-12.5001,23,7,29,14
1.5,29,16,0,0,0,0,0,16,7.9997,20.0,-12.0003,23,7,29,13
1.5,29,17,0,0,0,0,0,17,8.4989,20.0,-11.5011,23,7,29,12
1.5,29,18,0,0,0,0,0,18,8.9962,20.0,-11.0038,23,7,29,11
1.5,29,19,0,0,0,0,0,19,9.4878,20.0,-10.5122,23,7,29,10
1.5,29,20,0,0,0,0,0,20,9.964,20.0,-10.036,23,7,29,9
1.5,29,21,0,0,0,0,0,21,10.4002,20.0,-9.5998,23,7,29,8
1.5,29,22,0,0,0,0,0,22,10.7425,20.0,-9.2575,23,7,29,7
1.5,29,23,0,0,0,0,0,23,10.8828,20.0,-9.1172,23,7,29,6
1.5,29,24,0,0,0,0,0,23,10.8828,20.0,-9.1172,23,7,29,6
1.5,29,25,0,0,0,0,0,23,10.8828,20.0,-9.1172,23,7,29,6
1.5,29,26,0,0,0,0,0,23,10.8828,20.0,-9.1172,23,7,29,6
1.5,29,27,0,0,0,0,0,23,10.8828,20.0,-9.1172,23,7,29,6
1.5,29,28,0,0,0,0,0,23,10.8828,20.0,-9.1172,23,7,29,6
1.5,29,29,0,0,0,0,0,23,10.8828,20.0,-9.1172,23,7,29,6
1.5,29,30,0,0,0,0,0,23,10.8828,20.0,-9.1172,23,7,29,6
1.5,30,1,0,0,0,0,0,1,0.5,20.0,-19.5,24,7,30,29
1.5,30,2,0,0,0,0,0,2,1.0,20.0,-19.0,24,7,30,28
1.5,30,3,0,0,0,0,0,3,1.5,20.0,-18.5,24,7,30,27
1.5,30,4,0,0,0,0,0,4,2.0,20.0,-18.0,24,7,30,26
1.5,30,5,0,0,0,0,0,5,2.5,20.0,-17.5,24,7,30,25
1.5,30,6,0,0,0,0,0,6,3.0,20.0,-17.0,24,7,30,24
1.5,30,7,0,0,0,0,0,7,3.5,20.0,-16.5,24,7,30,23
1.5,30,8,0,0,0,0,0,8,4.0,20.0,-16.0,24,7,30,22
1.5,30,9,0,0,0,0,0,9,4.5,20.0,-15.5,24,7,30,21
1.5,30,10,0,0,0,0,0,10,5.0,20.0,-15.0,24,7,30,20
1.5,30,11,0,0,0,0,0,11,5.5,20.0,-14.5,24,7,30,19
1.5,30,12,0,0,0,0,0,12,6.0,20.0,-14.0,24,7,30,18
1.5,30,13,0,0,0,0,0,13,6.5,20.0,-13.5,24,7,30,17
1.5,30,14,0,0,0,0,0,14,7.0,20.0,-13.0,24,7,30,16
1.5,30,15,0,0,0,0,0,15,7.5,20.0,-12.5,24,7,30,15
1.5,30,16,0,0,0,0,0,16,7.9999,20.0,-12.0001,24,7,30,14
1.5,30,17,0,0,0,0,0,17,8.4997,20.0,-11.5003,24,7,30,13
1.5,30,18,0,0,0,0,0,18,8.9989,20.0,-11.0011,24,7,30,12
1.5,30,19,0,0,0,0,0,19,9.4962,20.0,-10.5038,24,7,30,11
1.5,30,20,0,0,0,0,0,20,9.9878,20.0,-10.0122,24,7,30,10
1.5,30,21,0,0,0,0,0,21,10.464,20.0,-9.536,24,7,30,9
1.5,30,22,0,0,0,0,0,22,10.9002,20.0,-9.0998,24,7,30,8
1.5,30,23,0,0,0,0,0,23,11.2425,20.0,-8.7575,24,7,30,7
1.5,30,24,0,0,0,0,0,24,11.3828,20.0,-8.6172,24,7,30,6
1.5,30,25,0,0,0,0,0,24,11.3828,20.0,-8.6172,24,7,30,6
1.5,30,26,0,0,0,0,0,24,11.3828,20.0,-8.6172,24,7,30,6
1.5,30,27,0,0,0,0,0,24,11.3828,20.0,-8.6172,24,7,30,6
1.5,30,28,0,0,0,0,0,24,11.3828,20.0,-8.6172,24,7,30,6
1.5,30,29,0,0,0,0,0,24,11.3828,20.0,-8.6172,24,7,30,6
1.5,30,30,0,0,0,0,0,24,11.3828,20.0,-8.6172,24,7,30,6
2.0,1,1,0,0,0,0,0,0,0.0,20.0,-20.0,0,5,1,4
2.0,1,2,0,0,0,0,0,0,0.0,20.0,-20.0,0,5,1,4
2.0,1,3,0,0,0,0,0,0,0.0,20.0,-20.0,0,5,1,4
2.0,1,4,0,0,0,0,0,0,0.0,20.0,-20.0,0,5,1,4
2.0,1,5,0,0,0,0,0,0,0.0,20.0,-20.0,0,5,1,4
2.0,1,6,0,0,0,0,0,0,0.0,20.0,-20.0,0,5,1,4
2.0,1,7,0,0,0,0,0,0,0.0,20.0,-20.0,0,5,1,4
2.0,1,8,0,0,0,0,0,0,0.0,20.0,-20.0,0,5,1,4
2.0,1,9,0,0,0,0,0,0,0.0,20.0,-20.0,0,5,1,4
2.0,1,10,0,0,0,0,0,0,0.0,20.0,-20.0,0,5,1,4
2.0,1,11,0,0,0,0,0,0,0.0,20.0,-20.0,0,5,1,4
2.0,1,12,0,0,0,0,0,0,0.0,20.0,-20.0,0,5,1,4
2.0,1,13,0,0,0,0,0,0,0.0,20.0,-20.0,0,5,1,4
2.0,1,14,0,0,0,0,0,0,0.0,20.0,-20.0,0,5,1,4
2.0,1,15,0,0,0,0,0,0,0.0,20.0,-20.0,0,5,1,4
2.0,1,16,0,0,0,0,0,0,0.0,20.0,-20.0,0,5,1,4
2.0,1,17,0,0,0,0,0,0,0.0,20.0,-20.0,0,5,1,4
2.0,1,18,0,0,0,0,0,0,0.0,20.0,-20.0,0,5,1,4
2.0,1,19,0,0,0,0,0,0,0.0,20.0,-20.0,0,5,1,4
2.0,1,20,0,0,0,0,0,0,0.0,20.0,-20.0,0,5,1,4
2.0,1,21,0,0,0,0,0,0,0.0,20.0,-20.0,0,5,1,4
2.0,1,22,0,0,0,0,0,0,0.0,20.0,-20.0,0,5,1,4
2.0,1,23,0,0,0,0,0,0,0.0,20.0,-20.0,0,5,1,4
2.0,1,24,0,0,0,0,0,0,0.0,20.0,-20.0,0,5,1,4
2.0,1,25,0,0,0,0,0,0,0.0,20.0,-20.0,0,5,1,4
2.0,1,26,0,0,0,0,0,0,0.0,20.0,-20.0,0,5,1,4
2.0,1,27,0,0,0,0,0,0,0.0,20.0,-20.0,0,5,1,4
2.0,1,28,0,0,0,0,0,0,0.0,20.0,-20.0,0,5,1,4
2.0,1,29,0,0,0,0,0,0,0.0,20.0,-20.0,0,5,1,4
2.0,1,30,0,0,0,0,0,0,0.0,20.0,-20.0,0,5,1,4
2.0,2,1,0,0,0,0,0,0,0.0,20.0,-20.0,0,5,2,4
2.0,2,2,0,0,0,0,0,0,0.0,20.0,-20.0,0,5,2,4
2.0,2,3,0,0,0,0,0,0,0.0,20.0,-20.0,0,5,2,4
2.0,2,4,0,0,0,0,0,0,0.0,20.0,-20.0,0,5,2,4
2.0,2,5,0,0,0,0,0,0,0.0,20.0,-20.0,0,5,2,4
2.0,2,6,0,0,0,0,0,0,0.0,20.0,-20.0,0,5,2,4
2.0,2,7,0,0,0,0,0,0,0.0,20.0,-20.0,0,5,2,4
2.0,2,8,0,0,0,0,0,0,0.0,20.0,-20.0,0,5,2,4
2.0,2,9,0,0,0,0,0,0,0.0,20.0,-20.0,0,5,2,4
2.0,2,10,0,0,0,0,0,0,0.0,20.0,-20.0,0,5,2,4
2.0,2,11,0,0,0,0,0,0,0.0,20.0,-20.0,0,5,2,4
2.0,2,12,0,0,0,0,0,0,0.0,20.0,-20.0,0,5,2,4
2.0,2,13,0,0,0,0,0,0,0.0,20.0,-20.0,0,5,2,4
2.0,2,14,0,0,0,0,0,0,0.0,20.0,-20.0,0,5,2,4
2.0,2,15,0,0,0,0,0,0,0.0,20.0,-20.0,0,5,2,4
2.0,2,16,0,0,0,0,0,0,0.0,20.0,-20.0,0,5,2,4
2.0,2,17,0,0,0,0,0,0,0.0,20.0,-20.0,0,5,2,4
2.0,2,18,0,0,0,0,0,0,0.0,20.0,-20.0,0,5,2,4
2.0,2,19,0,0,0,0,0,0,0.0,20.0,-20.0,0,5,2,4
2.0,2,20,0,0,0,0,0,0,0.0,20.0,-20.0,0,5,2,4
2.0,2,21,0,0,0,0,0,0,0.0,20.0,-20.0,0,5,2,4
2.0,2,22,0,0,0,0,0,0,0.0,20.0,-20.0,0,5,2,4
2.0,2,23,0,0,0,0,0,0,0.0,20.0,-20.0,0,5,2,4
2.0,2,24,0,0,0,0,0,0,0.0,20.0,-20.0,0,5,2,4
2.0,2,25,0,0,0,0,0,0,0.0,20.0,-20.0,0,5,2,4
2.0,2,26,0,0,0,0,0,0,0.0,20.0,-20.0,0,5,2,4
2.0,2,27,0,0,0,0,0,0,0.0,20.0,-20.0,0,5,2,4
2.0,2,28,0,0,0,0,0,0,0.0,20.0,-20.0,0,5,2,4
2.0,2,29,0,0,0,0,0,0,0.0,20.0,-20.0,0,5,2,4
2.0,2,30,0,0,0,0,0,0,0.0,20.0,-20.0,0,5,2,4
2.0,3,1,0,0,0,0,0,0,0.0,20.0,-20.0,0,5,3,4
2.0,3,2,0,0,0,0,0,0,0.0,20.0,-20.0,0,5,3,4
2.0,3,3,0,0,0,0,0,0,0.0,20.0,-20.0,0,5,3,4
2.0,3,4,0,0,0,0,0,0,0.0,20.0,-20.0,0,5,3,4
2.0,3,5,0,0,0,0,0,0,0.0,20.0,-20.0,0,5,3,4
2.0,3,6,0,0,0,0,0,0,0.0,20.0,-20.0,0,5,3,4
2.0,3,7,0,0,0,0,0,0,0.0,20.0,-20.0,0,5,3,4
2.0,3,8,0,0,0,0,0,0,0.0,20.0,-20.0,0,5,3,4
2.0,3,9,0,0,0,0,0,0,0.0,20.0,-20.0,0,5,3,4
2.0,3,10,0,0,0,0,0,0,0.0,20.0,-20.0,0,5,3,4
2.0,3,11,0,0,0,0,0,0,0.0,20.0,-20.0,0,5,3,4
2.0,3,12,0,0,0,0,0,0,0.0,20.0,-20.0,0,5,3,4
2.0,3,13,0,0,0,0,0,0,0.0,20.0,-20.0,0,5,3,4
2.0,3,14,0,0,0,0,0,0,0.0,20.0,-20.0,0,5,3,4
2.0,3,15,0,0,0,0,0,0,0.0,20.0,-20.0,0,5,3,4
2.0,3,16,0,0,0,0,0,0,0.0,20.0,-20.0,0,5,3,4
2.0,3,17,0,0,0,0,0,0,0.0,20.0,-20.0,0,5,3,4
2.0,3,18,0,0,0,0,0,0,0.0,20.0,-20.0,0,5,3,4
2.0,3,19,0,0,0,0,0,0,0.0,20.0,-20.0,0,5,3,4
2.0,3,20,0,0,0,0,0,0,0.0,20.0,-20.0,0,5,3,4
2.0,3,21,0,0,0,0,0,0,0.0,20.0,-20.0,0,5,3,4
2.0,3,22,0,0,0,0,0,0,0.0,20.0,-20.0,0,5,3,4
2.0,3,23,0,0,0,0,0,0,0.0,20.0,-20.0,0,5,3,4
2.0,3,24,0,0,0,0,0,0,0.0,20.0,-20.0,0,5,3,4
2.0,3,25,0,0,0,0,0,0,0.0,20.0,-20.0,0,5,3,4
2.0,3,26,0,0,0,0,0,0,0.0,20.0,-20.0,0,5,3,4
2.0,3,27,0,0,0,0,0,0,0.0,20.0,-20.0,0,5,3,4
2.0,3,28,0,0,0,0,0,0,0.0,20.0,-20.0,0,5,3,4
2.0,3,29,0,0,0,0,0,0,0.0,20.0,-20.0,0,5,3,4
2.0,3,30,0,0,0,0,0,0,0.0,20.0,-20.0,0,5,3,4
2.0,4,1,0,0,0,0,0,0,0.0,20.0,-20.0,0,5,4,4
2.0,4,2,0,0,0,0,0,0,0.0,20.0,-20.0,0,5,4,4
2.0,4,3,0,0,0,0,0,0,0.0,20.0,-20.0,0,5,4,4
2.0,4,4,0,0,0,0,0,0,0.0,20.0,-20.0,0,5,4,4
2.0,4,5,0,0,0,0,0,0,0.0,20.0,-20.0,0,5,4,4
2.0,4,6,0,0,0,0,0,0,0.0,20.0,-20.0,0,5,4,4
2.0,4,7,0,0,0,0,0,0,0.0,20.0,-20.0,0,5,4,4
2.0,4,8,0,0,0,0,0,0,0.0,20.0,-20.0,0,5,4,4
2.0,4,9,0,0,0,0,0,0,0.0,20.0,-20.0,0,5,4,4
2.0,4,10,0,0,0,0,0,0,0.0,20.0,-20.0,0,5,4,4
2.0,4,11,0,0,0,0,0,0,0.0,20.0,-20.0,0,5,4,4
2.0,4,12,0,0,0,0,0,0,0.0,20.0,-20.0,0,5,4,4
2.0,4,13,0,0,0,0,0,0,0.0,20.0,-20.0,0,5,4,4
2.0,4,14,0,0,0,0,0,0,0.0,20.0,-20.0,0,5,4,4
2.0,4,15,0,0,0,0,0,0,0.0,20.0,-20.0,0,5,4,4
2.0,4,16,0,0,0,0,0,0,0.0,20.0,-20.0,0,5,4,4
2.0,4,17,0,0,0,0,0,0,0.0,20.0,-20.0,0,5,4,4
2.0,4,18,0,0,0,0,0,0,0.0,20.0,-20.0,0,5,4,4
2.0,4,19,0,0,0,0,0,0,0.0,20.0,-20.0,0,5,4,4
2.0,4,20,0,0,0,0,0,0,0.0,20.0,-20.0,0,5,4,4
2.0,4,21,0,0,0,0,0,0,0.0,20.0,-20.0,0,5,4,4
2.0,4,22,0,0,0,0,0,0,0.0,20.0,-20.0,0,5,4,4
2.0,4,23,0,0,0,0,0,0,0.0,20.0,-20.0,0,5,4,4
2.0,4,24,0,0,0,0,0,0,0.0,20.0,-20.0,0,5,4,4
2.0,4,25,0,0,0,0,0,0,0.0,20.0,-20.0,0,5,4,4
2.0,4,26,0,0,0,0,0,0,0.0,20.0,-20.0,0,5,4,4
2.0,4,27,0,0,0,0,0,0,0.0,20.0,-20.0,0,5,4,4
2.0,4,28,0,0,0,0,0,0,0.0,20.0,-20.0,0,5,4,4
2.0,4,29,0,0,0,0,0,0,0.0,20.0,-20.0,0,5,4,4
2.0,4,30,0,0,0,0,0,0,0.0,20.0,-20.0,0,5,4,4
2.0,5,1,0,0,0,0,0,1,0.4579,20.0,-19.5421,1,5,5,4
2.0,5,2,0,0,0,0,0,1,0.4579,20.0,-19.5421,1,5,5,4
2.0,5,3,0,0,0,0,0,1,0.4579,20.0,-19.5421,1,5,5,4
2.0,5,4,0,0,0,0,0,1,0.4579,20.0,-19.5421,1,5,5,4
2.0,5,5,0,0,0,0,0,1,0.4579,20.0,-19.5421,1,5,5,4
2.0,5,6,0,0,0,0,0,1,0.4579,20.0,-19.5421,1,5,5,4
2.0,5,7,0,0,0,0,0,1,0.4579,20.0,-19.5421,1,5,5,4
2.0,5,8,0,0,0,0,0,1,0.4579,20.0,-19.5421,1,5,5,4
2.0,5,9,0,0,0,0,0,1,0.4579,20.0,-19.5421,1,5,5,4
2.0,5,10,0,0,0,0,0,1,0.4579,20.0,-19.5421,1,5,5,4
2.0,5,11,0,0,0,0,0,1,0.4579,20.0,-19.5421,1,5,5,4
2.0,5,12,0,0,0,0,0,1,0.4579,20.0,-19.5421,1,5,5,4
2.0,5,13,0,0,0,0,0,1,0.4579,20.0,-19.5421,1,5,5,4
2.0,5,14,0,0,0,0,0,1,0.4579,20.0,-19.5421,1,5,5,4
2.0,5,15,0,0,0,0,0,1,0.4579,20.0,-19.5421,1,5,5,4
2.0,5,16,0,0,0,0,0,1,0.4579,20.0,-19.5421,1,5,5,4
2.0,5,17,0,0,0,0,0,1,0.4579,20.0,-19.5421,1,5,5,4
2.0,5,18,0,0,0,0,0,1,0.4579,20.0,-19.5421,1,5,5,4
2.0,5,19,0,0,0,0,0,1,0.4579,20.0,-19.5421,1,5,5,4
2.0,5,20,0,0,0,0,0,1,0.4579,20.0,-19.5421,1,5,5,4
2.0,5,21,0,0,0,0,0,1,0.4579,20.0,-19.5421,1,5,5,4
2.0,5,22,0,0,0,0,0,1,0.4579,20.0,-19.5421,1,5,5,4
2.0,5,23,0,0,0,0,0,1,0.4579,20.0,-19.5421,1,5,5,4
2.0,5,24,0,0,0,0,0,1,0.4579,20.0,-19.5421,1,5,5,4
2.0,5,25,0,0,0,0,0,1,0.4579,20.0,-19.5421,1,5,5,4
2.0,5,26,0,0,0,0,0,1,0.4579,20.0,-19.5421,1,5,5,4
2.0,5,27,0,0,0,0,0,1,0.4579,20.0,-19.5421,1,5,5,4
2.0,5,28,0,0,0,0,0,1,0.4579,20.0,-19.5421,1,5,5,4
2.0,5,29,0,0,0,0,0,1,0.4579,20.0,-19.5421,1,5,5,4
2.0,5,30,0,0,0,0,0,1,0.4579,20.0,-19.5421,1,5,5,4
2.0,6,1,0,0,0,0,0,1,1.7513,20.0,-18.2487,2,5,6,5
2.0,6,2,0,0,0,0,0,2,2.2091,20.0,-17.7909,2,5,6,4
2.0,6,3,0,0,0,0,0,2,2.2091,20.0,-17.7909,2,5,6,4
2.0,6,4,0,0,0,0,0,2,2.2091,20.0,-17.7909,2,5,6,4
2.0,6,5,0,0,0,0,0,2,2.2091,20.0,-17.7909,2,5,6,4
2.0,6,6,0,0,0,0,0,2,2.2091,20.0,-17.7909,2,5,6,4
2.0,6,7,0,0,0,0,0,2,2.2091,20.0,-17.7909,2,5,6,4
2.0,6,8,0,0,0,0,0,2,2.2091,20.0,-17.7909,2,5,6,4
2.0,6,9,0,0,0,0,0,2,2.2091,20.0,-17.7909,2,5,6,4
2.0,6,10,0,0,0,0,0,2,2.2091,20.0,-17.7909,2,5,6,4
2.0,6,11,0,0,0,0,0,2,2.2091,20.0,-17.7909,2,5,6,4
2.0,6,12,0,0,0,0,0,2,2.2091,20.0,-17.7909,2,5,6,4
2.0,6,13,0,0,0,0,0,2,2.2091,20.0,-17.7909,2,5,6,4
2.0,6,14,0,0,0,0,0,2,2.2091,20.0,-17.7909,2,5,6,4
2.0,6,15,0,0,0,0,0,2,2.2091,20.0,-17.7909,2,5,6,4
2.0,6,16,0,0,0,0,0,2,2.2091,20.0,-17.7909,2,5,6,4
2.0,6,17,0,0,0,0,0,2,2.2091,20.0,-17.7909,2,5,6,4
2.0,6,18,0,0,0,0,0,2,2.2091,20.0,-17.7909,2,5,6,4
2.0,6,19,0,0,0,0,0,2,2.2091,20.0,-17.7909,2,5,6,4
2.0,6,20,0,0,0,0,0,2,2.2091,20.0,-17.7909,2,5,6,4
2.0,6,21,0,0,0,0,0,2,2.2091,20.0,-17.7909,2,5,6,4
2.0,6,22,0,0,0,0,0,2,2.2091,20.0,-17.7909,2,5,6,4
2.0,6,23,0,0,0,0,0,2,2.2091,20.0,-17.7909,2,5,6,4
2.0,6,24,0,0,0,0,0,2,2.2091,20.0,-17.7909,2,5,6,4
2.0,6,25,0,0,0,0,0,2,2.2091,20.0,-17.7909,2,5,6,4
2.0,6,26,0,0,0,0,0,2,2.2091,20.0,-17.7909,2,5,6,4
2.0,6,27,0,0,0,0,0,2,2.2091,20.0,-17.7909,2,5,6,4
2.0,6,28,0,0,0,0,0,2,2.2091,20.0,-17.7909,2,5,6,4
2.0,6,29,0,0,0,0,0,2,2.2091,20.0,-17.7909,2,5,6,4
2.0,6,30,0,0,0,0,0,2,2.2091,20.0,-17.7909,2,5,6,4
2.0,7,1,0,0,0,0,0,1,2.6699,20.0,-17.3301,3,5,7,6
2.0,7,2,0,0,0,0,0,2,4.4212,20.0,-15.5788,3,5,7,5
2.0,7,3,0,0,0,0,0,3,4.879,20.0,-15.121,3,5,7,4
2.0,7,4,0,0,0,0,0,3,4.879,20.0,-15.121,3,5,7,4
2.0,7,5,0,0,0,0,0,3,4.879,20.0,-15.121,3,5,7,4
2.0,7,6,0,0,0,0,0,3,4.879,20.0,-15.121,3,5,7,4
2.0,7,7,0,0,0,0,0,3,4.879,20.0,-15.121,3,5,7,4
2.0,7,8,0,0,0,0,0,3,4.879,20.0,-15.121,3,5,7,4
2.0,7,9,0,0,0,0,0,3,4.879,20.0,-15.121,3,5,7,4
2.0,7,10,0,0,0,0,0,3,4.879,20.0,-15.121,3,5,7,4
2.0,7,11,0,0,0,0,0,3,4.879,20.0,-15.121,3,5,7,4
2.0,7,12,0,0,0,0,0,3,4.879,20.0,-15.121,3,5,7,4
2.0,7,13,0,0,0,0,0,3,4.879,20.0,-15.121,3,5,7,4
2.0,7,14,0,0,0,0,0,3,4.879,20.0,-15.121,3,5,7,4
2.0,7,15,0,0,0,0,0,3,4.879,20.0,-15.121,3,5,7,4
2.0,7,16,0,0,0,0,0,3,4.879,20.0,-15.121,3,5,7,4
2.0,7,17,0,0,0,0,0,3,4.879,20.0,-15.121,3,5,7,4
2.0,7,18,0,0,0,0,0,3,4.879,20.0,-15.121,3,5,7,4
2.0,7,19,0,0,0,0,0,3,4.879,20.0,-15.121,3,5,7,4
2.0,7,20,0,0,0,0,0,3,4.879,20.0,-15.121,3,5,7,4
2.0,7,21,0,0,0,0,0,3,4.879,20.0,-15.121,3,5,7,4
2.0,7,22,0,0,0,0,0,3,4.879,20.0,-15.121,3,5,7,4
2.0,7,23,0,0,0,0,0,3,4.879,20.0,-15.121,3,5,7,4
2.0,7,24,0,0,0,0,0,3,4.879,20.0,-15.121,3,5,7,4
2.0,7,25,0,0,0,0,0,3,4.879,20.0,-15.121,3,5,7,4
2.0,7,26,0,0,0,0,0,3,4.879,20.0,-15.121,3,5,7,4
2.0,7,27,0,0,0,0,0,3,4.879,20.0,-15.121,3,5,7,4
2.0,7,28,0,0,0,0,0,3,4.879,20.0,-15.121,3,5,7,4
2.0,7,29,0,0,0,0,0,3,4.879,20.0,-15.121,3,5,7,4
2.0,7,30,0,0,0,0,0,3,4.879,20.0,-15.121,3,5,7,4
2.0,8,1,0,0,0,0,0,1,3.2673,20.0,-16.7327,4,5,8,7
2.0,8,2,0,0,0,0,0,2,5.9372,20.0,-14.0628,4,5,8,6
2.0,8,3,0,0,0,0,0,3,7.6885,20.0,-12.3115,4,5,8,5
2.0,8,4,0,0,0,0,0,4,8.1463,20.0,-11.8537,4,5,8,4
2.0,8,5,0,0,0,0,0,4,8.1463,20.0,-11.8537,4,5,8,4
2.0,8,6,0,0,0,0,0,4,8.1463,20.0,-11.8537,4,5,8,4
2.0,8,7,0,0,0,0,0,4,8.1463,20.0,-11.8537,4,5,8,4
2.0,8,8,0,0,0,0,0,4,8.1463,20.0,-11.8537,4,5,8,4
2.0,8,9,0,0,0,0,0,4,8.1463,20.0,-11.8537,4,5,8,4
2.0,8,10,0,0,0,0,0,4,8.1463,20.0,-11.8537,4,5,8,4
2.0,8,11,0,0,0,0,0,4,8.1463,20.0,-11.8537,4,5,8,4
2.0,8,12,0,0,0,0,0,4,8.1463,20.0,-11.8537,4,5,8,4
2.0,8,13,0,0,0,0,0,4,8.1463,20.0,-11.8537,4,5,8,4
2.0,8,14,0,0,0,0,0,4,8.1463,20.0,-11.8537,4,5,8,4
2.0,8,15,0,0,0,0,0,4,8.1463,20.0,-11.8537,4,5,8,4
2.0,8,16,0,0,0,0,0,4,8.1463,20.0,-11.8537,4,5,8,4
2.0,8,17,0,0,0,0,0,4,8.1463,20.0,-11.8537,4,5,8,4
2.0,8,18,0,0,0,0,0,4,8.1463,20.0,-11.8537,4,5,8,4
2.0,8,19,0,0,0,0,0,4,8.1463,20.0,-11.8537,4,5,8,4
2.0,8,20,0,0,0,0,0,4,8.1463,20.0,-11.8537,4,5,8,4
2.0,8,21,0,0,0,0,0,4,8.1463,20.0,-11.8537,4,5,8,4
2.0,8,22,0,0,0,0,0,4,8.1463,20.0,-11.8537,4,5,8,4
2.0,8,23,0,0,0,0,0,4,8.1463,20.0,-11.8537,4,5,8,4
2.0,8,24,0,0,0,0,0,4,8.1463,20.0,-11.8537,4,5,8,4
2.0,8,25,0,0,0,0,0,4,8.1463,20.0,-11.8537,4,5,8,4
2.0,8,26,0,0,0,0,0,4,8.1463,20.0,-11.8537,4,5,8,4
2.0,8,27,0,0,0,0,0,4,8.1463,20.0,-11.8537,4,5,8,4
2.0,8,28,0,0,0,0,0,4,8.1463,20.0,-11.8537,4,5,8,4
2.0,8,29,0,0,0,0,0,4,8.1463,20.0,-11.8537,4,5,8,4
2.0,8,30,0,0,0,0,0,4,8.1463,20.0,-11.8537,4,5,8,4
2.0,9,1,0,0,0,0,0,1,3.6237,20.0,-16.3763,5,5,9,8
2.0,9,2,0,0,0,0,0,2,6.891,20.0,-13.109,5,5,9,7
2.0,9,3,0,0,0,0,0,3,9.5609,20.0,-10.4391,5,5,9,6
2.0,9,4,0,0,0,0,0,4,11.3122,20.0,-8.6878,5,5,9,5
2.0,9,5,0,0,0,0,0,5,11.7701,20.0,-8.2299,5,5,9,4
2.0,9,6,0,0,0,0,0,5,11.7701,20.0,-8.2299,5,5,9,4
2.0,9,7,0,0,0,0,0,5,11.7701,20.0,-8.2299,5,5,9,4
2.0,9,8,0,0,0,0,0,5,11.7701,20.0,-8.2299,5,5,9,4
2.0,9,9,0,0,0,0,0,5,11.7701,20.0,-8.2299,5,5,9,4
2.0,9,10,0,0,0,0,0,5,11.7701,20.0,-8.2299,5,5,9,4
2.0,9,11,0,0,0,0,0,5,11.7701,20.0,-8.2299,5,5,9,4
2.0,9,12,0,0,0,0,0,5,11.7701,20.0,-8.2299,5,5,9,4
2.0,9,13,0,0,0,0,0,5,11.7701,20.0,-8.2299,5,5,9,4
2.0,9,14,0,0,0,0,0,5,11.7701,20.0,-8.2299,5,5,9,4
2.0,9,15,0,0,0,0,0,5,11.7701,20.0,-8.2299,5,5,9,4
2.0,9,16,0,0,0,0,0,5,11.7701,20.0,-8.2299,5,5,9,4
2.0,9,17,0,0,0,0,0,5,11.7701,20.0,-8.2299,5,5,9,4
2.0,9,18,0,0,0,0,0,5,11.7701,20.0,-8.2299,5,5,9,4
2.0,9,19,0,0,0,0,0,5,11.7701,20.0,-8.2299,5,5,9,4
2.0,9,20,0,0,0,0,0,5,11.7701,20.0,-8.2299,5,5,9,4
2.0,9,21,0,0,0,0,0,5,11.7701,20.0,-8.2299,5,5,9,4
2.0,9,22,0,0,0,0,0,5,11.7701,20.0,-8.2299,5,5,9,4
2.0,9,23,0,0,0,0,0,5,11.7701,20.0,-8.2299,5,5,9,4
2.0,9,24,0,0,0,0,0,5,11.7701,20.0,-8.2299,5,5,9,4
2.0,9,25,0,0,0,0,0,5,11.7701,20.0,-8.2299,5,5,9,4
2.0,9,26,0,0,0,0,0,5,11.7701,20.0,-8.2299,5,5,9,4
2.0,9,27,0,0,0,0,0,5,11.7701,20.0,-8.2299,5,5,9,4
2.0,9,28,0,0,0,0,0,5,11.7701,20.0,-8.2299,5,5,9,4
2.0,9,29,0,0,0,0,0,5,11.7701,20.0,-8.2299,5,5,9,4
2.0,9,30,0,0,0,0,0,5,11.7701,20.0,-8.2299,5,5,9,4
2.0,10,1,0,0,0,0,0,1,3.8196,20.0,-16.1804,6,5,10,9
2.0,10,2,0,0,0,0,0,2,7.4433,20.0,-12.5567,6,5,10,8
2.0,10,3,0,0,0,0,0,3,10.7106,20.0,-9.2894,6,5,10,7
2.0,10,4,0,0,0,0,0,4,13.3805,20.0,-6.6195,6,5,10,6
2.0,10,5,0,0,0,0,0,5,15.1317,20.0,-4.8683,6,5,10,5
2.0,10,6,0,0,0,0,0,6,15.5896,20.0,-4.4104,6,5,10,4
2.0,10,7,0,0,0,0,0,6,15.5896,20.0,-4.4104,6,5,10,4
2.0,10,8,0,0,0,0,0,6,15.5896,20.0,-4.4104,6,5,10,4
2.0,10,9,0,0,0,0,0,6,15.5896,20.0,-4.4104,6,5,10,4
2.0,10,10,0,0,0,0,0,6,15.5896,20.0,-4.4104,6,5,10,4
2.0,10,11,0,0,0,0,0,6,15.5896,20.0,-4.4104,6,5,10,4
2.0,10,12,0,0,0,0,0,6,15.5896,20.0,-4.4104,6,5,10,4
2.0,10,13,0,0,0,0,0,6,15.5896,20.0,-4.4104,6,5,10,4
2.0,10,14,0,0,0,0,0,6,15.5896,20.0,-4.4104,6,5,10,4
2.0,10,15,0,0,0,0,0,6,15.5896,20.0,-4.4104,6,5,10,4
2.0,10,16,0,0,0,0,0,6,15.5896,20.0,-4.4104,6,5,10,4
2.0,10,17,0,0,0,0,0,6,15.5896,20.0,-4.4104,6,5,10,4
2.0,10,18,0,0,0,0,0,6,15.5896,20.0,-4.4104,6,5,10,4
2.0,10,19,0,0,0,0,0,6,15.5896,20.0,-4.4104,6,5,10,4
2.0,10,20,0,0,0,0,0,6,15.5896,20.0,-4.4104,6,5,10,4
2.0,10,21,0,0,0,0,0,6,15.5896,20.0,-4.4104,6,5,10,4
2.0,10,22,0,0,0,0,0,6,15.5896,20.0,-4.4104,6,5,10,4
2.0,10,23,0,0,0,0,0,6,15.5896,20.0,-4.4104,6,5,10,4
2.0,10,24,0,0,0,0,0,6,15.5896,20.0,-4.4104,6,5,10,4
2.0,10,25,0,0,0,0,0,6,15.5896,20.0,-4.4104,6,5,10,4
2.0,10,26,0,0,0,0,0,6,15.5896,20.0,-4.4104,6,5,10,4
2.0,10,27,0,0,0,0,0,6,15.5896,20.0,-4.4104,6,5,10,4
2.0,10,28,0,0,0,0,0,6,15.5896,20.0,-4.4104,6,5,10,4
2.0,10,29,0,0,0,0,0,6,15.5896,20.0,-4.4104,6,5,10,4
2.0,10,30,0,0,0,0,0,6,15.5896,20.0,-4.4104,6,5,10,4
2.0,11,1,0,0,0,0,0,1,3.919,20.0,-16.081,7,5,11,10
2.0,11,2,0,0,0,0,0,2,7.7386,20.0,-12.2614,7,5,11,9
2.0,11,3,0,0,0,0,0,3,11.3623,20.0,-8.6377,7,5,11,8
2.0,11,4,0,0,0,0,0,4,14.6296,20.0,-5.3704,7,5,11,7
2.0,11,5,0,0,0,0,0,5,17.2995,20.0,-2.7005,7,5,11,6
2.0,11,6,0,0,0,0,0,6,19.0507,20.0,-0.9493,7,5,11,5
2.0,11,7,0,0,0,0,0,7,19.5086,20.0,-0.4914,7,5,11,4
2.0,11,8,0,0,0,0,0,7,19.5086,20.0,-0.4914,7,5,11,4
2.0,11,9,0,0,0,0,0,7,19.5086,20.0,-0.4914,7,5,11,4
2.0,11,10,0,0,0,0,0,7,19.5086,20.0,-0.4914,7,5,11,4
2.0,11,11,0,0,0,0,0,7,19.5086,20.0,-0.4914,7,5,11,4
2.0,11,12,0,0,0,0,0,7,19.5086,20.0,-0.4914,7,5,11,4
2.0,11,13,0,0,0,0,0,7,19.5086,20.0,-0.4914,7,5,11,4
2.0,11,14,0,0,0,0,0,7,19.5086,20.0,-0.4914,7,5,11,4
2.0,11,15,0,0,0,0,0,7,19.5086,20.0,-0.4914,7,5,11,4
2.0,11,16,0,0,0,0,0,7,19.5086,20.0,-0.4914,7,5,11,4
2.0,11,17,0,0,0,0,0,7,19.5086,20.0,-0.4914,7,5,11,4
2.0,11,18,0,0,0,0,0,7,19.5086,20.0,-0.4914,7,5,11,4
2.0,11,19,0,0,0,0,0,7,19.5086,20.0,-0.4914,7,5,11,4
2.0,11,20,0,0,0,0,0,7,19.5086,20.0,-0.4914,7,5,11,4
2.0,11,21,0,0,0,0,0,7,19.5086,20.0,-0.4914,7,5,11,4
2.0,11,22,0,0,0,0,0,7,19.5086,20.0,-0.4914,7,5,11,4
2.0,11,23,0,0,0,0,0,7,19.5086,20.0,-0.4914,7,5,11,4
2.0,11,24,0,0,0,0,0,7,19.5086,20.0,-0.4914,7,5,11,4
2.0,11,25,0,0,0,0,0,7,19.5086,20.0,-0.4914,7,5,11,4
2.0,11,26,0,0,0,0,0,7,19.5086,20.0,-0.4914,7,5,11,4
2.0,11,27,0,0,0,0,0,7,19.5086,20.0,-0.4914,7,5,11,4
2.0,11,28,0,0,0,0,0,7,19.5086,20.0,-0.4914,7,5,11,4
2.0,11,29,0,0,0,0,0,7,19.5086,20.0,-0.4914,7,5,11,4
2.0,11,30,0,0,0,0,0,7,19.5086,20.0,-0.4914,7,5,11,4
2.0,12,1,0,0,0,0,0,1,3.9659,20.0,-16.0341,8,5,12,11
2.0,12,2,0,0,0,0,0,2,7.8849,20.0,-12.1151,8,5,12,10
2.0,12,3,0,0,0,0,0,3,11.7044,20.0,-8.2956,8,5,12,9
2.0,12,4,0,0,0,0,0,4,15.3282,20.0,-4.6718,8,5,12,8
2.0,12,5,0,0,0,0,0,5,18.5954,20.0,-1.4046,8,5,12,7
2.0,12,6,6,6,0,1,1,6,21.2654,20.0,1.2654,8,5,6,6
2.0,12,7,7,7,0,1,1,7,23.0166,20.0,3.0166,8,5,5,5
2.0,12,8,8,8,0,1,1,8,23.4745,20.0,3.4745,8,5,4,4
2.0,12,9,8,8,0,1,1,8,23.4745,20.0,3.4745,8,5,4,4
2.0,12,10,8,8,0,1,1,8,23.4745,20.0,3.4745,8,5,4,4
2.0,12,11,8,8,0,1,1,8,23.4745,20.0,3.4745,8,5,4,4
2.0,12,12,8,8,0,1,1,8,23.4745,20.0,3.4745,8,5,4,4
2.0,12,13,8,8,0,1,1,8,23.4745,20.0,3.4745,8,5,4,4
2.0,12,14,8,8,0,1,1,8,23.4745,20.0,3.4745,8,5,4,4
2.0,12,15,8,8,0,1,1,8,23.4745,20.0,3.4745,8,5,4,4
2.0,12,16,8,8,0,1,1,8,23.4745,20.0,3.4745,8,5,4,4
2.0,12,17,8,8,0,1,1,8,23.4745,20.0,3.4745,8,5,4,4
2.0,12,18,8,8,0,1,1,8,23.4745,20.0,3.4745,8,5,4,4
2.0,12,19,8,8,0,1,1,8,23.4745,20.0,3.4745,8,5,4,4
2.0,12,20,8,8,0,1,1,8,23.4745,20.0,3.4745,8,5,4,4
2.0,12,21,8,8,0,1,1,8,23.4745,20.0,3.4745,8,5,4,4
2.0,12,22,8,8,0,1,1,8,23.4745,20.0,3.4745,8,5,4,4
2.0,12,23,8,8,0,1,1,8,23.4745,20.0,3.4745,8,5,4,4
2.0,12,24,8,8,0,1,1,8,23.4745,20.0,3.4745,8,5,4,4
2.0,12,25,8,8,0,1,1,8,23.4745,20.0,3.4745,8,5,4,4
2.0,12,26,8,8,0,1,1,8,23.4745,20.0,3.4745,8,5,4,4
2.0,12,27,8,8,0,1,1,8,23.4745,20.0,3.4745,8,5,4,4
2.0,12,28,8,8,0,1,1,8,23.4745,20.0,3.4745,8,5,4,4
2.0,12,29,8,8,0,1,1,8,23.4745,20.0,3.4745,8,5,4,4
2.0,12,30,8,8,0,1,1,8,23.4745,20.0,3.4745,8,5,4,4
2.0,13,1,0,0,0,0,0,1,3.9865,20.0,-16.0135,9,5,13,12
2.0,13,2,0,0,0,0,0,2,7.9524,20.0,-12.0476,9,5,13,11
2.0,13,3,0,0,0,0,0,3,11.8714,20.0,-8.1286,9,5,13,10
2.0,13,4,0,0,0,0,0,4,15.6909,20.0,-4.3091,9,5,13,9
2.0,13,5,0,0,0,0,0,5,19.3146,20.0,-0.6854,9,5,13,8
2.0,13,6,6,6,0,1,1,6,22.5819,20.0,2.5819,9,5,7,7
2.0,13,7,7,7,0,1,1,7,25.2518,20.0,5.2518,9,5,6,6
2.0,13,8,8,8,0,1,1,8,27.0031,20.0,7.0031,9,5,5,5
2.0,13,9,9,9,0,1,1,9,27.461,20.0,7.461,9,5,4,4
2.0,13,10,9,9,0,1,1,9,27.461,20.0,7.461,9,5,4,4
2.0,13,11,9,9,0,1,1,9,27.461,20.0,7.461,9,5,4,4
2.0,13,12,9,9,0,1,1,9,27.461,20.0,7.461,9,5,4,4
2.0,13,13,9,9,0,1,1,9,27.461,20.0,7.461,9,5,4,4
2.0,13,14,9,9,0,1,1,9,27.461,20.0,7.461,9,5,4,4
2.0,13,15,9,9,0,1,1,9,27.461,20.0,7.461,9,5,4,4
2.0,13,16,9,9,0,1,1,9,27.461,20.0,7.461,9,5,4,4
2.0,13,17,9,9,0,1,1,9,27.461,20.0,7.461,9,5,4,4
2.0,13,18,9,9,0,1,1,9,27.461,20.0,7.461,9,5,4,4
2.0,13,19,9,9,0,1,1,9,27.461,20.0,7.461,9,5,4,4
2.0,13,20,9,9,0,1,1,9,27.461,20.0,7.461,9,5,4,4
2.0,13,21,9,9,0,1,1,9,27.461,20.0,7.461,9,5,4,4
2.0,13,22,9,9,0,1,1,9,27.461,20.0,7.461,9,5,4,4
2.0,13,23,9,9,0,1,1,9,27.461,20.0,7.461,9,5,4,4
2.0,13,24,9,9,0,1,1,9,27.461,20.0,7.461,9,5,4,4
2.0,13,25,9,9,0,1,1,9,27.461,20.0,7.461,9,5,4,4
2.0,13,26,9,9,0,1,1,9,27.461,20.0,7.461,9,5,4,4
2.0,13,27,9,9,0,1,1,9,27.461,20.0,7.461,9,5,4,4
2.0,13,28,9,9,0,1,1,9,27.461,20.0,7.461,9,5,4,4
2.0,13,29,9,9,0,1,1,9,27.461,20.0,7.461,9,5,4,4
2.0,13,30,9,9,0,1,1,9,27.461,20.0,7.461,9,5,4,4
2.0,14,1,0,0,0,0,0,1,3.9949,20.0,-16.0051,10,5,14,13
2.0,14,2,0,0,0,0,0,2,7.9814,20.0,-12.0186,10,5,14,12
2.0,14,3,0,0,0,0,0,3,11.9473,20.0,-8.0527,10,5,14,11
2.0,14,4,0,0,0,0,0,4,15.8663,20.0,-4.1337,10,5,14,10
2.0,14,5,0,0,0,0,0,5,19.6859,20.0,-0.3141,10,5,14,9
2.0,14,6,6,6,0,1,1,6,23.3096,20.0,3.3096,10,5,8,8
2.0,14,7,7,7,0,1,1,7,26.5769,20.0,6.5769,10,5,7,7
2.0,14,8,8,8,0,1,1,8,29.2468,20.0,9.2468,10,5,6,6
2.0,14,9,9,9,0,1,1,9,30.9981,20.0,10.9981,10,5,5,5
2.0,14,10,10,10,0,1,1,10,31.4559,20.0,11.4559,10,5,4,4
2.0,14,11,10,10,0,1,1,10,31.4559,20.0,11.4559,10,5,4,4
2.0,14,12,10,10,0,1,1,10,31.4559,20.0,11.4559,10,5,4,4
2.0,14,13,10,10,0,1,1,10,31.4559,20.0,11.4559,10,5,4,4
2.0,14,14,10,10,0,1,1,10,31.4559,20.0,11.4559,10,5,4,4
2.0,14,15,10,10,0,1,1,10,31.4559,20.0,11.4559,10,5,4,4
2.0,14,16,10,10,0,1,1,10,31.4559,20.0,11.4559,10,5,4,4
2.0,14,17,10,10,0,1,1,10,31.4559,20.0,11.4559,10,5,4,4
2.0,14,18,10,10,0,1,1,10,31.4559,20.0,11.4559,10,5,4,4
2.0,14,19,10,10,0,1,1,10,31.4559,20.0,11.4559,10,5,4,4
2.0,14,20,10,10,0,1,1,10,31.4559,20.0,11.4559,10,5,4,4
2.0,14,21,10,10,0,1,1,10,31.4559,20.0,11.4559,10,5,4,4
2.0,14,22,10,10,0,1,1,10,31.4559,20.0,11.4559,10,5,4,4
2.0,14,23,10,10,0,1,1,10,31.4559,20.0,11.4559,10,5,4,4
2.0,14,24,10,10,0,1,1,10,31.4559,20.0,11.4559,10,5,4,4
2.0,14,25,10,10,0,1,1,10,31.4559,20.0,11.4559,10,5,4,4
2.0,14,26,10,10,0,1,1,10,31.4559,20.0,11.4559,10,5,4,4
2.0,14,27,10,10,0,1,1,10,31.4559,20.0,11.4559,10,5,4,4
2.0,14,28,10,10,0,1,1,10,31.4559,20.0,11.4559,10,5,4,4
2.0,14,29,10,10,0,1,1,10,31.4559,20.0,11.4559,10,5,4,4
2.0,14,30,10,10,0,1,1,10,31.4559,20.0,11.4559,10,5,4,4
2.0,15,1,0,0,0,0,0,1,3.9982,20.0,-16.0018,11,5,15,14
2.0,15,2,0,0,0,0,0,2,7.9932,20.0,-12.0068,11,5,15,13
2.0,15,3,0,0,0,0,0,3,11.9796,20.0,-8.0204,11,5,15,12
2.0,15,4,0,0,0,0,0,4,15.9455,20.0,-4.0545,11,5,15,11
2.0,15,5,0,0,0,0,0,5,19.8645,20.0,-0.1355,11,5,15,10
2.0,15,6,6,6,0,1,1,6,23.6841,20.0,3.6841,11,5,9,9
2.0,15,7,7,7,0,1,1,7,27.3078,20.0,7.3078,11,5,8,8
2.0,15,8,8,8,0,1,1,8,30.5751,20.0,10.5751,11,5,7,7
2.0,15,9,9,9,0,1,1,9,33.245,20.0,13.245,11,5,6,6
2.0,15,10,10,10,0,1,1,10,34.9963,20.0,14.9963,11,5,5,5
2.0,15,11,11,11,0,1,1,11,35.4541,20.0,15.4541,11,5,4,4
2.0,15,12,11,11,0,1,1,11,35.4541,20.0,15.4541,11,5,4,4
2.0,15,13,11,11,0,1,1,11,35.4541,20.0,15.4541,11,5,4,4
2.0,15,14,11,11,0,1,1,11,35.4541,20.0,15.4541,11,5,4,4
2.0,15,15,11,11,0,1,1,11,35.4541,20.0,15.4541,11,5,4,4
2.0,15,16,11,11,0,1,1,11,35.4541,20.0,15.4541,11,5,4,4
2.0,15,17,11,11,0,1,1,11,35.4541,20.0,15.4541,11,5,4,4
2.0,15,18,11,11,0,1,1,11,35.4541,20.0,15.4541,11,5,4,4
2.0,15,19,11,11,0,1,1,11,35.4541,20.0,15.4541,11,5,4,4
2.0,15,20,11,11,0,1,1,11,35.4541,20.0,15.4541,11,5,4,4
2.0,15,21,11,11,0,1,1,11,35.4541,20.0,15.4541,11,5,4,4
2.0,15,22,11,11,0,1,1,11,35.4541,20.0,15.4541,11,5,4,4
2.0,15,23,11,11,0,1,1,11,35.4541,20.0,15.4541,11,5,4,4
2.0,15,24,11,11,0,1,1,11,35.4541,20.0,15.4541,11,5,4,4
2.0,15,25,11,11,0,1,1,11,35.4541,20.0,15.4541,11,5,4,4
2.0,15,26,11,11,0,1,1,11,35.4541,20.0,15.4541,11,5,4,4
2.0,15,27,11,11,0,1,1,11,35.4541,20.0,15.4541,11,5,4,4
2.0,15,28,11,11,0,1,1,11,35.4541,20.0,15.4541,11,5,4,4
2.0,15,29,11,11,0,1,1,11,35.4541,20.0,15.4541,11,5,4,4
2.0,15,30,11,11,0,1,1,11,35.4541,20.0,15.4541,11,5,4,4
2.0,16,1,0,0,0,0,0,1,3.9994,20.0,-16.0006,12,5,16,15
2.0,16,2,0,0,0,0,0,2,7.9976,20.0,-12.0024,12,5,16,14
2.0,16,3,0,0,0,0,0,3,11.9926,20.0,-8.0074,12,5,16,13
2.0,16,4,0,0,0,0,0,4,15.979,20.0,-4.021,12,5,16,12
2.0,16,5,0,0,0,0,0,5,19.9449,20.0,-0.0551,12,5,16,11
2.0,16,6,6,6,0,1,1,6,23.8639,20.0,3.8639,12,5,10,10
2.0,16,7,7,7,0,1,1,7,27.6835,20.0,7.6835,12,5,9,9
2.0,16,8,8,8,0,1,1,8,31.3072,20.0,11.3072,12,5,8,8
2.0,16,9,9,9,0,1,1,9,34.5745,20.0,14.5745,12,5,7,7
2.0,16,10,10,10,0,1,1,10,37.2444,20.0,17.2444,12,5,6,6
2.0,16,11,11,11,0,1,1,11,38.9957,20.0,18.9957,12,5,5,5
2.0,16,12,12,12,0,1,1,12,39.4535,20.0,19.4535,12,5,4,4
2.0,16,13,12,12,0,1,1,12,39.4535,20.0,19.4535,12,5,4,4
2.0,16,14,12,12,0,1,1,12,39.4535,20.0,19.4535,12,5,4,4
2.0,16,15,12,12,0,1,1,12,39.4535,20.0,19.4535,12,5,4,4
2.0,16,16,12,12,0,1,1,12,39.4535,20.0,19.4535,12,5,4,4
2.0,16,17,12,12,0,1,1,12,39.4535,20.0,19.4535,12,5,4,4
2.0,16,18,12,12,0,1,1,12,39.4535,20.0,19.4535,12,5,4,4
2.0,16,19,12,12,0,1,1,12,39.4535,20.0,19.4535,12,5,4,4
2.0,16,20,12,12,0,1,1,12,39.4535,20.0,19.4535,12,5,4,4
2.0,16,21,12,12,0,1,1,12,39.4535,20.0,19.4535,12,5,4,4
2.0,16,22,12,12,0,1,1,12,39.4535,20.0,19.4535,12,5,4,4
2.0,16,23,12,12,0,1,1,12,39.4535,20.0,19.4535,12,5,4,4
2.0,16,24,12,12,0,1,1,12,39.4535,20.0,19.4535,12,5,4,4
2.0,16,25,12,12,0,1,1,12,39.4535,20.0,19.4535,12,5,4,4
2.0,16,26,12,12,0,1,1,12,39.4535,20.0,19.4535,12,5,4,4
2.0,16,27,12,12,0,1,1,12,39.4535,20.0,19.4535,12,5,4,4
2.0,16,28,12,12,0,1,1,12,39.4535,20.0,19.4535,12,5,4,4
2.0,16,29,12,12,0,1,1,12,39.4535,20.0,19.4535,12,5,4,4
2.0,16,30,12,12,0,1,1,12,39.4535,20.0,19.4535,12,5,4,4
2.0,17,1,0,0,0,0,0,1,3.9998,20.0,-16.0002,13,5,17,16
2.0,17,2,0,0,0,0,0,2,7.9992,20.0,-12.0008,13,5,17,15
2.0,17,3,0,0,0,0,0,3,11.9974,20.0,-8.0026,13,5,17,14
2.0,17,4,0,0,0,0,0,4,15.9924,20.0,-4.0076,13,5,17,13
2.0,17,5,0,0,0,0,0,5,19.9788,20.0,-0.0212,13,5,17,12
2.0,17,6,6,6,0,1,1,6,23.9447,20.0,3.9447,13,5,11,11
2.0,17,7,7,7,0,1,1,7,27.8637,20.0,7.8637,13,5,10,10
2.0,17,8,8,8,0,1,1,8,31.6833,20.0,11.6833,13,5,9,9
2.0,17,9,9,9,0,1,1,9,35.307,20.0,15.307,13,5,8,8
2.0,17,10,10,10,0,1,1,10,38.5743,20.0,18.5743,13,5,7,7
2.0,17,11,11,11,0,1,1,11,41.2442,20.0,21.2442,13,5,6,6
2.0,17,12,12,12,0,1,1,12,42.9955,20.0,22.9955,13,5,5,5
2.0,17,13,13,13,0,1,1,13,43.4533,20.0,23.4533,13,5,4,4
2.0,17,14,13,13,0,1,1,13,43.4533,20.0,23.4533,13,5,4,4
2.0,17,15,13,13,0,1,1,13,43.4533,20.0,23.4533,13,5,4,4
2.0,17,16,13,13,0,1,1,13,43.4533,20.0,23.4533,13,5,4,4
2.0,17,17,13,13,0,1,1,13,43.4533,20.0,23.4533,13,5,4,4
2.0,17,18,13,13,0,1,1,13,43.4533,20.0,23.4533,13,5,4,4
2.0,17,19,13,13,0,1,1,13,43.4533,20.0,23.4533,13,5,4,4
2.0,17,20,13,13,0,1,1,13,43.4533,20.0,23.4533,13,5,4,4
2.0,17,21,13,13,0,1,1,13,43.4533,20.0,23.4533,13,5,4,4
2.0,17,22,13,13,0,1,1,13,43.4533,20.0,23.4533,13,5,4,4
2.0,17,23,13,13,0,1,1,13,43.4533,20.0,23.4533,13,5,4,4
2.0,17,24,13,13,0,1,1,13,43.4533,20.0,23.4533,13,5,4,4
2.0,17,25,13,13,0,1,1,13,43.4533,20.0,23.4533,13,5,4,4
2.0,17,26,13,13,0,1,1,13,43.4533,20.0,23.4533,13,5,4,4
2.0,17,27,13,13,0,1,1,13,43.4533,20.0,23.4533,13,5,4,4
2.0,17,28,13,13,0,1,1,13,43.4533,20.0,23.4533,13,5,4,4
2.0,17,29,13,13,0,1,1,13,43.4533,20.0,23.4533,13,5,4,4
2.0,17,30,13,13,0,1,1,13,43.4533,20.0,23.4533,13,5,4,4
2.0,18,1,0,0,0,0,0,1,3.9999,20.0,-16.0001,14,5,18,17
2.0,18,2,0,0,0,0,0,2,7.9998,20.0,-12.0002,14,5,18,16
2.0,18,3,0,0,0,0,0,3,11.9992,20.0,-8.0008,14,5,18,15
2.0,18,4,0,0,0,0,0,4,15.9974,20.0,-4.0026,14,5,18,14
2.0,18,5,0,0,0,0,0,5,19.9923,20.0,-0.0077,14,5,18,13
2.0,18,6,6,6,0,1,1,6,23.9788,20.0,3.9788,14,5,12,12
2.0,18,7,7,7,0,1,1,7,27.9447,20.0,7.9447,14,5,11,11
2.0,18,8,8,8,0,1,1,8,31.8637,20.0,11.8637,14,5,10,10
2.0,18,9,9,9,0,1,1,9,35.6832,20.0,15.6832,14,5,9,9
2.0,18,10,10,10,0,1,1,10,39.307,20.0,19.307,14,5,8,8
2.0,18,11,11,11,0,1,1,11,42.5742,20.0,22.5742,14,5,7,7
2.0,18,12,12,12,0,1,1,12,45.2441,20.0,25.2441,14,5,6,6
2.0,18,13,13,13,0,1,1,13,46.9954,20.0,26.9954,14,5,5,5
2.0,18,14,14,14,0,1,1,14,47.4533,20.0,27.4533,14,5,4,4
2.0,18,15,14,14,0,1,1,14,47.4533,20.0,27.4533,14,5,4,4
2.0,18,16,14,14,0,1,1,14,47.4533,20.0,27.4533,14,5,4,4
2.0,18,17,14,14,0,1,1,14,47.4533,20.0,27.4533,14,5,4,4
2.0,18,18,14,14,0,1,1,14,47.4533,20.0,27.4533,14,5,4,4
2.0,18,19,14,14,0,1,1,14,47.4533,20.0,27.4533,14,5,4,4
2.0,18,20,14,14,0,1,1,14,47.4533,20.0,27.4533,14,5,4,4
2.0,18,21,14,14,0,1,1,14,47.4533,20.0,27.4533,14,5,4,4
2.0,18,22,14,14,0,1,1,14,47.4533,20.0,27.4533,14,5,4,4
2.0,18,23,14,14,0,1,1,14,47.4533,20.0,27.4533,14,5,4,4
2.0,18,24,14,14,0,1,1,14,47.4533,20.0,27.4533,14,5,4,4
2.0,18,25,14,14,0,1,1,14,47.4533,20.0,27.4533,14,5,4,4
2.0,18,26,14,14,0,1,1,14,47.4533,20.0,27.4533,14,5,4,4
2.0,18,27,14,14,0,1,1,14,47.4533,20.0,27.4533,14,5,4,4
2.0,18,28,14,14,0,1,1,14,47.4533,20.0,27.4533,14,5,4,4
2.0,18,29,14,14,0,1,1,14,47.4533,20.0,27.4533,14,5,4,4
2.0,18,30,14,14,0,1,1,14,47.4533,20.0,27.4533,14,5,4,4
2.0,19,1,0,0,0,0,0,1,4.0,20.0,-16.0,15,5,19,18
2.0,19,2,0,0,0,0,0,2,7.9999,20.0,-12.0001,15,5,19,17
2.0,19,3,0,0,0,0,0,3,11.9997,20.0,-8.0003,15,5,19,16
2.0,19,4,0,0,0,0,0,4,15.9991,20.0,-4.0009,15,5,19,15
2.0,19,5,0,0,0,0,0,5,19.9973,20.0,-0.0027,15,5,19,14
2.0,19,6,6,6,0,1,1,6,23.9923,20.0,3.9923,15,5,13,13
2.0,19,7,7,7,0,1,1,7,27.9788,20.0,7.9788,15,5,12,12
2.0,19,8,8,8,0,1,1,8,31.9447,20.0,11.9447,15,5,11,11
2.0,19,9,9,9,0,1,1,9,35.8637,20.0,15.8637,15,5,10,10
2.0,19,10,10,10,0,1,1,10,39.6832,20.0,19.6832,15,5,9,9
2.0,19,11,11,11,0,1,1,11,43.3069,20.0,23.3069,15,5,8,8
2.0,19,12,12,12,0,1,1,12,46.5742,20.0,26.5742,15,5,7,7
2.0,19,13,13,13,0,1,1,13,49.2441,20.0,29.2441,15,5,6,6
2.0,19,14,14,14,0,1,1,14,50.9954,20.0,30.9954,15,5,5,5
2.0,19,15,15,15,0,1,1,15,51.4533,20.0,31.4533,15,5,4,4
2.0,19,16,15,15,0,1,1,15,51.4533,20.0,31.4533,15,5,4,4
2.0,19,17,15,15,0,1,1,15,51.4533,20.0,31.4533,15,5,4,4
2.0,19,18,15,15,0,1,1,15,51.4533,20.0,31.4533,15,5,4,4
2.0,19,19,15,15,0,1,1,15,51.4533,20.0,31.4533,15,5,4,4
2.0,19,20,15,15,0,1,1,15,51.4533,20.0,31.4533,15,5,4,4
2.0,19,21,15,15,0,1,1,15,51.4533,20.0,31.4533,15,5,4,4
2.0,19,22,15,15,0,1,1,15,51.4533,20.0,31.4533,15,5,4,4
2.0,19,23,15,15,0,1,1,15,51.4533,20.0,31.4533,15,5,4,4
2.0,19,24,15,15,0,1,1,15,51.4533,20.0,31.4533,15,5,4,4
2.0,19,25,15,15,0,1,1,15,51.4533,20.0,31.4533,15,5,4,4
2.0,19,26,15,15,0,1,1,15,51.4533,20.0,31.4533,15,5,4,4
2.0,19,27,15,15,0,1,1,15,51.4533,20.0,31.4533,15,5,4,4
2.0,19,28,15,15,0,1,1,15,51.4533,20.0,31.4533,15,5,4,4
2.0,19,29,15,15,0,1,1,15,51.4533,20.0,31.4533,15,5,4,4
2.0,19,30,15,15,0,1,1,15,51.4533,20.0,31.4533,15,5,4,4
2.0,20,1,0,0,0,0,0,1,4.0,20.0,-16.0,16,5,20,19
2.0,20,2,0,0,0,0,0,2,8.0,20.0,-12.0,16,5,20,18
2.0,20,3,0,0,0,0,0,3,11.9999,20.0,-8.0001,16,5,20,17
2.0,20,4,0,0,0,0,0,4,15.9997,20.0,-4.0003,16,5,20,16
2.0,20,5,0,0,0,0,0,5,19.9991,20.0,-0.0009,16,5,20,15
2.0,20,6,6,6,0,1,1,6,23.9973,20.0,3.9973,16,5,14,14
2.0,20,7,7,7,0,1,1,7,27.9923,20.0,7.9923,16,5,13,13
2.0,20,8,8,8,0,1,1,8,31.9788,20.0,11.9788,16,5,12,12
2.0,20,9,9,9,0,1,1,9,35.9447,20.0,15.9447,16,5,11,11
2.0,20,10,10,10,0,1,1,10,39.8637,20.0,19.8637,16,5,10,10
2.0,20,11,11,11,0,1,1,11,43.6832,20.0,23.6832,16,5,9,9
2.0,20,12,12,12,0,1,1,12,47.3069,20.0,27.3069,16,5,8,8
2.0,20,13,13,13,0,1,1,13,50.5742,20.0,30.5742,16,5,7,7
2.0,20,14,14,14,0,1,1,14,53.2441,20.0,33.2441,16,5,6,6
2.0,20,15,15,15,0,1,1,15,54.9954,20.0,34.9954,16,5,5,5
2.0,20,16,16,16,0,1,1,16,55.4533,20.0,35.4533,16,5,4,4
2.0,20,17,16,16,0,1,1,16,55.4533,20.0,35.4533,16,5,4,4
2.0,20,18,16,16,0,1,1,16,55.4533,20.0,35.4533,16,5,4,4
2.0,20,19,16,16,0,1,1,16,55.4533,20.0,35.4533,16,5,4,4
2.0,20,20,16,16,0,1,1,16,55.4533,20.0,35.4533,16,5,4,4
2.0,20,21,16,16,0,1,1,16,55.4533,20.0,35.4533,16,5,4,4
2.0,20,22,16,16,0,1,1,16,55.4533,20.0,35.4533,16,5,4,4
2.0,20,23,16,16,0,1,1,16,55.4533,20.0,35.4533,16,5,4,4
2.0,20,24,16,16,0,1,1,16,55.4533,20.0,35.4533,16,5,4,4
2.0,20,25,16,16,0,1,1,16,55.4533,20.0,35.4533,16,5,4,4
2.0,20,26,16,16,0,1,1,16,55.4533,20.0,35.4533,16,5,4,4
2.0,20,27,16,16,0,1,1,16,55.4533,20.0,35.4533,16,5,4,4
2.0,20,28,16,16,0,1,1,16,55.4533,20.0,35.4533,16,5,4,4
2.0,20,29,16,16,0,1,1,16,55.4533,20.0,35.4533,16,5,4,4
2.0,20,30,16,16,0,1,1,16,55.4533,20.0,35.4533,16,5,4,4
2.0,21,1,0,0,0,0,0,1,4.0,20.0,-16.0,17,5,21,20
2.0,21,2,0,0,0,0,0,2,8.0,20.0,-12.0,17,5,21,19
2.0,21,3,0,0,0,0,0,3,12.0,20.0,-8.0,17,5,21,18
2.0,21,4,0,0,0,0,0,4,15.9999,20.0,-4.0001,17,5,21,17
2.0,21,5,0,0,0,0,0,5,19.9997,20.0,-0.0003,17,5,21,16
2.0,21,6,6,6,0,1,1,6,23.9991,20.0,3.9991,17,5,15,15
2.0,21,7,7,7,0,1,1,7,27.9973,20.0,7.9973,17,5,14,14
2.0,21,8,8,8,0,1,1,8,31.9923,20.0,11.9923,17,5,13,13
2.0,21,9,9,9,0,1,1,9,35.9788,20.0,15.9788,17,5,12,12
2.0,21,10,10,10,0,1,1,10,39.9447,20.0,19.9447,17,5,11,11
2.0,21,11,11,11,0,1,1,11,43.8637,20.0,23.8637,17,5,10,10
2.0,21,12,12,12,0,1,1,12,47.6832,20.0,27.6832,17,5,9,9
2.0,21,13,13,13,0,1,1,13,51.3069,20.0,31.3069,17,5,8,8
2.0,21,14,14,14,0,1,1,14,54.5742,20.0,34.5742,17,5,7,7
2.0,21,15,15,15,0,1,1,15,57.2441,20.0,37.2441,17,5,6,6
2.0,21,16,16,16,0,1,1,16,58.9954,20.0,38.9954,17,5,5,5
2.0,21,17,17,17,0,1,1,17,59.4533,20.0,39.4533,17,5,4,4
2.0,21,18,17,17,0,1,1,17,59.4533,20.0,39.4533,17,5,4,4
2.0,21,19,17,17,0,1,1,17,59.4533,20.0,39.4533,17,5,4,4
2.0,21,20,17,17,0,1,1,17,59.4533,20.0,39.4533,17,5,4,4
2.0,21,21,17,17,0,1,1,17,59.4533,20.0,39.4533,17,5,4,4
2.0,21,22,17,17,0,1,1,17,59.4533,20.0,39.4533,17,5,4,4
2.0,21,23,17,17,0,1,1,17,59.4533,20.0,39.4533,17,5,4,4
2.0,21,24,17,17,0,1,1,17,59.4533,20.0,39.4533,17,5,4,4
2.0,21,25,17,17,0,1,1,17,59.4533,20.0,39.4533,17,5,4,4
2.0,21,26,17,17,0,1,1,17,59.4533,20.0,39.4533,17,5,4,4
2.0,21,27,17,17,0,1,1,17,59.4533,20.0,39.4533,17,5,4,4
2.0,21,28,17,17,0,1,1,17,59.4533,20.0,39.4533,17,5,4,4
2.0,21,29,17,17,0,1,1,17,59.4533,20.0,39.4533,17,5,4,4
2.0,21,30,17,17,0,1,1,17,59.4533,20.0,39.4533,17,5,4,4
2.0,22,1,0,0,0,0,0,1,4.0,20.0,-16.0,18,5,22,21
2.0,22,2,0,0,0,0,0,2,8.0,20.0,-12.0,18,5,22,20
2.0,22,3,0,0,0,0,0,3,12.0,20.0,-8.0,18,5,22,19
2.0,22,4,0,0,0,0,0,4,16.0,20.0,-4.0,18,5,22,18
2.0,22,5,0,0,0,0,0,5,19.9999,20.0,-0.0001,18,5,22,17
2.0,22,6,6,6,0,1,1,6,23.9997,20.0,3.9997,18,5,16,16
2.0,22,7,7,7,0,1,1,7,27.9991,20.0,7.9991,18,5,15,15
2.0,22,8,8,8,0,1,1,8,31.9973,20.0,11.9973,18,5,14,14
2.0,22,9,9,9,0,1,1,9,35.9923,20.0,15.9923,18,5,13,13
2.0,22,10,10,10,0,1,1,10,39.9788,20.0,19.9788,18,5,12,12
2.0,22,11,11,11,0,1,1,11,43.9447,20.0,23.9447,18,5,11,11
2.0,22,12,12,12,0,1,1,12,47.8637,20.0,27.8637,18,5,10,10
2.0,22,13,13,13,0,1,1,13,51.6832,20.0,31.6832,18,5,9,9
2.0,22,14,14,14,0,1,1,14,55.3069,20.0,35.3069,18,5,8,8
2.0,22,15,15,15,0,1,1,15,58.5742,20.0,38.5742,18,5,7,7
2.0,22,16,16,16,0,1,1,16,61.2441,20.0,41.2441,18,5,6,6
2.0,22,17,17,17,0,1,1,17,62.9954,20.0,42.9954,18,5,5,5
2.0,22,18,18,18,0,1,1,18,63.4533,20.0,43.4533,18,5,4,4
2.0,22,19,18,18,0,1,1,18,63.4533,20.0,43.4533,18,5,4,4
2.0,22,20,18,18,0,1,1,18,63.4533,20.0,43.4533,18,5,4,4
2.0,22,21,18,18,0,1,1,18,63.4533,20.0,43.4533,18,5,4,4
2.0,22,22,18,18,0,1,1,18,63.4533,20.0,43.4533,18,5,4,4
2.0,22,23,18,18,0,1,1,18,63.4533,20.0,43.4533,18,5,4,4
2.0,22,24,18,18,0,1,1,18,63.4533,20.0,43.4533,18,5,4,4
2.0,22,25,18,18,0,1,1,18,63.4533,20.0,43.4533,18,5,4,4
2.0,22,26,18,18,0,1,1,18,63.4533,20.0,43.4533,18,5,4,4
2.0,22,27,18,18,0,1,1,18,63.4533,20.0,43.4533,18,5,4,4
2.0,22,28,18,18,0,1,1,18,63.4533,20.0,43.4533,18,5,4,4
2.0,22,29,18,18,0,1,1,18,63.4533,20.0,43.4533,18,5,4,4
2.0,22,30,18,18,0,1,1,18,63.4533,20.0,43.4533,18,5,4,4
2.0,23,1,0,0,0,0,0,1,4.0,20.0,-16.0,19,5,23,22
2.0,23,2,0,0,0,0,0,2,8.0,20.0,-12.0,19,5,23,21
2.0,23,3,0,0,0,0,0,3,12.0,20.0,-8.0,19,5,23,20
2.0,23,4,0,0,0,0,0,4,16.0,20.0,-4.0,19,5,23,19
2.0,23,5,0,0,0,0,0,5,20.0,20.0,-0.0,19,5,23,18
2.0,23,6,6,6,0,1,1,6,23.9999,20.0,3.9999,19,5,17,17
2.0,23,7,7,7,0,1,1,7,27.9997,20.0,7.9997,19,5,16,16
2.0,23,8,8,8,0,1,1,8,31.9991,20.0,11.9991,19,5,15,15
2.0,23,9,9,9,0,1,1,9,35.9973,20.0,15.9973,19,5,14,14
2.0,23,10,10,10,0,1,1,10,39.9923,20.0,19.9923,19,5,13,13
2.0,23,11,11,11,0,1,1,11,43.9788,20.0,23.9788,19,5,12,12
2.0,23,12,12,12,0,1,1,12,47.9447,20.0,27.9447,19,5,11,11
2.0,23,13,13,13,0,1,1,13,51.8637,20.0,31.8637,19,5,10,10
2.0,23,14,14,14,0,1,1,14,55.6832,20.0,35.6832,19,5,9,9
2.0,23,15,15,15,0,1,1,15,59.3069,20.0,39.3069,19,5,8,8
2.0,23,16,16,16,0,1,1,16,62.5742,20.0,42.5742,19,5,7,7
2.0,23,17,17,17,0,1,1,17,65.2441,20.0,45.2441,19,5,6,6
2.0,23,18,18,18,0,1,1,18,66.9954,20.0,46.9954,19,5,5,5
2.0,23,19,19,19,0,1,1,19,67.4533,20.0,47.4533,19,5,4,4
2.0,23,20,19,19,0,1,1,19,67.4533,20.0,47.4533,19,5,4,4
2.0,23,21,19,19,0,1,1,19,67.4533,20.0,47.4533,19,5,4,4
2.0,23,22,19,19,0,1,1,19,67.4533,20.0,47.4533,19,5,4,4
2.0,23,23,19,19,0,1,1,19,67.4533,20.0,47.4533,19,5,4,4
2.0,23,24,19,19,0,1,1,19,67.4533,20.0,47.4533,19,5,4,4
2.0,23,25,19,19,0,1,1,19,67.4533,20.0,47.4533,19,5,4,4
2.0,23,26,19,19,0,1,1,19,67.4533,20.0,47.4533,19,5,4,4
2.0,23,27,19,19,0,1,1,19,67.4533,20.0,47.4533,19,5,4,4
2.0,23,28,19,19,0,1,1,19,67.4533,20.0,47.4533,19,5,4,4
2.0,23,29,19,19,0,1,1,19,67.4533,20.0,47.4533,19,5,4,4
2.0,23,30,19,19,0,1,1,19,67.4533,20.0,47.4533,19,5,4,4
2.0,24,1,0,0,0,0,0,1,4.0,20.0,-16.0,20,5,24,23
2.0,24,2,0,0,0,0,0,2,8.0,20.0,-12.0,20,5,24,22
2.0,24,3,0,0,0,0,0,3,12.0,20.0,-8.0,20,5,24,21
2.0,24,4,0,0,0,0,0,4,16.0,20.0,-4.0,20,5,24,20
2.0,24,5,0,0,0,0,0,5,20.0,20.0,-0.0,20,5,24,19
2.0,24,6,6,6,0,1,1,6,24.0,20.0,4.0,20,5,18,18
2.0,24,7,7,7,0,1,1,7,27.9999,20.0,7.9999,20,5,17,17
2.0,24,8,8,8,0,1,1,8,31.9997,20.0,11.9997,20,5,16,16
2.0,24,9,9,9,0,1,1,9,35.9991,20.0,15.9991,20,5,15,15
2.0,24,10,10,10,0,1,1,10,39.9973,20.0,19.9973,20,5,14,14
2.0,24,11,11,11,0,1,1,11,43.9923,20.0,23.9923,20,5,13,13
2.0,24,12,12,12,0,1,1,12,47.9788,20.0,27.9788,20,5,12,12
2.0,24,13,13,13,0,1,1,13,51.9447,20.0,31.9447,20,5,11,11
2.0,24,14,14,14,0,1,1,14,55.8637,20.0,35.8637,20,5,10,10
2.0,24,15,15,15,0,1,1,15,59.6832,20.0,39.6832,20,5,9,9
2.0,24,16,16,16,0,1,1,16,63.3069,20.0,43.3069,20,5,8,8
2.0,24,17,17,17,0,1,1,17,66.5742,20.0,46.5742,20,5,7,7
2.0,24,18,18,18,0,1,1,18,69.2441,20.0,49.2441,20,5,6,6
2.0,24,19,19,19,0,1,1,19,70.9954,20.0,50.9954,20,5,5,5
2.0,24,20,20,20,0,1,1,20,71.4533,20.0,51.4533,20,5,4,4
2.0,24,21,20,20,0,1,1,20,71.4533,20.0,51.4533,20,5,4,4
2.0,24,22,20,20,0,1,1,20,71.4533,20.0,51.4533,20,5,4,4
2.0,24,23,20,20,0,1,1,20,71.4533,20.0,51.4533,20,5,4,4
2.0,24,24,20,20,0,1,1,20,71.4533,20.0,51.4533,20,5,4,4
2.0,24,25,20,20,0,1,1,20,71.4533,20.0,51.4533,20,5,4,4
2.0,24,26,20,20,0,1,1,20,71.4533,20.0,51.4533,20,5,4,4
2.0,24,27,20,20,0,1,1,20,71.4533,20.0,51.4533,20,5,4,4
2.0,24,28,20,20,0,1,1,20,71.4533,20.0,51.4533,20,5,4,4
2.0,24,29,20,20,0,1,1,20,71.4533,20.0,51.4533,20,5,4,4
2.0,24,30,20,20,0,1,1,20,71.4533,20.0,51.4533,20,5,4,4
2.0,25,1,0,0,0,0,0,1,4.0,20.0,-16.0,21,5,25,24
2.0,25,2,0,0,0,0,0,2,8.0,20.0,-12.0,21,5,25,23
2.0,25,3,0,0,0,0,0,3,12.0,20.0,-8.0,21,5,25,22
2.0,25,4,0,0,0,0,0,4,16.0,20.0,-4.0,21,5,25,21
2.0,25,5,0,0,0,0,0,5,20.0,20.0,-0.0,21,5,25,20
2.0,25,6,6,6,0,1,1,6,24.0,20.0,4.0,21,5,19,19
2.0,25,7,7,7,0,1,1,7,28.0,20.0,8.0,21,5,18,18
2.0,25,8,8,8,0,1,1,8,31.9999,20.0,11.9999,21,5,17,17
2.0,25,9,9,9,0,1,1,9,35.9997,20.0,15.9997,21,5,16,16
2.0,25,10,10,10,0,1,1,10,39.9991,20.0,19.9991,21,5,15,15
2.0,25,11,11,11,0,1,1,11,43.9973,20.0,23.9973,21,5,14,14
2.0,25,12,12,12,0,1,1,12,47.9923,20.0,27.9923,21,5,13,13
2.0,25,13,13,13,0,1,1,13,51.9788,20.0,31.9788,21,5,12,12
2.0,25,14,14,14,0,1,1,14,55.9447,20.0,35.9447,21,5,11,11
2.0,25,15,15,15,0,1,1,15,59.8637,20.0,39.8637,21,5,10,10
2.0,25,16,16,16,0,1,1,16,63.6832,20.0,43.6832,21,5,9,9
2.0,25,17,17,17,0,1,1,17,67.3069,20.0,47.3069,21,5,8,8
2.0,25,18,18,18,0,1,1,18,70.5742,20.0,50.5742,21,5,7,7
2.0,25,19,19,19,0,1,1,19,73.2441,20.0,53.2441,21,5,6,6
2.0,25,20,20,20,0,1,1,20,74.9954,20.0,54.9954,21,5,5,5
2.0,25,21,21,21,0,1,1,21,75.4533,20.0,55.4533,21,5,4,4
2.0,25,22,21,21,0,1,1,21,75.4533,20.0,55.4533,21,5,4,4
2.0,25,23,21,21,0,1,1,21,75.4533,20.0,55.4533,21,5,4,4
2.0,25,24,21,21,0,1,1,21,75.4533,20.0,55.4533,21,5,4,4
2.0,25,25,21,21,0,1,1,21,75.4533,20.0,55.4533,21,5,4,4
2.0,25,26,21,21,0,1,1,21,75.4533,20.0,55.4533,21,5,4,4
2.0,25,27,21,21,0,1,1,21,75.4533,20.0,55.4533,21,5,4,4
2.0,25,28,21,21,0,1,1,21,75.4533,20.0,55.4533,21,5,4,4
2.0,25,29,21,21,0,1,1,21,75.4533,20.0,55.4533,21,5,4,4
2.0,25,30,21,21,0,1,1,21,75.4533,20.0,55.4533,21,5,4,4
2.0,26,1,0,0,0,0,0,1,4.0,20.0,-16.0,22,5,26,25
2.0,26,2,0,0,0,0,0,2,8.0,20.0,-12.0,22,5,26,24
2.0,26,3,0,0,0,0,0,3,12.0,20.0,-8.0,22,5,26,23
2.0,26,4,0,0,0,0,0,4,16.0,20.0,-4.0,22,5,26,22
2.0,26,5,0,0,0,0,0,5,20.0,20.0,-0.0,22,5,26,21
2.0,26,6,6,6,0,1,1,6,24.0,20.0,4.0,22,5,20,20
2.0,26,7,7,7,0,1,1,7,28.0,20.0,8.0,22,5,19,19
2.0,26,8,8,8,0,1,1,8,32.0,20.0,12.0,22,5,18,18
2.0,26,9,9,9,0,1,1,9,35.9999,20.0,15.9999,22,5,17,17
2.0,26,10,10,10,0,1,1,10,39.9997,20.0,19.9997,22,5,16,16
2.0,26,11,11,11,0,1,1,11,43.9991,20.0,23.9991,22,5,15,15
2.0,26,12,12,12,0,1,1,12,47.9973,20.0,27.9973,22,5,14,14
2.0,26,13,13,13,0,1,1,13,51.9923,20.0,31.9923,22,5,13,13
2.0,26,14,14,14,0,1,1,14,55.9788,20.0,35.9788,22,5,12,12
2.0,26,15,15,15,0,1,1,15,59.9447,20.0,39.9447,22,5,11,11
2.0,26,16,16,16,0,1,1,16,63.8637,20.0,43.8637,22,5,10,10
2.0,26,17,17,17,0,1,1,17,67.6832,20.0,47.6832,22,5,9,9
2.0,26,18,18,18,0,1,1,18,71.3069,20.0,51.3069,22,5,8,8
2.0,26,19,19,19,0,1,1,19,74.5742,20.0,54.5742,22,5,7,7
2.0,26,20,20,20,0,1,1,20,77.2441,20.0,57.2441,22,5,6,6
2.0,26,21,21,21,0,1,1,21,78.9954,20.0,58.9954,22,5,5,5
2.0,26,22,22,22,0,1,1,22,79.4533,20.0,59.4533,22,5,4,4
2.0,26,23,22,22,0,1,1,22,79.4533,20.0,59.4533,22,5,4,4
2.0,26,24,22,22,0,1,1,22,79.4533,20.0,59.4533,22,5,4,4
2.0,26,25,22,22,0,1,1,22,79.4533,20.0,59.4533,22,5,4,4
2.0,26,26,22,22,0,1,1,22,79.4533,20.0,59.4533,22,5,4,4
2.0,26,27,22,22,0,1,1,22,79.4533,20.0,59.4533,22,5,4,4
2.0,26,28,22,22,0,1,1,22,79.4533,20.0,59.4533,22,5,4,4
2.0,26,29,22,22,0,1,1,22,79.4533,20.0,59.4533,22,5,4,4
2.0,26,30,22,22,0,1,1,22,79.4533,20.0,59.4533,22,5,4,4
2.0,27,1,0,0,0,0,0,1,4.0,20.0,-16.0,23,5,27,26
2.0,27,2,0,0,0,0,0,2,8.0,20.0,-12.0,23,5,27,25
2.0,27,3,0,0,0,0,0,3,12.0,20.0,-8.0,23,5,27,24
2.0,27,4,0,0,0,0,0,4,16.0,20.0,-4.0,23,5,27,23
2.0,27,5,0,0,0,0,0,5,20.0,20.0,-0.0,23,5,27,22
2.0,27,6,6,6,0,1,1,6,24.0,20.0,4.0,23,5,21,21
2.0,27,7,7,7,0,1,1,7,28.0,20.0,8.0,23,5,20,20
2.0,27,8,8,8,0,1,1,8,32.0,20.0,12.0,23,5,19,19
2.0,27,9,9,9,0,1,1,9,36.0,20.0,16.0,23,5,18,18
2.0,27,10,10,10,0,1,1,10,39.9999,20.0,19.9999,23,5,17,17
2.0,27,11,11,11,0,1,1,11,43.9997,20.0,23.9997,23,5,16,16
2.0,27,12,12,12,0,1,1,12,47.9991,20.0,27.9991,23,5,15,15
2.0,27,13,13,13,0,1,1,13,51.9973,20.0,31.9973,23,5,14,14
2.0,27,14,14,14,0,1,1,14,55.9923,20.0,35.9923,23,5,13,13
2.0,27,15,15,15,0,1,1,15,59.9788,20.0,39.9788,23,5,12,12
2.0,27,16,16,16,0,1,1,16,63.9447,20.0,43.9447,23,5,11,11
2.0,27,17,17,17,0,1,1,17,67.8637,20.0,47.8637,23,5,10,10
2.0,27,18,18,18,0,1,1,18,71.6832,20.0,51.6832,23,5,9,9
2.0,27,19,19,19,0,1,1,19,75.3069,20.0,55.3069,23,5,8,8
2.0,27,20,20,20,0,1,1,20,78.5742,20.0,58.5742,23,5,7,7
2.0,27,21,21,21,0,1,1,21,81.2441,20.0,61.2441,23,5,6,6
2.0,27,22,22,22,0,1,1,22,82.9954,20.0,62.9954,23,5,5,5
2.0,27,23,23,23,0,1,1,23,83.4533,20.0,63.4533,23,5,4,4
2.0,27,24,23,23,0,1,1,23,83.4533,20.0,63.4533,23,5,4,4
2.0,27,25,23,23,0,1,1,23,83.4533,20.0,63.4533,23,5,4,4
2.0,27,26,23,23,0,1,1,23,83.4533,20.0,63.4533,23,5,4,4
2.0,27,27,23,23,0,1,1,23,83.4533,20.0,63.4533,23,5,4,4
2.0,27,28,23,23,0,1,1,23,83.4533,20.0,63.4533,23,5,4,4
2.0,27,29,23,23,0,1,1,23,83.4533,20.0,63.4533,23,5,4,4
2.0,27,30,23,23,0,1,1,23,83.4533,20.0,63.4533,23,5,4,4
2.0,28,1,0,0,0,0,0,1,4.0,20.0,-16.0,24,5,28,27
2.0,28,2,0,0,0,0,0,2,8.0,20.0,-12.0,24,5,28,26
2.0,28,3,0,0,0,0,0,3,12.0,20.0,-8.0,24,5,28,25
2.0,28,4,0,0,0,0,0,4,16.0,20.0,-4.0,24,5,28,24
2.0,28,5,0,0,0,0,0,5,20.0,20.0,-0.0,24,5,28,23
2.0,28,6,6,6,0,1,1,6,24.0,20.0,4.0,24,5,22,22
2.0,28,7,7,7,0,1,1,7,28.0,20.0,8.0,24,5,21,21
2.0,28,8,8,8,0,1,1,8,32.0,20.0,12.0,24,5,20,20
2.0,28,9,9,9,0,1,1,9,36.0,20.0,16.0,24,5,19,19
2.0,28,10,10,10,0,1,1,10,40.0,20.0,20.0,24,5,18,18
2.0,28,11,11,11,0,1,1,11,43.9999,20.0,23.9999,24,5,17,17
2.0,28,12,12,12,0,1,1,12,47.9997,20.0,27.9997,24,5,16,16
2.0,28,13,13,13,0,1,1,13,51.9991,20.0,31.9991,24,5,15,15
2.0,28,14,14,14,0,1,1,14,55.9973,20.0,35.9973,24,5,14,14
2.0,28,15,15,15,0,1,1,15,59.9923,20.0,39.9923,24,5,13,13
2.0,28,16,16,16,0,1,1,16,63.9788,20.0,43.9788,24,5,12,12
2.0,28,17,17,17,0,1,1,17,67.9447,20.0,47.9447,24,5,11,11
2.0,28,18,18,18,0,1,1,18,71.8637,20.0,51.8637,24,5,10,10
2.0,28,19,19,19,0,1,1,19,75.6832,20.0,55.6832,24,5,9,9
2.0,28,20,20,20,0,1,1,20,79.3069,20.0,59.3069,24,5,8,8
2.0,28,21,21,21,0,1,1,21,82.5742,20.0,62.5742,24,5,7,7
2.0,28,22,22,22,0,1,1,22,85.2441,20.0,65.2441,24,5,6,6
2.0,28,23,23,23,0,1,1,23,86.9954,20.0,66.9954,24,5,5,5
2.0,28,24,24,24,0,1,1,24,87.4533,20.0,67.4533,24,5,4,4
2.0,28,25,24,24,0,1,1,24,87.4533,20.0,67.4533,24,5,4,4
2.0,28,26,24,24,0,1,1,24,87.4533,20.0,67.4533,24,5,4,4
2.0,28,27,24,24,0,1,1,24,87.4533,20.0,67.4533,24,5,4,4
2.0,28,28,24,24,0,1,1,24,87.4533,20.0,67.4533,24,5,4,4
2.0,28,29,24,24,0,1,1,24,87.4533,20.0,67.4533,24,5,4,4
2.0,28,30,24,24,0,1,1,24,87.4533,20.0,67.4533,24,5,4,4
2.0,29,1,0,0,0,0,0,1,4.0,20.0,-16.0,25,5,29,28
2.0,29,2,0,0,0,0,0,2,8.0,20.0,-12.0,25,5,29,27
2.0,29,3,0,0,0,0,0,3,12.0,20.0,-8.0,25,5,29,26
2.0,29,4,0,0,0,0,0,4,16.0,20.0,-4.0,25,5,29,25
2.0,29,5,0,0,0,0,0,5,20.0,20.0,-0.0,25,5,29,24
2.0,29,6,6,6,0,1,1,6,24.0,20.0,4.0,25,5,23,23
2.0,29,7,7,7,0,1,1,7,28.0,20.0,8.0,25,5,22,22
2.0,29,8,8,8,0,1,1,8,32.0,20.0,12.0,25,5,21,21
2.0,29,9,9,9,0,1,1,9,36.0,20.0,16.0,25,5,20,20
2.0,29,10,10,10,0,1,1,10,40.0,20.0,20.0,25,5,19,19
2.0,29,11,11,11,0,1,1,11,44.0,20.0,24.0,25,5,18,18
2.0,29,12,12,12,0,1,1,12,47.9999,20.0,27.9999,25,5,17,17
2.0,29,13,13,13,0,1,1,13,51.9997,20.0,31.9997,25,5,16,16
2.0,29,14,14,14,0,1,1,14,55.9991,20.0,35.9991,25,5,15,15
2.0,29,15,15,15,0,1,1,15,59.9973,20.0,39.9973,25,5,14,14
2.0,29,16,16,16,0,1,1,16,63.9923,20.0,43.9923,25,5,13,13
2.0,29,17,17,17,0,1,1,17,67.9788,20.0,47.9788,25,5,12,12
2.0,29,18,18,18,0,1,1,18,71.9447,20.0,51.9447,25,5,11,11
2.0,29,19,19,19,0,1,1,19,75.8637,20.0,55.8637,25,5,10,10
2.0,29,20,20,20,0,1,1,20,79.6832,20.0,59.6832,25,5,9,9
2.0,29,21,21,21,0,1,1,21,83.3069,20.0,63.3069,25,5,8,8
2.0,29,22,22,22,0,1,1,22,86.5742,20.0,66.5742,25,5,7,7
2.0,29,23,23,23,0,1,1,23,89.2441,20.0,69.2441,25,5,6,6
2.0,29,24,24,24,0,1,1,24,90.9954,20.0,70.9954,25,5,5,5
2.0,29,25,25,25,0,1,1,25,91.4533,20.0,71.4533,25,5,4,4
2.0,29,26,25,25,0,1,1,25,91.4533,20.0,71.4533,25,5,4,4
2.0,29,27,25,25,0,1,1,25,91.4533,20.0,71.4533,25,5,4,4
2.0,29,28,25,25,0,1,1,25,91.4533,20.0,71.4533,25,5,4,4
2.0,29,29,25,25,0,1,1,25,91.4533,20.0,71.4533,25,5,4,4
2.0,29,30,25,25,0,1,1,25,91.4533,20.0,71.4533,25,5,4,4
2.0,30,1,0,0,0,0,0,1,4.0,20.0,-16.0,26,5,30,29
2.0,30,2,0,0,0,0,0,2,8.0,20.0,-12.0,26,5,30,28
2.0,30,3,0,0,0,0,0,3,12.0,20.0,-8.0,26,5,30,27
2.0,30,4,0,0,0,0,0,4,16.0,20.0,-4.0,26,5,30,26
2.0,30,5,0,0,0,0,0,5,20.0,20.0,-0.0,26,5,30,25
2.0,30,6,6,6,0,1,1,6,24.0,20.0,4.0,26,5,24,24
2.0,30,7,7,7,0,1,1,7,28.0,20.0,8.0,26,5,23,23
2.0,30,8,8,8,0,1,1,8,32.0,20.0,12.0,26,5,22,22
2.0,30,9,9,9,0,1,1,9,36.0,20.0,16.0,26,5,21,21
2.0,30,10,10,10,0,1,1,10,40.0,20.0,20.0,26,5,20,20
2.0,30,11,11,11,0,1,1,11,44.0,20.0,24.0,26,5,19,19
2.0,30,12,12,12,0,1,1,12,48.0,20.0,28.0,26,5,18,18
2.0,30,13,13,13,0,1,1,13,51.9999,20.0,31.9999,26,5,17,17
2.0,30,14,14,14,0,1,1,14,55.9997,20.0,35.9997,26,5,16,16
2.0,30,15,15,15,0,1,1,15,59.9991,20.0,39.9991,26,5,15,15
2.0,30,16,16,16,0,1,1,16,63.9973,20.0,43.9973,26,5,14,14
2.0,30,17,17,17,0,1,1,17,67.9923,20.0,47.9923,26,5,13,13
2.0,30,18,18,18,0,1,1,18,71.9788,20.0,51.9788,26,5,12,12
2.0,30,19,19,19,0,1,1,19,75.9447,20.0,55.9447,26,5,11,11
2.0,30,20,20,20,0,1,1,20,79.8637,20.0,59.8637,26,5,10,10
2.0,30,21,21,21,0,1,1,21,83.6832,20.0,63.6832,26,5,9,9
2.0,30,22,22,22,0,1,1,22,87.3069,20.0,67.3069,26,5,8,8
2.0,30,23,23,23,0,1,1,23,90.5742,20.0,70.5742,26,5,7,7
2.0,30,24,24,24,0,1,1,24,93.2441,20.0,73.2441,26,5,6,6
2.0,30,25,25,25,0,1,1,25,94.9954,20.0,74.9954,26,5,5,5
2.0,30,26,26,26,0,1,1,26,95.4533,20.0,75.4533,26,5,4,4
2.0,30,27,26,26,0,1,1,26,95.4533,20.0,75.4533,26,5,4,4
2.0,30,28,26,26,0,1,1,26,95.4533,20.0,75.4533,26,5,4,4
2.0,30,29,26,26,0,1,1,26,95.4533,20.0,75.4533,26,5,4,4
2.0,30,30,26,26,0,1,1,26,95.4533,20.0,75.4533,26,5,4,4
3.0,1,1,0,0,0,0,0,0,0.0,20.0,-20.0,0,5,1,4
3.0,1,2,0,0,0,0,0,0,0.0,20.0,-20.0,0,5,1,4
3.0,1,3,0,0,0,0,0,0,0.0,20.0,-20.0,0,5,1,4
3.0,1,4,0,0,0,0,0,0,0.0,20.0,-20.0,0,5,1,4
3.0,1,5,0,0,0,0,0,0,0.0,20.0,-20.0,0,5,1,4
3.0,1,6,0,0,0,0,0,0,0.0,20.0,-20.0,0,5,1,4
3.0,1,7,0,0,0,0,0,0,0.0,20.0,-20.0,0,5,1,4
3.0,1,8,0,0,0,0,0,0,0.0,20.0,-20.0,0,5,1,4
3.0,1,9,0,0,0,0,0,0,0.0,20.0,-20.0,0,5,1,4
3.0,1,10,0,0,0,0,0,0,0.0,20.0,-20.0,0,5,1,4
3.0,1,11,0,0,0,0,0,0,0.0,20.0,-20.0,0,5,1,4
3.0,1,12,0,0,0,0,0,0,0.0,20.0,-20.0,0,5,1,4
3.0,1,13,0,0,0,0,0,0,0.0,20.0,-20.0,0,5,1,4
3.0,1,14,0,0,0,0,0,0,0.0,20.0,-20.0,0,5,1,4
3.0,1,15,0,0,0,0,0,0,0.0,20.0,-20.0,0,5,1,4
3.0,1,16,0,0,0,0,0,0,0.0,20.0,-20.0,0,5,1,4
3.0,1,17,0,0,0,0,0,0,0.0,20.0,-20.0,0,5,1,4
3.0,1,18,0,0,0,0,0,0,0.0,20.0,-20.0,0,5,1,4
3.0,1,19,0,0,0,0,0,0,0.0,20.0,-20.0,0,5,1,4
3.0,1,20,0,0,0,0,0,0,0.0,20.0,-20.0,0,5,1,4
3.0,1,21,0,0,0,0,0,0,0.0,20.0,-20.0,0,5,1,4
3.0,1,22,0,0,0,0,0,0,0.0,20.0,-20.0,0,5,1,4
3.0,1,23,0,0,0,0,0,0,0.0,20.0,-20.0,0,5,1,4
3.0,1,24,0,0,0,0,0,0,0.0,20.0,-20.0,0,5,1,4
3.0,1,25,0,0,0,0,0,0,0.0,20.0,-20.0,0,5,1,4
3.0,1,26,0,0,0,0,0,0,0.0,20.0,-20.0,0,5,1,4
3.0,1,27,0,0,0,0,0,0,0.0,20.0,-20.0,0,5,1,4
3.0,1,28,0,0,0,0,0,0,0.0,20.0,-20.0,0,5,1,4
3.0,1,29,0,0,0,0,0,0,0.0,20.0,-20.0,0,5,1,4
3.0,1,30,0,0,0,0,0,0,0.0,20.0,-20.0,0,5,1,4
3.0,2,1,0,0,0,0,0,0,0.0,20.0,-20.0,0,5,2,4
3.0,2,2,0,0,0,0,0,0,0.0,20.0,-20.0,0,5,2,4
3.0,2,3,0,0,0,0,0,0,0.0,20.0,-20.0,0,5,2,4
3.0,2,4,0,0,0,0,0,0,0.0,20.0,-20.0,0,5,2,4
3.0,2,5,0,0,0,0,0,0,0.0,20.0,-20.0,0,5,2,4
3.0,2,6,0,0,0,0,0,0,0.0,20.0,-20.0,0,5,2,4
3.0,2,7,0,0,0,0,0,0,0.0,20.0,-20.0,0,5,2,4
3.0,2,8,0,0,0,0,0,0,0.0,20.0,-20.0,0,5,2,4
3.0,2,9,0,0,0,0,0,0,0.0,20.0,-20.0,0,5,2,4
3.0,2,10,0,0,0,0,0,0,0.0,20.0,-20.0,0,5,2,4
3.0,2,11,0,0,0,0,0,0,0.0,20.0,-20.0,0,5,2,4
3.0,2,12,0,0,0,0,0,0,0.0,20.0,-20.0,0,5,2,4
3.0,2,13,0,0,0,0,0,0,0.0,20.0,-20.0,0,5,2,4
3.0,2,14,0,0,0,0,0,0,0.0,20.0,-20.0,0,5,2,4
3.0,2,15,0,0,0,0,0,0,0.0,20.0,-20.0,0,5,2,4
3.0,2,16,0,0,0,0,0,0,0.0,20.0,-20.0,0,5,2,4
3.0,2,17,0,0,0,0,0,0,0.0,20.0,-20.0,0,5,2,4
3.0,2,18,0,0,0,0,0,0,0.0,20.0,-20.0,0,5,2,4
3.0,2,19,0,0,0,0,0,0,0.0,20.0,-20.0,0,5,2,4
3.0,2,20,0,0,0,0,0,0,0.0,20.0,-20.0,0,5,2,4
3.0,2,21,0,0,0,0,0,0,0.0,20.0,-20.0,0,5,2,4
3.0,2,22,0,0,0,0,0,0,0.0,20.0,-20.0,0,5,2,4
3.0,2,23,0,0,0,0,0,0,0.0,20.0,-20.0,0,5,2,4
3.0,2,24,0,0,0,0,0,0,0.0,20.0,-20.0,0,5,2,4
3.0,2,25,0,0,0,0,0,0,0.0,20.0,-20.0,0,5,2,4
3.0,2,26,0,0,0,0,0,0,0.0,20.0,-20.0,0,5,2,4
3.0,2,27,0,0,0,0,0,0,0.0,20.0,-20.0,0,5,2,4
3.0,2,28,0,0,0,0,0,0,0.0,20.0,-20.0,0,5,2,4
3.0,2,29,0,0,0,0,0,0,0.0,20.0,-20.0,0,5,2,4
3.0,2,30,0,0,0,0,0,0,0.0,20.0,-20.0,0,5,2,4
3.0,3,1,0,0,0,0,0,0,0.0,20.0,-20.0,0,5,3,4
3.0,3,2,0,0,0,0,0,0,0.0,20.0,-20.0,0,5,3,4
3.0,3,3,0,0,0,0,0,0,0.0,20.0,-20.0,0,5,3,4
3.0,3,4,0,0,0,0,0,0,0.0,20.0,-20.0,0,5,3,4
3.0,3,5,0,0,0,0,0,0,0.0,20.0,-20.0,0,5,3,4
3.0,3,6,0,0,0,0,0,0,0.0,20.0,-20.0,0,5,3,4
3.0,3,7,0,0,0,0,0,0,0.0,20.0,-20.0,0,5,3,4
3.0,3,8,0,0,0,0,0,0,0.0,20.0,-20.0,0,5,3,4
3.0,3,9,0,0,0,0,0,0,0.0,20.0,-20.0,0,5,3,4
3.0,3,10,0,0,0,0,0,0,0.0,20.0,-20.0,0,5,3,4
3.0,3,11,0,0,0,0,0,0,0.0,20.0,-20.0,0,5,3,4
3.0,3,12,0,0,0,0,0,0,0.0,20.0,-20.0,0,5,3,4
3.0,3,13,0,0,0,0,0,0,0.0,20.0,-20.0,0,5,3,4
3.0,3,14,0,0,0,0,0,0,0.0,20.0,-20.0,0,5,3,4
3.0,3,15,0,0,0,0,0,0,0.0,20.0,-20.0,0,5,3,4
3.0,3,16,0,0,0,0,0,0,0.0,20.0,-20.0,0,5,3,4
3.0,3,17,0,0,0,0,0,0,0.0,20.0,-20.0,0,5,3,4
3.0,3,18,0,0,0,0,0,0,0.0,20.0,-20.0,0,5,3,4
3.0,3,19,0,0,0,0,0,0,0.0,20.0,-20.0,0,5,3,4
3.0,3,20,0,0,0,0,0,0,0.0,20.0,-20.0,0,5,3,4
3.0,3,21,0,0,0,0,0,0,0.0,20.0,-20.0,0,5,3,4
3.0,3,22,0,0,0,0,0,0,0.0,20.0,-20.0,0,5,3,4
3.0,3,23,0,0,0,0,0,0,0.0,20.0,-20.0,0,5,3,4
3.0,3,24,0,0,0,0,0,0,0.0,20.0,-20.0,0,5,3,4
3.0,3,25,0,0,0,0,0,0,0.0,20.0,-20.0,0,5,3,4
3.0,3,26,0,0,0,0,0,0,0.0,20.0,-20.0,0,5,3,4
3.0,3,27,0,0,0,0,0,0,0.0,20.0,-20.0,0,5,3,4
3.0,3,28,0,0,0,0,0,0,0.0,20.0,-20.0,0,5,3,4
3.0,3,29,0,0,0,0,0,0,0.0,20.0,-20.0,0,5,3,4
3.0,3,30,0,0,0,0,0,0,0.0,20.0,-20.0,0,5,3,4
3.0,4,1,0,0,0,0,0,0,0.0,20.0,-20.0,0,5,4,4
3.0,4,2,0,0,0,0,0,0,0.0,20.0,-20.0,0,5,4,4
3.0,4,3,0,0,0,0,0,0,0.0,20.0,-20.0,0,5,4,4
3.0,4,4,0,0,0,0,0,0,0.0,20.0,-20.0,0,5,4,4
3.0,4,5,0,0,0,0,0,0,0.0,20.0,-20.0,0,5,4,4
3.0,4,6,0,0,0,0,0,0,0.0,20.0,-20.0,0,5,4,4
3.0,4,7,0,0,0,0,0,0,0.0,20.0,-20.0,0,5,4,4
3.0,4,8,0,0,0,0,0,0,0.0,20.0,-20.0,0,5,4,4
3.0,4,9,0,0,0,0,0,0,0.0,20.0,-20.0,0,5,4,4
3.0,4,10,0,0,0,0,0,0,0.0,20.0,-20.0,0,5,4,4
3.0,4,11,0,0,0,0,0,0,0.0,20.0,-20.0,0,5,4,4
3.0,4,12,0,0,0,0,0,0,0.0,20.0,-20.0,0,5,4,4
3.0,4,13,0,0,0,0,0,0,0.0,20.0,-20.0,0,5,4,4
3.0,4,14,0,0,0,0,0,0,0.0,20.0,-20.0,0,5,4,4
3.0,4,15,0,0,0,0,0,0,0.0,20.0,-20.0,0,5,4,4
3.0,4,16,0,0,0,0,0,0,0.0,20.0,-20.0,0,5,4,4
3.0,4,17,0,0,0,0,0,0,0.0,20.0,-20.0,0,5,4,4
3.0,4,18,0,0,0,0,0,0,0.0,20.0,-20.0,0,5,4,4
3.0,4,19,0,0,0,0,0,0,0.0,20.0,-20.0,0,5,4,4
3.0,4,20,0,0,0,0,0,0,0.0,20.0,-20.0,0,5,4,4
3.0,4,21,0,0,0,0,0,0,0.0,20.0,-20.0,0,5,4,4
3.0,4,22,0,0,0,0,0,0,0.0,20.0,-20.0,0,5,4,4
3.0,4,23,0,0,0,0,0,0,0.0,20.0,-20.0,0,5,4,4
3.0,4,24,0,0,0,0,0,0,0.0,20.0,-20.0,0,5,4,4
3.0,4,25,0,0,0,0,0,0,0.0,20.0,-20.0,0,5,4,4
3.0,4,26,0,0,0,0,0,0,0.0,20.0,-20.0,0,5,4,4
3.0,4,27,0,0,0,0,0,0,0.0,20.0,-20.0,0,5,4,4
3.0,4,28,0,0,0,0,0,0,0.0,20.0,-20.0,0,5,4,4
3.0,4,29,0,0,0,0,0,0,0.0,20.0,-20.0,0,5,4,4
3.0,4,30,0,0,0,0,0,0,0.0,20.0,-20.0,0,5,4,4
3.0,5,1,0,0,0,0,0,1,1.4712,20.0,-18.5288,1,5,5,4
3.0,5,2,0,0,0,0,0,1,1.4712,20.0,-18.5288,1,5,5,4
3.0,5,3,0,0,0,0,0,1,1.4712,20.0,-18.5288,1,5,5,4
3.0,5,4,0,0,0,0,0,1,1.4712,20.0,-18.5288,1,5,5,4
3.0,5,5,0,0,0,0,0,1,1.4712,20.0,-18.5288,1,5,5,4
3.0,5,6,0,0,0,0,0,1,1.4712,20.0,-18.5288,1,5,5,4
3.0,5,7,0,0,0,0,0,1,1.4712,20.0,-18.5288,1,5,5,4
3.0,5,8,0,0,0,0,0,1,1.4712,20.0,-18.5288,1,5,5,4
3.0,5,9,0,0,0,0,0,1,1.4712,20.0,-18.5288,1,5,5,4
3.0,5,10,0,0,0,0,0,1,1.4712,20.0,-18.5288,1,5,5,4
3.0,5,11,0,0,0,0,0,1,1.4712,20.0,-18.5288,1,5,5,4
3.0,5,12,0,0,0,0,0,1,1.4712,20.0,-18.5288,1,5,5,4
3.0,5,13,0,0,0,0,0,1,1.4712,20.0,-18.5288,1,5,5,4
3.0,5,14,0,0,0,0,0,1,1.4712,20.0,-18.5288,1,5,5,4
3.0,5,15,0,0,0,0,0,1,1.4712,20.0,-18.5288,1,5,5,4
3.0,5,16,0,0,0,0,0,1,1.4712,20.0,-18.5288,1,5,5,4
3.0,5,17,0,0,0,0,0,1,1.4712,20.0,-18.5288,1,5,5,4
3.0,5,18,0,0,0,0,0,1,1.4712,20.0,-18.5288,1,5,5,4
3.0,5,19,0,0,0,0,0,1,1.4712,20.0,-18.5288,1,5,5,4
3.0,5,20,0,0,0,0,0,1,1.4712,20.0,-18.5288,1,5,5,4
3.0,5,21,0,0,0,0,0,1,1.4712,20.0,-18.5288,1,5,5,4
3.0,5,22,0,0,0,0,0,1,1.4712,20.0,-18.5288,1,5,5,4
3.0,5,23,0,0,0,0,0,1,1.4712,20.0,-18.5288,1,5,5,4
3.0,5,24,0,0,0,0,0,1,1.4712,20.0,-18.5288,1,5,5,4
3.0,5,25,0,0,0,0,0,1,1.4712,20.0,-18.5288,1,5,5,4
3.0,5,26,0,0,0,0,0,1,1.4712,20.0,-18.5288,1,5,5,4
3.0,5,27,0,0,0,0,0,1,1.4712,20.0,-18.5288,1,5,5,4
3.0,5,28,0,0,0,0,0,1,1.4712,20.0,-18.5288,1,5,5,4
3.0,5,29,0,0,0,0,0,1,1.4712,20.0,-18.5288,1,5,5,4
3.0,5,30,0,0,0,0,0,1,1.4712,20.0,-18.5288,1,5,5,4
3.0,6,1,0,0,0,0,0,1,3.5346,20.0,-16.4654,2,5,6,5
3.0,6,2,0,0,0,0,0,2,5.0057,20.0,-14.9943,2,5,6,4
3.0,6,3,0,0,0,0,0,2,5.0057,20.0,-14.9943,2,5,6,4
3.0,6,4,0,0,0,0,0,2,5.0057,20.0,-14.9943,2,5,6,4
3.0,6,5,0,0,0,0,0,2,5.0057,20.0,-14.9943,2,5,6,4
3.0,6,6,0,0,0,0,0,2,5.0057,20.0,-14.9943,2,5,6,4
3.0,6,7,0,0,0,0,0,2,5.0057,20.0,-14.9943,2,5,6,4
3.0,6,8,0,0,0,0,0,2,5.0057,20.0,-14.9943,2,5,6,4
3.0,6,9,0,0,0,0,0,2,5.0057,20.0,-14.9943,2,5,6,4
3.0,6,10,0,0,0,0,0,2,5.0057,20.0,-14.9943,2,5,6,4
3.0,6,11,0,0,0,0,0,2,5.0057,20.0,-14.9943,2,5,6,4
3.0,6,12,0,0,0,0,0,2,5.0057,20.0,-14.9943,2,5,6,4
3.0,6,13,0,0,0,0,0,2,5.0057,20.0,-14.9943,2,5,6,4
3.0,6,14,0,0,0,0,0,2,5.0057,20.0,-14.9943,2,5,6,4
3.0,6,15,0,0,0,0,0,2,5.0057,20.0,-14.9943,2,5,6,4
3.0,6,16,0,0,0,0,0,2,5.0057,20.0,-14.9943,2,5,6,4
3.0,6,17,0,0,0,0,0,2,5.0057,20.0,-14.9943,2,5,6,4
3.0,6,18,0,0,0,0,0,2,5.0057,20.0,-14.9943,2,5,6,4
3.0,6,19,0,0,0,0,0,2,5.0057,20.0,-14.9943,2,5,6,4
3.0,6,20,0,0,0,0,0,2,5.0057,20.0,-14.9943,2,5,6,4
3.0,6,21,0,0,0,0,0,2,5.0057,20.0,-14.9943,2,5,6,4
3.0,6,22,0,0,0,0,0,2,5.0057,20.0,-14.9943,2,5,6,4
3.0,6,23,0,0,0,0,0,2,5.0057,20.0,-14.9943,2,5,6,4
3.0,6,24,0,0,0,0,0,2,5.0057,20.0,-14.9943,2,5,6,4
3.0,6,25,0,0,0,0,0,2,5.0057,20.0,-14.9943,2,5,6,4
3.0,6,26,0,0,0,0,0,2,5.0057,20.0,-14.9943,2,5,6,4
3.0,6,27,0,0,0,0,0,2,5.0057,20.0,-14.9943,2,5,6,4
3.0,6,28,0,0,0,0,0,2,5.0057,20.0,-14.9943,2,5,6,4
3.0,6,29,0,0,0,0,0,2,5.0057,20.0,-14.9943,2,5,6,4
3.0,6,30,0,0,0,0,0,2,5.0057,20.0,-14.9943,2,5,6,4
3.0,7,1,0,0,0,0,0,1,5.3854,20.0,-14.6146,3,5,7,6
3.0,7,2,0,0,0,0,0,2,8.92,20.0,-11.08,3,5,7,5
3.0,7,3,0,0,0,0,0,3,10.3912,20.0,-9.6088,3,5,7,4
3.0,7,4,0,0,0,0,0,3,10.3912,20.0,-9.6088,3,5,7,4
3.0,7,5,0,0,0,0,0,3,10.3912,20.0,-9.6088,3,5,7,4
3.0,7,6,0,0,0,0,0,3,10.3912,20.0,-9.6088,3,5,7,4
3.0,7,7,0,0,0,0,0,3,10.3912,20.0,-9.6088,3,5,7,4
3.0,7,8,0,0,0,0,0,3,10.3912,20.0,-9.6088,3,5,7,4
3.0,7,9,0,0,0,0,0,3,10.3912,20.0,-9.6088,3,5,7,4
3.0,7,10,0,0,0,0,0,3,10.3912,20.0,-9.6088,3,5,7,4
3.0,7,11,0,0,0,0,0,3,10.3912,20.0,-9.6088,3,5,7,4
3.0,7,12,0,0,0,0,0,3,10.3912,20.0,-9.6088,3,5,7,4
3.0,7,13,0,0,0,0,0,3,10.3912,20.0,-9.6088,3,5,7,4
3.0,7,14,0,0,0,0,0,3,10.3912,20.0,-9.6088,3,5,7,4
3.0,7,15,0,0,0,0,0,3,10.3912,20.0,-9.6088,3,5,7,4
3.0,7,16,0,0,0,0,0,3,10.3912,20.0,-9.6088,3,5,7,4
3.0,7,17,0,0,0,0,0,3,10.3912,20.0,-9.6088,3,5,7,4
3.0,7,18,0,0,0,0,0,3,10.3912,20.0,-9.6088,3,5,7,4
3.0,7,19,0,0,0,0,0,3,10.3912,20.0,-9.6088,3,5,7,4
3.0,7,20,0,0,0,0,0,3,10.3912,20.0,-9.6088,3,5,7,4
3.0,7,21,0,0,0,0,0,3,10.3912,20.0,-9.6088,3,5,7,4
3.0,7,22,0,0,0,0,0,3,10.3912,20.0,-9.6088,3,5,7,4
3.0,7,23,0,0,0,0,0,3,10.3912,20.0,-9.6088,3,5,7,4
3.0,7,24,0,0,0,0,0,3,10.3912,20.0,-9.6088,3,5,7,4
3.0,7,25,0,0,0,0,0,3,10.3912,20.0,-9.6088,3,5,7,4
3.0,7,26,0,0,0,0,0,3,10.3912,20.0,-9.6088,3,5,7,4
3.0,7,27,0,0,0,0,0,3,10.3912,20.0,-9.6088,3,5,7,4
3.0,7,28,0,0,0,0,0,3,10.3912,20.0,-9.6088,3,5,7,4
3.0,7,29,0,0,0,0,0,3,10.3912,20.0,-9.6088,3,5,7,4
3.0,7,30,0,0,0,0,0,3,10.3912,20.0,-9.6088,3,5,7,4
3.0,8,1,0,0,0,0,0,1,6.963,20.0,-13.037,4,5,8,7
3.0,8,2,0,0,0,0,0,2,12.3484,20.0,-7.6516,4,5,8,6
3.0,8,3,0,0,0,0,0,3,15.883,20.0,-4.117,4,5,8,5
3.0,8,4,0,0,0,0,0,4,17.3542,20.0,-2.6458,4,5,8,4
3.0,8,5,0,0,0,0,0,4,17.3542,20.0,-2.6458,4,5,8,4
3.0,8,6,0,0,0,0,0,4,17.3542,20.0,-2.6458,4,5,8,4
3.0,8,7,0,0,0,0,0,4,17.3542,20.0,-2.6458,4,5,8,4
3.0,8,8,0,0,0,0,0,4,17.3542,20.0,-2.6458,4,5,8,4
3.0,8,9,0,0,0,0,0,4,17.3542,20.0,-2.6458,4,5,8,4
3.0,8,10,0,0,0,0,0,4,17.3542,20.0,-2.6458,4,5,8,4
3.0,8,11,0,0,0,0,0,4,17.3542,20.0,-2.6458,4,5,8,4
3.0,8,12,0,0,0,0,0,4,17.3542,20.0,-2.6458,4,5,8,4
3.0,8,13,0,0,0,0,0,4,17.3542,20.0,-2.6458,4,5,8,4
3.0,8,14,0,0,0,0,0,4,17.3542,20.0,-2.6458,4,5,8,4
3.0,8,15,0,0,0,0,0,4,17.3542,20.0,-2.6458,4,5,8,4
3.0,8,16,0,0,0,0,0,4,17.3542,20.0,-2.6458,4,5,8,4
3.0,8,17,0,0,0,0,0,4,17.3542,20.0,-2.6458,4,5,8,4
3.0,8,18,0,0,0,0,0,4,17.3542,20.0,-2.6458,4,5,8,4
3.0,8,19,0,0,0,0,0,4,17.3542,20.0,-2.6458,4,5,8,4
3.0,8,20,0,0,0,0,0,4,17.3542,20.0,-2.6458,4,5,8,4
3.0,8,21,0,0,0,0,0,4,17.3542,20.0,-2.6458,4,5,8,4
3.0,8,22,0,0,0,0,0,4,17.3542,20.0,-2.6458,4,5,8,4
3.0,8,23,0,0,0,0,0,4,17.3542,20.0,-2.6458,4,5,8,4
3.0,8,24,0,0,0,0,0,4,17.3542,20.0,-2.6458,4,5,8,4
3.0,8,25,0,0,0,0,0,4,17.3542,20.0,-2.6458,4,5,8,4
3.0,8,26,0,0,0,0,0,4,17.3542,20.0,-2.6458,4,5,8,4
3.0,8,27,0,0,0,0,0,4,17.3542,20.0,-2.6458,4,5,8,4
3.0,8,28,0,0,0,0,0,4,17.3542,20.0,-2.6458,4,5,8,4
3.0,8,29,0,0,0,0,0,4,17.3542,20.0,-2.6458,4,5,8,4
3.0,8,30,0,0,0,0,0,4,17.3542,20.0,-2.6458,4,5,8,4
3.0,9,1,0,0,0,0,0,1,8.2331,20.0,-11.7669,5,5,9,8
3.0,9,2,0,0,0,0,0,2,15.1961,20.0,-4.8039,5,5,9,7
3.0,9,3,3,0,-3,1,0,3,20.5815,20.0,0.5815,5,5,9,6
3.0,9,4,4,4,0,1,1,4,24.1161,20.0,4.1161,5,5,5,5
3.0,9,5,5,5,0,1,1,5,25.5873,20.0,5.5873,5,5,4,4
3.0,9,6,5,5,0,1,1,5,25.5873,20.0,5.5873,5,5,4,4
3.0,9,7,5,5,0,1,1,5,25.5873,20.0,5.5873,5,5,4,4
3.0,9,8,5,5,0,1,1,5,25.5873,20.0,5.5873,5,5,4,4
3.0,9,9,5,5,0,1,1,5,25.5873,20.0,5.5873,5,5,4,4
3.0,9,10,5,5,0,1,1,5,25.5873,20.0,5.5873,5,5,4,4
3.0,9,11,5,5,0,1,1,5,25.5873,20.0,5.5873,5,5,4,4
3.0,9,12,5,5,0,1,1,5,25.5873,20.0,5.5873,5,5,4,4
3.0,9,13,5,5,0,1,1,5,25.5873,20.0,5.5873,5,5,4,4
3.0,9,14,5,5,0,1,1,5,25.5873,20.0,5.5873,5,5,4,4
3.0,9,15,5,5,0,1,1,5,25.5873,20.0,5.5873,5,5,4,4
3.0,9,16,5,5,0,1,1,5,25.5873,20.0,5.5873,5,5,4,4
3.0,9,17,5,5,0,1,1,5,25.5873,20.0,5.5873,5,5,4,4
3.0,9,18,5,5,0,1,1,5,25.5873,20.0,5.5873,5,5,4,4
3.0,9,19,5,5,0,1,1,5,25.5873,20.0,5.5873,5,5,4,4
3.0,9,20,5,5,0,1,1,5,25.5873,20.0,5.5873,5,5,4,4
3.0,9,21,5,5,0,1,1,5,25.5873,20.0,5.5873,5,5,4,4
3.0,9,22,5,5,0,1,1,5,25.5873,20.0,5.5873,5,5,4,4
3.0,9,23,5,5,0,1,1,5,25.5873,20.0,5.5873,5,5,4,4
3.0,9,24,5,5,0,1,1,5,25.5873,20.0,5.5873,5,5,4,4
3.0,9,25,5,5,0,1,1,5,25.5873,20.0,5.5873,5,5,4,4
3.0,9,26,5,5,0,1,1,5,25.5873,20.0,5.5873,5,5,4,4
3.0,9,27,5,5,0,1,1,5,25.5873,20.0,5.5873,5,5,4,4
3.0,9,28,5,5,0,1,1,5,25.5873,20.0,5.5873,5,5,4,4
3.0,9,29,5,5,0,1,1,5,25.5873,20.0,5.5873,5,5,4,4
3.0,9,30,5,5,0,1,1,5,25.5873,20.0,5.5873,5,5,4,4
3.0,10,1,0,0,0,0,0,1,9.1958,20.0,-10.8042,6,5,10,9
3.0,10,2,0,0,0,0,0,2,17.429,20.0,-2.571,6,5,10,8
3.0,10,3,3,0,-3,1,0,3,24.392,20.0,4.392,6,5,10,7
3.0,10,4,4,4,0,1,1,4,29.7774,20.0,9.7774,6,5,6,6
3.0,10,5,5,5,0,1,1,5,33.3119,20.0,13.3119,6,5,5,5
3.0,10,6,6,6,0,1,1,6,34.7831,20.0,14.7831,6,5,4,4
3.0,10,7,6,6,0,1,1,6,34.7831,20.0,14.7831,6,5,4,4
3.0,10,8,6,6,0,1,1,6,34.7831,20.0,14.7831,6,5,4,4
3.0,10,9,6,6,0,1,1,6,34.7831,20.0,14.7831,6,5,4,4
3.0,10,10,6,6,0,1,1,6,34.7831,20.0,14.7831,6,5,4,4
3.0,10,11,6,6,0,1,1,6,34.7831,20.0,14.7831,6,5,4,4
3.0,10,12,6,6,0,1,1,6,34.7831,20.0,14.7831,6,5,4,4
3.0,10,13,6,6,0,1,1,6,34.7831,20.0,14.7831,6,5,4,4
3.0,10,14,6,6,0,1,1,6,34.7831,20.0,14.7831,6,5,4,4
3.0,10,15,6,6,0,1,1,6,34.7831,20.0,14.7831,6,5,4,4
3.0,10,16,6,6,0,1,1,6,34.7831,20.0,14.7831,6,5,4,4
3.0,10,17,6,6,0,1,1,6,34.7831,20.0,14.7831,6,5,4,4
3.0,10,18,6,6,0,1,1,6,34.7831,20.0,14.7831,6,5,4,4
3.0,10,19,6,6,0,1,1,6,34.7831,20.0,14.7831,6,5,4,4
3.0,10,20,6,6,0,1,1,6,34.7831,20.0,14.7831,6,5,4,4
3.0,10,21,6,6,0,1,1,6,34.7831,20.0,14.7831,6,5,4,4
3.0,10,22,6,6,0,1,1,6,34.7831,20.0,14.7831,6,5,4,4
3.0,10,23,6,6,0,1,1,6,34.7831,20.0,14.7831,6,5,4,4
3.0,10,24,6,6,0,1,1,6,34.7831,20.0,14.7831,6,5,4,4
3.0,10,25,6,6,0,1,1,6,34.7831,20.0,14.7831,6,5,4,4
3.0,10,26,6,6,0,1,1,6,34.7831,20.0,14.7831,6,5,4,4
3.0,10,27,6,6,0,1,1,6,34.7831,20.0,14.7831,6,5,4,4
3.0,10,28,6,6,0,1,1,6,34.7831,20.0,14.7831,6,5,4,4
3.0,10,29,6,6,0,1,1,6,34.7831,20.0,14.7831,6,5,4,4
3.0,10,30,6,6,0,1,1,6,34.7831,20.0,14.7831,6,5,4,4
3.0,11,1,0,0,0,0,0,1,9.8819,20.0,-10.1181,7,5,11,10
3.0,11,2,0,0,0,0,0,2,19.0777,20.0,-0.9223,7,5,11,9
3.0,11,3,3,0,-3,1,0,3,27.3109,20.0,7.3109,7,5,11,8
3.0,11,4,4,4,0,1,1,4,34.2738,20.0,14.2738,7,5,7,7
3.0,11,5,5,5,0,1,1,5,39.6593,20.0,19.6593,7,5,6,6
3.0,11,6,6,6,0,1,1,6,43.1938,20.0,23.1938,7,5,5,5
3.0,11,7,7,7,0,1,1,7,44.665,20.0,24.665,7,5,4,4
3.0,11,8,7,7,0,1,1,7,44.665,20.0,24.665,7,5,4,4
3.0,11,9,7,7,0,1,1,7,44.665,20.0,24.665,7,5,4,4
3.0,11,10,7,7,0,1,1,7,44.665,20.0,24.665,7,5,4,4
3.0,11,11,7,7,0,1,1,7,44.665,20.0,24.665,7,5,4,4
3.0,11,12,7,7,0,1,1,7,44.665,20.0,24.665,7,5,4,4
3.0,11,13,7,7,0,1,1,7,44.665,20.0,24.665,7,5,4,4
3.0,11,14,7,7,0,1,1,7,44.665,20.0,24.665,7,5,4,4
3.0,11,15,7,7,0,1,1,7,44.665,20.0,24.665,7,5,4,4
3.0,11,16,7,7,0,1,1,7,44.665,20.0,24.665,7,5,4,4
3.0,11,17,7,7,0,1,1,7,44.665,20.0,24.665,7,5,4,4
3.0,11,18,7,7,0,1,1,7,44.665,20.0,24.665,7,5,4,4
3.0,11,19,7,7,0,1,1,7,44.665,20.0,24.665,7,5,4,4
3.0,11,20,7,7,0,1,1,7,44.665,20.0,24.665,7,5,4,4
3.0,11,21,7,7,0,1,1,7,44.665,20.0,24.665,7,5,4,4
3.0,11,22,7,7,0,1,1,7,44.665,20.0,24.665,7,5,4,4
3.0,11,23,7,7,0,1,1,7,44.665,20.0,24.665,7,5,4,4
3.0,11,24,7,7,0,1,1,7,44.665,20.0,24.665,7,5,4,4
3.0,11,25,7,7,0,1,1,7,44.665,20.0,24.665,7,5,4,4
3.0,11,26,7,7,0,1,1,7,44.665,20.0,24.665,7,5,4,4
3.0,11,27,7,7,0,1,1,7,44.665,20.0,24.665,7,5,4,4
3.0,11,28,7,7,0,1,1,7,44.665,20.0,24.665,7,5,4,4
3.0,11,29,7,7,0,1,1,7,44.665,20.0,24.665,7,5,4,4
3.0,11,30,7,7,0,1,1,7,44.665,20.0,24.665,7,5,4,4
3.0,12,1,0,0,0,0,0,1,10.3415,20.0,-9.6585,8,5,12,11
3.0,12,2,2,0,-2,1,0,2,20.2234,20.0,0.2234,8,5,12,10
3.0,12,3,3,0,-3,1,0,3,29.4192,20.0,9.4192,8,5,12,9
3.0,12,4,4,0,-4,1,0,4,37.6524,20.0,17.6524,8,5,12,8
3.0,12,5,5,5,0,1,1,5,44.6154,20.0,24.6154,8,5,7,7
3.0,12,6,6,6,0,1,1,6,50.0008,20.0,30.0008,8,5,6,6
3.0,12,7,7,7,0,1,1,7,53.5353,20.0,33.5353,8,5,5,5
3.0,12,8,8,8,0,1,1,8,55.0065,20.0,35.0065,8,5,4,4
3.0,12,9,8,8,0,1,1,8,55.0065,20.0,35.0065,8,5,4,4
3.0,12,10,8,8,0,1,1,8,55.0065,20.0,35.0065,8,5,4,4
3.0,12,11,8,8,0,1,1,8,55.0065,20.0,35.0065,8,5,4,4
3.0,12,12,8,8,0,1,1,8,55.0065,20.0,35.0065,8,5,4,4
3.0,12,13,8,8,0,1,1,8,55.0065,20.0,35.0065,8,5,4,4
3.0,12,14,8,8,0,1,1,8,55.0065,20.0,35.0065,8,5,4,4
3.0,12,15,8,8,0,1,1,8,55.0065,20.0,35.0065,8,5,4,4
3.0,12,16,8,8,0,1,1,8,55.0065,20.0,35.0065,8,5,4,4
3.0,12,17,8,8,0,1,1,8,55.0065,20.0,35.0065,8,5,4,4
3.0,12,18,8,8,0,1,1,8,55.0065,20.0,35.0065,8,5,4,4
3.0,12,19,8,8,0,1,1,8,55.0065,20.0,35.0065,8,5,4,4
3.0,12,20,8,8,0,1,1,8,55.0065,20.0,35.0065,8,5,4,4
3.0,12,21,8,8,0,1,1,8,55.0065,20.0,35.0065,8,5,4,4
3.0,12,22,8,8,0,1,1,8,55.0065,20.0,35.0065,8,5,4,4
3.0,12,23,8,8,0,1,1,8,55.0065,20.0,35.0065,8,5,4,4
3.0,12,24,8,8,0,1,1,8,55.0065,20.0,35.0065,8,5,4,4
3.0,12,25,8,8,0,1,1,8,55.0065,20.0,35.0065,8,5,4,4
3.0,12,26,8,8,0,1,1,8,55.0065,20.0,35.0065,8,5,4,4
3.0,12,27,8,8,0,1,1,8,55.0065,20.0,35.0065,8,5,4,4
3.0,12,28,8,8,0,1,1,8,55.0065,20.0,35.0065,8,5,4,4
3.0,12,29,8,8,0,1,1,8,55.0065,20.0,35.0065,8,5,4,4
3.0,12,30,8,8,0,1,1,8,55.0065,20.0,35.0065,8,5,4,4
3.0,13,1,0,0,0,0,0,1,10.6314,20.0,-9.3686,9,5,13,12
3.0,13,2,2,0,-2,1,0,2,20.9729,20.0,0.9729,9,5,13,11
3.0,13,3,3,0,-3,1,0,3,30.8548,20.0,10.8548,9,5,13,10
3.0,13,4,4,0,-4,1,0,4,40.0506,20.0,20.0506,9,5,13,9
3.0,13,5,5,5,0,1,1,5,48.2838,20.0,28.2838,9,5,8,8
3.0,13,6,6,6,0,1,1,6,55.2467,20.0,35.2467,9,5,7,7
3.0,13,7,7,7,0,1,1,7,60.6322,20.0,40.6322,9,5,6,6
3.0,13,8,8,8,0,1,1,8,64.1667,20.0,44.1667,9,5,5,5
3.0,13,9,9,9,0,1,1,9,65.6379,20.0,45.6379,9,5,4,4
3.0,13,10,9,9,0,1,1,9,65.6379,20.0,45.6379,9,5,4,4
3.0,13,11,9,9,0,1,1,9,65.6379,20.0,45.6379,9,5,4,4
3.0,13,12,9,9,0,1,1,9,65.6379,20.0,45.6379,9,5,4,4
3.0,13,13,9,9,0,1,1,9,65.6379,20.0,45.6379,9,5,4,4
3.0,13,14,9,9,0,1,1,9,65.6379,20.0,45.6379,9,5,4,4
3.0,13,15,9,9,0,1,1,9,65.6379,20.0,45.6379,9,5,4,4
3.0,13,16,9,9,0,1,1,9,65.6379,20.0,45.6379,9,5,4,4
3.0,13,17,9,9,0,1,1,9,65.6379,20.0,45.6379,9,5,4,4
3.0,13,18,9,9,0,1,1,9,65.6379,20.0,45.6379,9,5,4,4
3.0,13,19,9,9,0,1,1,9,65.6379,20.0,45.6379,9,5,4,4
3.0,13,20,9,9,0,1,1,9,65.6379,20.0,45.6379,9,5,4,4
3.0,13,21,9,9,0,1,1,9,65.6379,20.0,45.6379,9,5,4,4
3.0,13,22,9,9,0,1,1,9,65.6379,20.0,45.6379,9,5,4,4
3.0,13,23,9,9,0,1,1,9,65.6379,20.0,45.6379,9,5,4,4
3.0,13,24,9,9,0,1,1,9,65.6379,20.0,45.6379,9,5,4,4
3.0,13,25,9,9,0,1,1,9,65.6379,20.0,45.6379,9,5,4,4
3.0,13,26,9,9,0,1,1,9,65.6379,20.0,45.6379,9,5,4,4
3.0,13,27,9,9,0,1,1,9,65.6379,20.0,45.6379,9,5,4,4
3.0,13,28,9,9,0,1,1,9,65.6379,20.0,45.6379,9,5,4,4
3.0,13,29,9,9,0,1,1,9,65.6379,20.0,45.6379,9,5,4,4
3.0,13,30,9,9,0,1,1,9,65.6379,20.0,45.6379,9,5,4,4
3.0,14,1,0,0,0,0,0,1,10.8037,20.0,-9.1963,10,5,14,13
3.0,14,2,2,0,-2,1,0,2,21.4351,20.0,1.4351,10,5,14,12
3.0,14,3,3,0,-3,1,0,3,31.7766,20.0,11.7766,10,5,14,11
3.0,14,4,4,0,-4,1,0,4,41.6585,20.0,21.6585,10,5,14,10
3.0,14,5,5,0,-5,1,0,5,50.8543,20.0,30.8543,10,5,14,9
3.0,14,6,6,6,0,1,1,6,59.0875,20.0,39.0875,10,5,8,8
3.0,14,7,7,7,0,1,1,7,66.0504,20.0,46.0504,10,5,7,7
3.0,14,8,8,8,0,1,1,8,71.4359,20.0,51.4359,10,5,6,6
3.0,14,9,9,9,0,1,1,9,74.9704,20.0,54.9704,10,5,5,5
3.0,14,10,10,10,0,1,1,10,76.4416,20.0,56.4416,10,5,4,4
3.0,14,11,10,10,0,1,1,10,76.4416,20.0,56.4416,10,5,4,4
3.0,14,12,10,10,0,1,1,10,76.4416,20.0,56.4416,10,5,4,4
3.0,14,13,10,10,0,1,1,10,76.4416,20.0,56.4416,10,5,4,4
3.0,14,14,10,10,0,1,1,10,76.4416,20.0,56.4416,10,5,4,4
3.0,14,15,10,10,0,1,1,10,76.4416,20.0,56.4416,10,5,4,4
3.0,14,16,10,10,0,1,1,10,76.4416,20.0,56.4416,10,5,4,4
3.0,14,17,10,10,0,1,1,10,76.4416,20.0,56.4416,10,5,4,4
3.0,14,18,10,10,0,1,1,10,76.4416,20.0,56.4416,10,5,4,4
3.0,14,19,10,10,0,1,1,10,76.4416,20.0,56.4416,10,5,4,4
3.0,14,20,10,10,0,1,1,10,76.4416,20.0,56.4416,10,5,4,4
3.0,14,21,10,10,0,1,1,10,76.4416,20.0,56.4416,10,5,4,4
3.0,14,22,10,10,0,1,1,10,76.4416,20.0,56.4416,10,5,4,4
3.0,14,23,10,10,0,1,1,10,76.4416,20.0,56.4416,10,5,4,4
3.0,14,24,10,10,0,1,1,10,76.4416,20.0,56.4416,10,5,4,4
3.0,14,25,10,10,0,1,1,10,76.4416,20.0,56.4416,10,5,4,4
3.0,14,26,10,10,0,1,1,10,76.4416,20.0,56.4416,10,5,4,4
3.0,14,27,10,10,0,1,1,10,76.4416,20.0,56.4416,10,5,4,4
3.0,14,28,10,10,0,1,1,10,76.4416,20.0,56.4416,10,5,4,4
3.0,14,29,10,10,0,1,1,10,76.4416,20.0,56.4416,10,5,4,4
3.0,14,30,10,10,0,1,1,10,76.4416,20.0,56.4416,10,5,4,4
3.0,15,1,0,0,0,0,0,1,10.9005,20.0,-9.0995,11,5,15,14
3.0,15,2,2,0,-2,1,0,2,21.7042,20.0,1.7042,11,5,15,13
3.0,15,3,3,0,-3,1,0,3,32.3355,20.0,12.3355,11,5,15,12
3.0,15,4,4,0,-4,1,0,4,42.6771,20.0,22.6771,11,5,15,11
3.0,15,5,5,0,-5,1,0,5,52.5589,20.0,32.5589,11,5,15,10
3.0,15,6,6,6,0,1,1,6,61.7548,20.0,41.7548,11,5,9,9
3.0,15,7,7,7,0,1,1,7,69.9879,20.0,49.9879,11,5,8,8
3.0,15,8,8,8,0,1,1,8,76.9509,20.0,56.9509,11,5,7,7
3.0,15,9,9,9,0,1,1,9,82.3363,20.0,62.3363,11,5,6,6
3.0,15,10,10,10,0,1,1,10,85.8709,20.0,65.8709,11,5,5,5
3.0,15,11,11,11,0,1,1,11,87.3421,20.0,67.3421,11,5,4,4
3.0,15,12,11,11,0,1,1,11,87.3421,20.0,67.3421,11,5,4,4
3.0,15,13,11,11,0,1,1,11,87.3421,20.0,67.3421,11,5,4,4
3.0,15,14,11,11,0,1,1,11,87.3421,20.0,67.3421,11,5,4,4
3.0,15,15,11,11,0,1,1,11,87.3421,20.0,67.3421,11,5,4,4
3.0,15,16,11,11,0,1,1,11,87.3421,20.0,67.3421,11,5,4,4
3.0,15,17,11,11,0,1,1,11,87.3421,20.0,67.3421,11,5,4,4
3.0,15,18,11,11,0,1,1,11,87.3421,20.0,67.3421,11,5,4,4
3.0,15,19,11,11,0,1,1,11,87.3421,20.0,67.3421,11,5,4,4
3.0,15,20,11,11,0,1,1,11,87.3421,20.0,67.3421,11,5,4,4
3.0,15,21,11,11,0,1,1,11,87.3421,20.0,67.3421,11,5,4,4
3.0,15,22,11,11,0,1,1,11,87.3421,20.0,67.3421,11,5,4,4
3.0,15,23,11,11,0,1,1,11,87.3421,20.0,67.3421,11,5,4,4
3.0,15,24,11,11,0,1,1,11,87.3421,20.0,67.3421,11,5,4,4
3.0,15,25,11,11,0,1,1,11,87.3421,20.0,67.3421,11,5,4,4
3.0,15,26,11,11,0,1,1,11,87.3421,20.0,67.3421,11,5,4,4
3.0,15,27,11,11,0,1,1,11,87.3421,20.0,67.3421,11,5,4,4
3.0,15,28,11,11,0,1,1,11,87.3421,20.0,67.3421,11,5,4,4
3.0,15,29,11,11,0,1,1,11,87.3421,20.0,67.3421,11,5,4,4
3.0,15,30,11,11,0,1,1,11,87.3421,20.0,67.3421,11,5,4,4
3.0,16,1,0,0,0,0,0,1,10.9519,20.0,-9.0481,12,5,16,15
3.0,16,2,2,0,-2,1,0,2,21.8523,20.0,1.8523,12,5,16,14
3.0,16,3,3,0,-3,1,0,3,32.656,20.0,12.656,12,5,16,13
3.0,16,4,4,0,-4,1,0,4,43.2874,20.0,23.2874,12,5,16,12
3.0,16,5,5,0,-5,1,0,5,53.6289,20.0,33.6289,12,5,16,11
3.0,16,6,6,6,0,1,1,6,63.5108,20.0,43.5108,12,5,10,10
3.0,16,7,7,7,0,1,1,7,72.7066,20.0,52.7066,12,5,9,9
3.0,16,8,8,8,0,1,1,8,80.9398,20.0,60.9398,12,5,8,8
3.0,16,9,9,9,0,1,1,9,87.9028,20.0,67.9028,12,5,7,7
3.0,16,10,10,10,0,1,1,10,93.2882,20.0,73.2882,12,5,6,6
3.0,16,11,11,11,0,1,1,11,96.8228,20.0,76.8228,12,5,5,5
3.0,16,12,12,12,0,1,1,12,98.2939,20.0,78.2939,12,5,4,4
3.0,16,13,12,12,0,1,1,12,98.2939,20.0,78.2939,12,5,4,4
3.0,16,14,12,12,0,1,1,12,98.2939,20.0,78.2939,12,5,4,4
3.0,16,15,12,12,0,1,1,12,98.2939,20.0,78.2939,12,5,4,4
3.0,16,16,12,12,0,1,1,12,98.2939,20.0,78.2939,12,5,4,4
3.0,16,17,12,12,0,1,1,12,98.2939,20.0,78.2939,12,5,4,4
3.0,16,18,12,12,0,1,1,12,98.2939,20.0,78.2939,12,5,4,4
3.0,16,19,12,12,0,1,1,12,98.2939,20.0,78.2939,12,5,4,4
3.0,16,20,12,12,0,1,1,12,98.2939,20.0,78.2939,12,5,4,4
3.0,16,21,12,12,0,1,1,12,98.2939,20.0,78.2939,12,5,4,4
3.0,16,22,12,12,0,1,1,12,98.2939,20.0,78.2939,12,5,4,4
3.0,16,23,12,12,0,1,1,12,98.2939,20.0,78.2939,12,5,4,4
3.0,16,24,12,12,0,1,1,12,98.2939,20.0,78.2939,12,5,4,4
3.0,16,25,12,12,0,1,1,12,98.2939,20.0,78.2939,12,5,4,4
3.0,16,26,12,12,0,1,1,12,98.2939,20.0,78.2939,12,5,4,4
3.0,16,27,12,12,0,1,1,12,98.2939,20.0,78.2939,12,5,4,4
3.0,16,28,12,12,0,1,1,12,98.2939,20.0,78.2939,12,5,4,4
3.0,16,29,12,12,0,1,1,12,98.2939,20.0,78.2939,12,5,4,4
3.0,16,30,12,12,0,1,1,12,98.2939,20.0,78.2939,12,5,4,4
3.0,17,1,0,0,0,0,0,1,10.9778,20.0,-9.0222,13,5,17,16
3.0,17,2,2,0,-2,1,0,2,21.9297,20.0,1.9297,13,5,17,15
3.0,17,3,3,0,-3,1,0,3,32.8301,20.0,12.8301,13,5,17,14
3.0,17,4,4,0,-4,1,0,4,43.6338,20.0,23.6338,13,5,17,13
3.0,17,5,5,0,-5,1,0,5,54.2652,20.0,34.2652,13,5,17,12
3.0,17,6,6,6,0,1,1,6,64.6067,20.0,44.6067,13,5,11,11
3.0,17,7,7,7,0,1,1,7,74.4886,20.0,54.4886,13,5,10,10
3.0,17,8,8,8,0,1,1,8,83.6844,20.0,63.6844,13,5,9,9
3.0,17,9,9,9,0,1,1,9,91.9176,20.0,71.9176,13,5,8,8
3.0,17,10,10,10,0,1,1,10,98.8806,20.0,78.8806,13,5,7,7
3.0,17,11,11,11,0,1,1,11,104.266,20.0,84.266,13,5,6,6
3.0,17,12,12,12,0,1,1,12,107.8005,20.0,87.8005,13,5,5,5
3.0,17,13,13,13,0,1,1,13,109.2717,20.0,89.2717,13,5,4,4
3.0,17,14,13,13,0,1,1,13,109.2717,20.0,89.2717,13,5,4,4
3.0,17,15,13,13,0,1,1,13,109.2717,20.0,89.2717,13,5,4,4
3.0,17,16,13,13,0,1,1,13,109.2717,20.0,89.2717,13,5,4,4
3.0,17,17,13,13,0,1,1,13,109.2717,20.0,89.2717,13,5,4,4
3.0,17,18,13,13,0,1,1,13,109.2717,20.0,89.2717,13,5,4,4
3.0,17,19,13,13,0,1,1,13,109.2717,20.0,89.2717,13,5,4,4
3.0,17,20,13,13,0,1,1,13,109.2717,20.0,89.2717,13,5,4,4
3.0,17,21,13,13,0,1,1,13,109.2717,20.0,89.2717,13,5,4,4
3.0,17,22,13,13,0,1,1,13,109.2717,20.0,89.2717,13,5,4,4
3.0,17,23,13,13,0,1,1,13,109.2717,20.0,89.2717,13,5,4,4
3.0,17,24,13,13,0,1,1,13,109.2717,20.0,89.2717,13,5,4,4
3.0,17,25,13,13,0,1,1,13,109.2717,20.0,89.2717,13,5,4,4
3.0,17,26,13,13,0,1,1,13,109.2717,20.0,89.2717,13,5,4,4
3.0,17,27,13,13,0,1,1,13,109.2717,20.0,89.2717,13,5,4,4
3.0,17,28,13,13,0,1,1,13,109.2717,20.0,89.2717,13,5,4,4
3.0,17,29,13,13,0,1,1,13,109.2717,20.0,89.2717,13,5,4,4
3.0,17,30,13,13,0,1,1,13,109.2717,20.0,89.2717,13,5,4,4
3.0,18,1,0,0,0,0,0,1,10.9902,20.0,-9.0098,14,5,18,17
3.0,18,2,2,0,-2,1,0,2,21.968,20.0,1.968,14,5,18,16
3.0,18,3,3,0,-3,1,0,3,32.9199,20.0,12.9199,14,5,18,15
3.0,18,4,4,0,-4,1,0,4,43.8203,20.0,23.8203,14,5,18,14
3.0,18,5,5,0,-5,1,0,5,54.624,20.0,34.624,14,5,18,13
3.0,18,6,6,6,0,1,1,6,65.2554,20.0,45.2554,14,5,12,12
3.0,18,7,7,7,0,1,1,7,75.5969,20.0,55.5969,14,5,11,11
3.0,18,8,8,8,0,1,1,8,85.4788,20.0,65.4788,14,5,10,10
3.0,18,9,9,9,0,1,1,9,94.6746,20.0,74.6746,14,5,9,9
3.0,18,10,10,10,0,1,1,10,102.9078,20.0,82.9078,14,5,8,8
3.0,18,11,11,11,0,1,1,11,109.8708,20.0,89.8708,14,5,7,7
3.0,18,12,12,12,0,1,1,12,115.2562,20.0,95.2562,14,5,6,6
3.0,18,13,13,13,0,1,1,13,118.7907,20.0,98.7907,14,5,5,5
3.0,18,14,14,14,0,1,1,14,120.2619,20.0,100.2619,14,5,4,4
3.0,18,15,14,14,0,1,1,14,120.2619,20.0,100.2619,14,5,4,4
3.0,18,16,14,14,0,1,1,14,120.2619,20.0,100.2619,14,5,4,4
3.0,18,17,14,14,0,1,1,14,120.2619,20.0,100.2619,14,5,4,4
3.0,18,18,14,14,0,1,1,14,120.2619,20.0,100.2619,14,5,4,4
3.0,18,19,14,14,0,1,1,14,120.2619,20.0,100.2619,14,5,4,4
3.0,18,20,14,14,0,1,1,14,120.2619,20.0,100.2619,14,5,4,4
3.0,18,21,14,14,0,1,1,14,120.2619,20.0,100.2619,14,5,4,4
3.0,18,22,14,14,0,1,1,14,120.2619,20.0,100.2619,14,5,4,4
3.0,18,23,14,14,0,1,1,14,120.2619,20.0,100.2619,14,5,4,4
3.0,18,24,14,14,0,1,1,14,120.2619,20.0,100.2619,14,5,4,4
3.0,18,25,14,14,0,1,1,14,120.2619,20.0,100.2619,14,5,4,4
3.0,18,26,14,14,0,1,1,14,120.2619,20.0,100.2619,14,5,4,4
3.0,18,27,14,14,0,1,1,14,120.2619,20.0,100.2619,14,5,4,4
3.0,18,28,14,14,0,1,1,14,120.2619,20.0,100.2619,14,5,4,4
3.0,18,29,14,14,0,1,1,14,120.2619,20.0,100.2619,14,5,4,4
3.0,18,30,14,14,0,1,1,14,120.2619,20.0,100.2619,14,5,4,4
3.0,19,1,0,0,0,0,0,1,10.9959,20.0,-9.0041,15,5,19,18
3.0,19,2,2,0,-2,1,0,2,21.9861,20.0,1.9861,15,5,19,17
3.0,19,3,3,0,-3,1,0,3,32.9638,20.0,12.9638,15,5,19,16
3.0,19,4,4,0,-4,1,0,4,43.9157,20.0,23.9157,15,5,19,15
3.0,19,5,5,5,0,1,1,5,54.8162,20.0,34.8162,15,5,14,14
3.0,19,6,6,6,0,1,1,6,65.6199,20.0,45.6199,15,5,13,13
3.0,19,7,7,7,0,1,1,7,76.2513,20.0,56.2513,15,5,12,12
3.0,19,8,8,8,0,1,1,8,86.5928,20.0,66.5928,15,5,11,11
3.0,19,9,9,9,0,1,1,9,96.4746,20.0,76.4746,15,5,10,10
3.0,19,10,10,10,0,1,1,10,105.6705,20.0,85.6705,15,5,9,9
3.0,19,11,11,11,0,1,1,11,113.9036,20.0,93.9036,15,5,8,8
3.0,19,12,12,12,0,1,1,12,120.8666,20.0,100.8666,15,5,7,7
3.0,19,13,13,13,0,1,1,13,126.252,20.0,106.252,15,5,6,6
3.0,19,14,14,14,0,1,1,14,129.7866,20.0,109.7866,15,5,5,5
3.0,19,15,15,15,0,1,1,15,131.2578,20.0,111.2578,15,5,4,4
3.0,19,16,15,15,0,1,1,15,131.2578,20.0,111.2578,15,5,4,4
3.0,19,17,15,15,0,1,1,15,131.2578,20.0,111.2578,15,5,4,4
3.0,19,18,15,15,0,1,1,15,131.2578,20.0,111.2578,15,5,4,4
3.0,19,19,15,15,0,1,1,15,131.2578,20.0,111.2578,15,5,4,4
3.0,19,20,15,15,0,1,1,15,131.2578,20.0,111.2578,15,5,4,4
3.0,19,21,15,15,0,1,1,15,131.2578,20.0,111.2578,15,5,4,4
3.0,19,22,15,15,0,1,1,15,131.2578,20.0,111.2578,15,5,4,4
3.0,19,23,15,15,0,1,1,15,131.2578,20.0,111.2578,15,5,4,4
3.0,19,24,15,15,0,1,1,15,131.2578,20.0,111.2578,15,5,4,4
3.0,19,25,15,15,0,1,1,15,131.2578,20.0,111.2578,15,5,4,4
3.0,19,26,15,15,0,1,1,15,131.2578,20.0,111.2578,15,5,4,4
3.0,19,27,15,15,0,1,1,15,131.2578,20.0,111.2578,15,5,4,4
3.0,19,28,15,15,0,1,1,15,131.2578,20.0,111.2578,15,5,4,4
3.0,19,29,15,15,0,1,1,15,131.2578,20.0,111.2578,15,5,4,4
3.0,19,30,15,15,0,1,1,15,131.2578,20.0,111.2578,15,5,4,4
3.0,20,1,0,0,0,0,0,1,10.9983,20.0,-9.0017,16,5,20,19
3.0,20,2,2,0,-2,1,0,2,21.9942,20.0,1.9942,16,5,20,18
3.0,20,3,3,0,-3,1,0,3,32.9844,20.0,12.9844,16,5,20,17
3.0,20,4,4,0,-4,1,0,4,43.9622,20.0,23.9622,16,5,20,16
3.0,20,5,5,5,0,1,1,5,54.914,20.0,34.914,16,5,15,15
3.0,20,6,6,6,0,1,1,6,65.8145,20.0,45.8145,16,5,14,14
3.0,20,7,7,7,0,1,1,7,76.6182,20.0,56.6182,16,5,13,13
3.0,20,8,8,8,0,1,1,8,87.2496,20.0,67.2496,16,5,12,12
3.0,20,9,9,9,0,1,1,9,97.5911,20.0,77.5911,16,5,11,11
3.0,20,10,10,10,0,1,1,10,107.473,20.0,87.473,16,5,10,10
3.0,20,11,11,11,0,1,1,11,116.6688,20.0,96.6688,16,5,9,9
3.0,20,12,12,12,0,1,1,12,124.9019,20.0,104.9019,16,5,8,8
3.0,20,13,13,13,0,1,1,13,131.8649,20.0,111.8649,16,5,7,7
3.0,20,14,14,14,0,1,1,14,137.2503,20.0,117.2503,16,5,6,6
3.0,20,15,15,15,0,1,1,15,140.7849,20.0,120.7849,16,5,5,5
3.0,20,16,16,16,0,1,1,16,142.2561,20.0,122.2561,16,5,4,4
3.0,20,17,16,16,0,1,1,16,142.2561,20.0,122.2561,16,5,4,4
3.0,20,18,16,16,0,1,1,16,142.2561,20.0,122.2561,16,5,4,4
3.0,20,19,16,16,0,1,1,16,142.2561,20.0,122.2561,16,5,4,4
3.0,20,20,16,16,0,1,1,16,142.2561,20.0,122.2561,16,5,4,4
3.0,20,21,16,16,0,1,1,16,142.2561,20.0,122.2561,16,5,4,4
3.0,20,22,16,16,0,1,1,16,142.2561,20.0,122.2561,16,5,4,4
3.0,20,23,16,16,0,1,1,16,142.2561,20.0,122.2561,16,5,4,4
3.0,20,24,16,16,0,1,1,16,142.2561,20.0,122.2561,16,5,4,4
3.0,20,25,16,16,0,1,1,16,142.2561,20.0,122.2561,16,5,4,4
3.0,20,26,16,16,0,1,1,16,142.2561,20.0,122.2561,16,5,4,4
3.0,20,27,16,16,0,1,1,16,142.2561,20.0,122.2561,16,5,4,4
3.0,20,28,16,16,0,1,1,16,142.2561,20.0,122.2561,16,5,4,4
3.0,20,29,16,16,0,1,1,16,142.2561,20.0,122.2561,16,5,4,4
3.0,20,30,16,16,0,1,1,16,142.2561,20.0,122.2561,16,5,4,4
3.0,21,1,0,0,0,0,0,1,10.9993,20.0,-9.0007,17,5,21,20
3.0,21,2,2,0,-2,1,0,2,21.9977,20.0,1.9977,17,5,21,19
3.0,21,3,3,0,-3,1,0,3,32.9935,20.0,12.9935,17,5,21,18
3.0,21,4,4,0,-4,1,0,4,43.9837,20.0,23.9837,17,5,21,17
3.0,21,5,5,5,0,1,1,5,54.9615,20.0,34.9615,17,5,16,16
3.0,21,6,6,6,0,1,1,6,65.9134,20.0,45.9134,17,5,15,15
3.0,21,7,7,7,0,1,1,7,76.8138,20.0,56.8138,17,5,14,14
3.0,21,8,8,8,0,1,1,8,87.6175,20.0,67.6175,17,5,13,13
3.0,21,9,9,9,0,1,1,9,98.2489,20.0,78.2489,17,5,12,12
3.0,21,10,10,10,0,1,1,10,108.5904,20.0,88.5904,17,5,11,11
3.0,21,11,11,11,0,1,1,11,118.4723,20.0,98.4723,17,5,10,10
3.0,21,12,12,12,0,1,1,12,127.6682,20.0,107.6682,17,5,9,9
3.0,21,13,13,13,0,1,1,13,135.9013,20.0,115.9013,17,5,8,8
3.0,21,14,14,14,0,1,1,14,142.8643,20.0,122.8643,17,5,7,7
3.0,21,15,15,15,0,1,1,15,148.2497,20.0,128.2497,17,5,6,6
3.0,21,16,16,16,0,1,1,16,151.7843,20.0,131.7843,17,5,5,5
3.0,21,17,17,17,0,1,1,17,153.2554,20.0,133.2554,17,5,4,4
3.0,21,18,17,17,0,1,1,17,153.2554,20.0,133.2554,17,5,4,4
3.0,21,19,17,17,0,1,1,17,153.2554,20.0,133.2554,17,5,4,4
3.0,21,20,17,17,0,1,1,17,153.2554,20.0,133.2554,17,5,4,4
3.0,21,21,17,17,0,1,1,17,153.2554,20.0,133.2554,17,5,4,4
3.0,21,22,17,17,0,1,1,17,153.2554,20.0,133.2554,17,5,4,4
3.0,21,23,17,17,0,1,1,17,153.2554,20.0,133.2554,17,5,4,4
3.0,21,24,17,17,0,1,1,17,153.2554,20.0,133.2554,17,5,4,4
3.0,21,25,17,17,0,1,1,17,153.2554,20.0,133.2554,17,5,4,4
3.0,21,26,17,17,0,1,1,17,153.2554,20.0,133.2554,17,5,4,4
3.0,21,27,17,17,0,1,1,17,153.2554,20.0,133.2554,17,5,4,4
3.0,21,28,17,17,0,1,1,17,153.2554,20.0,133.2554,17,5,4,4
3.0,21,29,17,17,0,1,1,17,153.2554,20.0,133.2554,17,5,4,4
3.0,21,30,17,17,0,1,1,17,153.2554,20.0,133.2554,17,5,4,4
3.0,22,1,0,0,0,0,0,1,10.9998,20.0,-9.0002,18,5,22,21
3.0,22,2,2,0,-2,1,0,2,21.9991,20.0,1.9991,18,5,22,20
3.0,22,3,3,0,-3,1,0,3,32.9974,20.0,12.9974,18,5,22,19
3.0,22,4,4,0,-4,1,0,4,43.9933,20.0,23.9933,18,5,22,18
3.0,22,5,5,5,0,1,1,5,54.9835,20.0,34.9835,18,5,17,17
3.0,22,6,6,6,0,1,1,6,65.9613,20.0,45.9613,18,5,16,16
3.0,22,7,7,7,0,1,1,7,76.9131,20.0,56.9131,18,5,15,15
3.0,22,8,8,8,0,1,1,8,87.8136,20.0,67.8136,18,5,14,14
3.0,22,9,9,9,0,1,1,9,98.6173,20.0,78.6173,18,5,13,13
3.0,22,10,10,10,0,1,1,10,109.2487,20.0,89.2487,18,5,12,12
3.0,22,11,11,11,0,1,1,11,119.5902,20.0,99.5902,18,5,11,11
3.0,22,12,12,12,0,1,1,12,129.4721,20.0,109.4721,18,5,10,10
3.0,22,13,13,13,0,1,1,13,138.6679,20.0,118.6679,18,5,9,9
3.0,22,14,14,14,0,1,1,14,146.9011,20.0,126.9011,18,5,8,8
3.0,22,15,15,15,0,1,1,15,153.864,20.0,133.864,18,5,7,7
3.0,22,16,16,16,0,1,1,16,159.2495,20.0,139.2495,18,5,6,6
3.0,22,17,17,17,0,1,1,17,162.784,20.0,142.784,18,5,5,5
3.0,22,18,18,18,0,1,1,18,164.2552,20.0,144.2552,18,5,4,4
3.0,22,19,18,18,0,1,1,18,164.2552,20.0,144.2552,18,5,4,4
3.0,22,20,18,18,0,1,1,18,164.2552,20.0,144.2552,18,5,4,4
3.0,22,21,18,18,0,1,1,18,164.2552,20.0,144.2552,18,5,4,4
3.0,22,22,18,18,0,1,1,18,164.2552,20.0,144.2552,18,5,4,4
3.0,22,23,18,18,0,1,1,18,164.2552,20.0,144.2552,18,5,4,4
3.0,22,24,18,18,0,1,1,18,164.2552,20.0,144.2552,18,5,4,4
3.0,22,25,18,18,0,1,1,18,164.2552,20.0,144.2552,18,5,4,4
3.0,22,26,18,18,0,1,1,18,164.2552,20.0,144.2552,18,5,4,4
3.0,22,27,18,18,0,1,1,18,164.2552,20.0,144.2552,18,5,4,4
3.0,22,28,18,18,0,1,1,18,164.2552,20.0,144.2552,18,5,4,4
3.0,22,29,18,18,0,1,1,18,164.2552,20.0,144.2552,18,5,4,4
3.0,22,30,18,18,0,1,1,18,164.2552,20.0,144.2552,18,5,4,4
3.0,23,1,0,0,0,0,0,1,10.9999,20.0,-9.0001,19,5,23,22
3.0,23,2,2,0,-2,1,0,2,21.9997,20.0,1.9997,19,5,23,21
3.0,23,3,3,0,-3,1,0,3,32.999,20.0,12.999,19,5,23,20
3.0,23,4,4,0,-4,1,0,4,43.9973,20.0,23.9973,19,5,23,19
3.0,23,5,5,5,0,1,1,5,54.9932,20.0,34.9932,19,5,18,18
3.0,23,6,6,6,0,1,1,6,65.9834,20.0,45.9834,19,5,17,17
3.0,23,7,7,7,0,1,1,7,76.9612,20.0,56.9612,19,5,16,16
3.0,23,8,8,8,0,1,1,8,87.9131,20.0,67.9131,19,5,15,15
3.0,23,9,9,9,0,1,1,9,98.8135,20.0,78.8135,19,5,14,14
3.0,23,10,10,10,0,1,1,10,109.6172,20.0,89.6172,19,5,13,13
3.0,23,11,11,11,0,1,1,11,120.2486,20.0,100.2486,19,5,12,12
3.0,23,12,12,12,0,1,1,12,130.5901,20.0,110.5901,19,5,11,11
3.0,23,13,13,13,0,1,1,13,140.472,20.0,120.472,19,5,10,10
3.0,23,14,14,14,0,1,1,14,149.6678,20.0,129.6678,19,5,9,9
3.0,23,15,15,15,0,1,1,15,157.901,20.0,137.901,19,5,8,8
3.0,23,16,16,16,0,1,1,16,164.864,20.0,144.864,19,5,7,7
3.0,23,17,17,17,0,1,1,17,170.2494,20.0,150.2494,19,5,6,6
3.0,23,18,18,18,0,1,1,18,173.7839,20.0,153.7839,19,5,5,5
3.0,23,19,19,19,0,1,1,19,175.2551,20.0,155.2551,19,5,4,4
3.0,23,20,19,19,0,1,1,19,175.2551,20.0,155.2551,19,5,4,4
3.0,23,21,19,19,0,1,1,19,175.2551,20.0,155.2551,19,5,4,4
3.0,23,22,19,19,0,1,1,19,175.2551,20.0,155.2551,19,5,4,4
3.0,23,23,19,19,0,1,1,19,175.2551,20.0,155.2551,19,5,4,4
3.0,23,24,19,19,0,1,1,19,175.2551,20.0,155.2551,19,5,4,4
3.0,23,25,19,19,0,1,1,19,175.2551,20.0,155.2551,19,5,4,4
3.0,23,26,19,19,0,1,1,19,175.2551,20.0,155.2551,19,5,4,4
3.0,23,27,19,19,0,1,1,19,175.2551,20.0,155.2551,19,5,4,4
3.0,23,28,19,19,0,1,1,19,175.2551,20.0,155.2551,19,5,4,4
3.0,23,29,19,19,0,1,1,19,175.2551,20.0,155.2551,19,5,4,4
3.0,23,30,19,19,0,1,1,19,175.2551,20.0,155.2551,19,5,4,4
3.0,24,1,0,0,0,0,0,1,11.0,20.0,-9.0,20,5,24,23
3.0,24,2,2,0,-2,1,0,2,21.9999,20.0,1.9999,20,5,24,22
3.0,24,3,3,0,-3,1,0,3,32.9996,20.0,12.9996,20,5,24,21
3.0,24,4,4,0,-4,1,0,4,43.999,20.0,23.999,20,5,24,20
3.0,24,5,5,5,0,1,1,5,54.9973,20.0,34.9973,20,5,19,19
3.0,24,6,6,6,0,1,1,6,65.9932,20.0,45.9932,20,5,18,18
3.0,24,7,7,7,0,1,1,7,76.9834,20.0,56.9834,20,5,17,17
3.0,24,8,8,8,0,1,1,8,87.9612,20.0,67.9612,20,5,16,16
3.0,24,9,9,9,0,1,1,9,98.913,20.0,78.913,20,5,15,15
3.0,24,10,10,10,0,1,1,10,109.8135,20.0,89.8135,20,5,14,14
3.0,24,11,11,11,0,1,1,11,120.6172,20.0,100.6172,20,5,13,13
3.0,24,12,12,12,0,1,1,12,131.2486,20.0,111.2486,20,5,12,12
3.0,24,13,13,13,0,1,1,13,141.5901,20.0,121.5901,20,5,11,11
3.0,24,14,14,14,0,1,1,14,151.472,20.0,131.472,20,5,10,10
3.0,24,15,15,15,0,1,1,15,160.6678,20.0,140.6678,20,5,9,9
3.0,24,16,16,16,0,1,1,16,168.9009,20.0,148.9009,20,5,8,8
3.0,24,17,17,17,0,1,1,17,175.8639,20.0,155.8639,20,5,7,7
3.0,24,18,18,18,0,1,1,18,181.2493,20.0,161.2493,20,5,6,6
3.0,24,19,19,19,0,1,1,19,184.7839,20.0,164.7839,20,5,5,5
3.0,24,20,20,20,0,1,1,20,186.2551,20.0,166.2551,20,5,4,4
3.0,24,21,20,20,0,1,1,20,186.2551,20.0,166.2551,20,5,4,4
3.0,24,22,20,20,0,1,1,20,186.2551,20.0,166.2551,20,5,4,4
3.0,24,23,20,20,0,1,1,20,186.2551,20.0,166.2551,20,5,4,4
3.0,24,24,20,20,0,1,1,20,186.2551,20.0,166.2551,20,5,4,4
3.0,24,25,20,20,0,1,1,20,186.2551,20.0,166.2551,20,5,4,4
3.0,24,26,20,20,0,1,1,20,186.2551,20.0,166.2551,20,5,4,4
3.0,24,27,20,20,0,1,1,20,186.2551,20.0,166.2551,20,5,4,4
3.0,24,28,20,20,0,1,1,20,186.2551,20.0,166.2551,20,5,4,4
3.0,24,29,20,20,0,1,1,20,186.2551,20.0,166.2551,20,5,4,4
3.0,24,30,20,20,0,1,1,20,186.2551,20.0,166.2551,20,5,4,4
3.0,25,1,0,0,0,0,0,1,11.0,20.0,-9.0,21,5,25,24
3.0,25,2,2,0,-2,1,0,2,22.0,20.0,2.0,21,5,25,23
3.0,25,3,3,0,-3,1,0,3,32.9999,20.0,12.9999,21,5,25,22
3.0,25,4,4,0,-4,1,0,4,43.9996,20.0,23.9996,21,5,25,21
3.0,25,5,5,5,0,1,1,5,54.999,20.0,34.999,21,5,20,20
3.0,25,6,6,6,0,1,1,6,65.9973,20.0,45.9973,21,5,19,19
3.0,25,7,7,7,0,1,1,7,76.9932,20.0,56.9932,21,5,18,18
3.0,25,8,8,8,0,1,1,8,87.9834,20.0,67.9834,21,5,17,17
3.0,25,9,9,9,0,1,1,9,98.9611,20.0,78.9611,21,5,16,16
3.0,25,10,10,10,0,1,1,10,109.913,20.0,89.913,21,5,15,15
3.0,25,11,11,11,0,1,1,11,120.8135,20.0,100.8135,21,5,14,14
3.0,25,12,12,12,0,1,1,12,131.6172,20.0,111.6172,21,5,13,13
3.0,25,13,13,13,0,1,1,13,142.2486,20.0,122.2486,21,5,12,12
3.0,25,14,14,14,0,1,1,14,152.5901,20.0,132.5901,21,5,11,11
3.0,25,15,15,15,0,1,1,15,162.4719,20.0,142.4719,21,5,10,10
3.0,25,16,16,16,0,1,1,16,171.6678,20.0,151.6678,21,5,9,9
3.0,25,17,17,17,0,1,1,17,179.9009,20.0,159.9009,21,5,8,8
3.0,25,18,18,18,0,1,1,18,186.8639,20.0,166.8639,21,5,7,7
3.0,25,19,19,19,0,1,1,19,192.2493,20.0,172.2493,21,5,6,6
3.0,25,20,20,20,0,1,1,20,195.7839,20.0,175.7839,21,5,5,5
3.0,25,21,21,21,0,1,1,21,197.2551,20.0,177.2551,21,5,4,4
3.0,25,22,21,21,0,1,1,21,197.2551,20.0,177.2551,21,5,4,4
3.0,25,23,21,21,0,1,1,21,197.2551,20.0,177.2551,21,5,4,4
3.0,25,24,21,21,0,1,1,21,197.2551,20.0,177.2551,21,5,4,4
3.0,25,25,21,21,0,1,1,21,197.2551,20.0,177.2551,21,5,4,4
3.0,25,26,21,21,0,1,1,21,197.2551,20.0,177.2551,21,5,4,4
3.0,25,27,21,21,0,1,1,21,197.2551,20.0,177.2551,21,5,4,4
3.0,25,28,21,21,0,1,1,21,197.2551,20.0,177.2551,21,5,4,4
3.0,25,29,21,21,0,1,1,21,197.2551,20.0,177.2551,21,5,4,4
3.0,25,30,21,21,0,1,1,21,197.2551,20.0,177.2551,21,5,4,4
3.0,26,1,0,0,0,0,0,1,11.0,20.0,-9.0,22,5,26,25
3.0,26,2,2,0,-2,1,0,2,22.0,20.0,2.0,22,5,26,24
3.0,26,3,3,0,-3,1,0,3,33.0,20.0,13.0,22,5,26,23
3.0,26,4,4,0,-4,1,0,4,43.9999,20.0,23.9999,22,5,26,22
3.0,26,5,5,5,0,1,1,5,54.9996,20.0,34.9996,22,5,21,21
3.0,26,6,6,6,0,1,1,6,65.999,20.0,45.999,22,5,20,20
3.0,26,7,7,7,0,1,1,7,76.9973,20.0,56.9973,22,5,19,19
3.0,26,8,8,8,0,1,1,8,87.9932,20.0,67.9932,22,5,18,18
3.0,26,9,9,9,0,1,1,9,98.9834,20.0,78.9834,22,5,17,17
3.0,26,10,10,10,0,1,1,10,109.9611,20.0,89.9611,22,5,16,16
3.0,26,11,11,11,0,1,1,11,120.913,20.0,100.913,22,5,15,15
3.0,26,12,12,12,0,1,1,12,131.8135,20.0,111.8135,22,5,14,14
3.0,26,13,13,13,0,1,1,13,142.6172,20.0,122.6172,22,5,13,13
3.0,26,14,14,14,0,1,1,14,153.2485,20.0,133.2485,22,5,12,12
3.0,26,15,15,15,0,1,1,15,163.5901,20.0,143.5901,22,5,11,11
3.0,26,16,16,16,0,1,1,16,173.4719,20.0,153.4719,22,5,10,10
3.0,26,17,17,17,0,1,1,17,182.6678,20.0,162.6678,22,5,9,9
3.0,26,18,18,18,0,1,1,18,190.9009,20.0,170.9009,22,5,8,8
3.0,26,19,19,19,0,1,1,19,197.8639,20.0,177.8639,22,5,7,7
3.0,26,20,20,20,0,1,1,20,203.2493,20.0,183.2493,22,5,6,6
3.0,26,21,21,21,0,1,1,21,206.7839,20.0,186.7839,22,5,5,5
3.0,26,22,22,22,0,1,1,22,208.2551,20.0,188.2551,22,5,4,4
3.0,26,23,22,22,0,1,1,22,208.2551,20.0,188.2551,22,5,4,4
3.0,26,24,22,22,0,1,1,22,208.2551,20.0,188.2551,22,5,4,4
3.0,26,25,22,22,0,1,1,22,208.2551,20.0,188.2551,22,5,4,4
3.0,26,26,22,22,0,1,1,22,208.2551,20.0,188.2551,22,5,4,4
3.0,26,27,22,22,0,1,1,22,208.2551,20.0,188.2551,22,5,4,4
3.0,26,28,22,22,0,1,1,22,208.2551,20.0,188.2551,22,5,4,4
3.0,26,29,22,22,0,1,1,22,208.2551,20.0,188.2551,22,5,4,4
3.0,26,30,22,22,0,1,1,22,208.2551,20.0,188.2551,22,5,4,4
3.0,27,1,0,0,0,0,0,1,11.0,20.0,-9.0,23,5,27,26
3.0,27,2,2,0,-2,1,0,2,22.0,20.0,2.0,23,5,27,25
3.0,27,3,3,0,-3,1,0,3,33.0,20.0,13.0,23,5,27,24
3.0,27,4,4,0,-4,1,0,4,44.0,20.0,24.0,23,5,27,23
3.0,27,5,5,5,0,1,1,5,54.9999,20.0,34.9999,23,5,22,22
3.0,27,6,6,6,0,1,1,6,65.9996,20.0,45.9996,23,5,21,21
3.0,27,7,7,7,0,1,1,7,76.999,20.0,56.999,23,5,20,20
3.0,27,8,8,8,0,1,1,8,87.9973,20.0,67.9973,23,5,19,19
3.0,27,9,9,9,0,1,1,9,98.9932,20.0,78.9932,23,5,18,18
3.0,27,10,10,10,0,1,1,10,109.9834,20.0,89.9834,23,5,17,17
3.0,27,11,11,11,0,1,1,11,120.9611,20.0,100.9611,23,5,16,16
3.0,27,12,12,12,0,1,1,12,131.913,20.0,111.913,23,5,15,15
3.0,27,13,13,13,0,1,1,13,142.8135,20.0,122.8135,23,5,14,14
3.0,27,14,14,14,0,1,1,14,153.6172,20.0,133.6172,23,5,13,13
3.0,27,15,15,15,0,1,1,15,164.2485,20.0,144.2485,23,5,12,12
3.0,27,16,16,16,0,1,1,16,174.5901,20.0,154.5901,23,5,11,11
3.0,27,17,17,17,0,1,1,17,184.4719,20.0,164.4719,23,5,10,10
3.0,27,18,18,18,0,1,1,18,193.6678,20.0,173.6678,23,5,9,9
3.0,27,19,19,19,0,1,1,19,201.9009,20.0,181.9009,23,5,8,8
3.0,27,20,20,20,0,1,1,20,208.8639,20.0,188.8639,23,5,7,7
3.0,27,21,21,21,0,1,1,21,214.2493,20.0,194.2493,23,5,6,6
3.0,27,22,22,22,0,1,1,22,217.7839,20.0,197.7839,23,5,5,5
3.0,27,23,23,23,0,1,1,23,219.2551,20.0,199.2551,23,5,4,4
3.0,27,24,23,23,0,1,1,23,219.2551,20.0,199.2551,23,5,4,4
3.0,27,25,23,23,0,1,1,23,219.2551,20.0,199.2551,23,5,4,4
3.0,27,26,23,23,0,1,1,23,219.2551,20.0,199.2551,23,5,4,4
3.0,27,27,23,23,0,1,1,23,219.2551,20.0,199.2551,23,5,4,4
3.0,27,28,23,23,0,1,1,23,219.2551,20.0,199.2551,23,5,4,4
3.0,27,29,23,23,0,1,1,23,219.2551,20.0,199.2551,23,5,4,4
3.0,27,30,23,23,0,1,1,23,219.2551,20.0,199.2551,23,5,4,4
3.0,28,1,0,0,0,0,0,1,11.0,20.0,-9.0,24,5,28,27
3.0,28,2,2,0,-2,1,0,2,22.0,20.0,2.0,24,5,28,26
3.0,28,3,3,0,-3,1,0,3,33.0,20.0,13.0,24,5,28,25
3.0,28,4,4,0,-4,1,0,4,44.0,20.0,24.0,24,5,28,24
3.0,28,5,5,5,0,1,1,5,55.0,20.0,35.0,24,5,23,23
3.0,28,6,6,6,0,1,1,6,65.9999,20.0,45.9999,24,5,22,22
3.0,28,7,7,7,0,1,1,7,76.9996,20.0,56.9996,24,5,21,21
3.0,28,8,8,8,0,1,1,8,87.999,20.0,67.999,24,5,20,20
3.0,28,9,9,9,0,1,1,9,98.9973,20.0,78.9973,24,5,19,19
3.0,28,10,10,10,0,1,1,10,109.9932,20.0,89.9932,24,5,18,18
3.0,28,11,11,11,0,1,1,11,120.9834,20.0,100.9834,24,5,17,17
3.0,28,12,12,12,0,1,1,12,131.9611,20.0,111.9611,24,5,16,16
3.0,28,13,13,13,0,1,1,13,142.913,20.0,122.913,24,5,15,15
3.0,28,14,14,14,0,1,1,14,153.8135,20.0,133.8135,24,5,14,14
3.0,28,15,15,15,0,1,1,15,164.6172,20.0,144.6172,24,5,13,13
3.0,28,16,16,16,0,1,1,16,175.2485,20.0,155.2485,24,5,12,12
3.0,28,17,17,17,0,1,1,17,185.5901,20.0,165.5901,24,5,11,11
3.0,28,18,18,18,0,1,1,18,195.4719,20.0,175.4719,24,5,10,10
3.0,28,19,19,19,0,1,1,19,204.6678,20.0,184.6678,24,5,9,9
3.0,28,20,20,20,0,1,1,20,212.9009,20.0,192.9009,24,5,8,8
3.0,28,21,21,21,0,1,1,21,219.8639,20.0,199.8639,24,5,7,7
3.0,28,22,22,22,0,1,1,22,225.2493,20.0,205.2493,24,5,6,6
3.0,28,23,23,23,0,1,1,23,228.7839,20.0,208.7839,24,5,5,5
3.0,28,24,24,24,0,1,1,24,230.2551,20.0,210.2551,24,5,4,4
3.0,28,25,24,24,0,1,1,24,230.2551,20.0,210.2551,24,5,4,4
3.0,28,26,24,24,0,1,1,24,230.2551,20.0,210.2551,24,5,4,4
3.0,28,27,24,24,0,1,1,24,230.2551,20.0,210.2551,24,5,4,4
3.0,28,28,24,24,0,1,1,24,230.2551,20.0,210.2551,24,5,4,4
3.0,28,29,24,24,0,1,1,24,230.2551,20.0,210.2551,24,5,4,4
3.0,28,30,24,24,0,1,1,24,230.2551,20.0,210.2551,24,5,4,4
3.0,29,1,0,0,0,0,0,1,11.0,20.0,-9.0,25,5,29,28
3.0,29,2,2,0,-2,1,0,2,22.0,20.0,2.0,25,5,29,27
3.0,29,3,3,0,-3,1,0,3,33.0,20.0,13.0,25,5,29,26
3.0,29,4,4,0,-4,1,0,4,44.0,20.0,24.0,25,5,29,25
3.0,29,5,5,5,0,1,1,5,55.0,20.0,35.0,25,5,24,24
3.0,29,6,6,6,0,1,1,6,66.0,20.0,46.0,25,5,23,23
3.0,29,7,7,7,0,1,1,7,76.9999,20.0,56.9999,25,5,22,22
3.0,29,8,8,8,0,1,1,8,87.9996,20.0,67.9996,25,5,21,21
3.0,29,9,9,9,0,1,1,9,98.999,20.0,78.999,25,5,20,20
3.0,29,10,10,10,0,1,1,10,109.9973,20.0,89.9973,25,5,19,19
3.0,29,11,11,11,0,1,1,11,120.9932,20.0,100.9932,25,5,18,18
3.0,29,12,12,12,0,1,1,12,131.9834,20.0,111.9834,25,5,17,17
3.0,29,13,13,13,0,1,1,13,142.9611,20.0,122.9611,25,5,16,16
3.0,29,14,14,14,0,1,1,14,153.913,20.0,133.913,25,5,15,15
3.0,29,15,15,15,0,1,1,15,164.8135,20.0,144.8135,25,5,14,14
3.0,29,16,16,16,0,1,1,16,175.6172,20.0,155.6172,25,5,13,13
3.0,29,17,17,17,0,1,1,17,186.2485,20.0,166.2485,25,5,12,12
3.0,29,18,18,18,0,1,1,18,196.5901,20.0,176.5901,25,5,11,11
3.0,29,19,19,19,0,1,1,19,206.4719,20.0,186.4719,25,5,10,10
3.0,29,20,20,20,0,1,1,20,215.6678,20.0,195.6678,25,5,9,9
3.0,29,21,21,21,0,1,1,21,223.9009,20.0,203.9009,25,5,8,8
3.0,29,22,22,22,0,1,1,22,230.8639,20.0,210.8639,25,5,7,7
3.0,29,23,23,23,0,1,1,23,236.2493,20.0,216.2493,25,5,6,6
3.0,29,24,24,24,0,1,1,24,239.7839,20.0,219.7839,25,5,5,5
3.0,29,25,25,25,0,1,1,25,241.2551,20.0,221.2551,25,5,4,4
3.0,29,26,25,25,0,1,1,25,241.2551,20.0,221.2551,25,5,4,4
3.0,29,27,25,25,0,1,1,25,241.2551,20.0,221.2551,25,5,4,4
3.0,29,28,25,25,0,1,1,25,241.2551,20.0,221.2551,25,5,4,4
3.0,29,29,25,25,0,1,1,25,241.2551,20.0,221.2551,25,5,4,4
3.0,29,30,25,25,0,1,1,25,241.2551,20.0,221.2551,25,5,4,4
3.0,30,1,0,0,0,0,0,1,11.0,20.0,-9.0,26,5,30,29
3.0,30,2,2,0,-2,1,0,2,22.0,20.0,2.0,26,5,30,28
3.0,30,3,3,0,-3,1,0,3,33.0,20.0,13.0,26,5,30,27
3.0,30,4,4,0,-4,1,0,4,44.0,20.0,24.0,26,5,30,26
3.0,30,5,5,5,0,1,1,5,55.0,20.0,35.0,26,5,25,25
3.0,30,6,6,6,0,1,1,6,66.0,20.0,46.0,26,5,24,24
3.0,30,7,7,7,0,1,1,7,77.0,20.0,57.0,26,5,23,23
3.0,30,8,8,8,0,1,1,8,87.9999,20.0,67.9999,26,5,22,22
3.0,30,9,9,9,0,1,1,9,98.9996,20.0,78.9996,26,5,21,21
3.0,30,10,10,10,0,1,1,10,109.999,20.0,89.999,26,5,20,20
3.0,30,11,11,11,0,1,1,11,120.9973,20.0,100.9973,26,5,19,19
3.0,30,12,12,12,0,1,1,12,131.9932,20.0,111.9932,26,5,18,18
3.0,30,13,13,13,0,1,1,13,142.9834,20.0,122.9834,26,5,17,17
3.0,30,14,14,14,0,1,1,14,153.9611,20.0,133.9611,26,5,16,16
3.0,30,15,15,15,0,1,1,15,164.913,20.0,144.913,26,5,15,15
3.0,30,16,16,16,0,1,1,16,175.8135,20.0,155.8135,26,5,14,14
3.0,30,17,17,17,0,1,1,17,186.6172,20.0,166.6172,26,5,13,13
3.0,30,18,18,18,0,1,1,18,197.2485,20.0,177.2485,26,5,12,12
3.0,30,19,19,19,0,1,1,19,207.5901,20.0,187.5901,26,5,11,11
3.0,30,20,20,20,0,1,1,20,217.4719,20.0,197.4719,26,5,10,10
3.0,30,21,21,21,0,1,1,21,226.6678,20.0,206.6678,26,5,9,9
3.0,30,22,22,22,0,1,1,22,234.9009,20.0,214.9009,26,5,8,8
3.0,30,23,23,23,0,1,1,23,241.8639,20.0,221.8639,26,5,7,7
3.0,30,24,24,24,0,1,1,24,247.2493,20.0,227.2493,26,5,6,6
3.0,30,25,25,25,0,1,1,25,250.7839,20.0,230.7839,26,5,5,5
3.0,30,26,26,26,0,1,1,26,252.2551,20.0,232.2551,26,5,4,4
3.0,30,27,26,26,0,1,1,26,252.2551,20.0,232.2551,26,5,4,4
3.0,30,28,26,26,0,1,1,26,252.2551,20.0,232.2551,26,5,4,4
3.0,30,29,26,26,0,1,1,26,252.2551,20.0,232.2551,26,5,4,4
3.0,30,30,26,26,0,1,1,26,252.2551,20.0,232.2551,26,5,4,4
4.0,1,1,0,0,0,0,0,0,0.0,20.0,-20.0,0,5,1,4
4.0,1,2,0,0,0,0,0,0,0.0,20.0,-20.0,0,5,1,4
4.0,1,3,0,0,0,0,0,0,0.0,20.0,-20.0,0,5,1,4
4.0,1,4,0,0,0,0,0,0,0.0,20.0,-20.0,0,5,1,4
4.0,1,5,0,0,0,0,0,0,0.0,20.0,-20.0,0,5,1,4
4.0,1,6,0,0,0,0,0,0,0.0,20.0,-20.0,0,5,1,4
4.0,1,7,0,0,0,0,0,0,0.0,20.0,-20.0,0,5,1,4
4.0,1,8,0,0,0,0,0,0,0.0,20.0,-20.0,0,5,1,4
4.0,1,9,0,0,0,0,0,0,0.0,20.0,-20.0,0,5,1,4
4.0,1,10,0,0,0,0,0,0,0.0,20.0,-20.0,0,5,1,4
4.0,1,11,0,0,0,0,0,0,0.0,20.0,-20.0,0,5,1,4
4.0,1,12,0,0,0,0,0,0,0.0,20.0,-20.0,0,5,1,4
4.0,1,13,0,0,0,0,0,0,0.0,20.0,-20.0,0,5,1,4
4.0,1,14,0,0,0,0,0,0,0.0,20.0,-20.0,0,5,1,4
4.0,1,15,0,0,0,0,0,0,0.0,20.0,-20.0,0,5,1,4
4.0,1,16,0,0,0,0,0,0,0.0,20.0,-20.0,0,5,1,4
4.0,1,17,0,0,0,0,0,0,0.0,20.0,-20.0,0,5,1,4
4.0,1,18,0,0,0,0,0,0,0.0,20.0,-20.0,0,5,1,4
4.0,1,19,0,0,0,0,0,0,0.0,20.0,-20.0,0,5,1,4
4.0,1,20,0,0,0,0,0,0,0.0,20.0,-20.0,0,5,1,4
4.0,1,21,0,0,0,0,0,0,0.0,20.0,-20.0,0,5,1,4
4.0,1,22,0,0,0,0,0,0,0.0,20.0,-20.0,0,5,1,4
4.0,1,23,0,0,0,0,0,0,0.0,20.0,-20.0,0,5,1,4
4.0,1,24,0,0,0,0,0,0,0.0,20.0,-20.0,0,5,1,4
4.0,1,25,0,0,0,0,0,0,0.0,20.0,-20.0,0,5,1,4
4.0,1,26,0,0,0,0,0,0,0.0,20.0,-20.0,0,5,1,4
4.0,1,27,0,0,0,0,0,0,0.0,20.0,-20.0,0,5,1,4
4.0,1,28,0,0,0,0,0,0,0.0,20.0,-20.0,0,5,1,4
4.0,1,29,0,0,0,0,0,0,0.0,20.0,-20.0,0,5,1,4
4.0,1,30,0,0,0,0,0,0,0.0,20.0,-20.0,0,5,1,4
4.0,2,1,0,0,0,0,0,0,0.0,20.0,-20.0,0,5,2,4
4.0,2,2,0,0,0,0,0,0,0.0,20.0,-20.0,0,5,2,4
4.0,2,3,0,0,0,0,0,0,0.0,20.0,-20.0,0,5,2,4
4.0,2,4,0,0,0,0,0,0,0.0,20.0,-20.0,0,5,2,4
4.0,2,5,0,0,0,0,0,0,0.0,20.0,-20.0,0,5,2,4
4.0,2,6,0,0,0,0,0,0,0.0,20.0,-20.0,0,5,2,4
4.0,2,7,0,0,0,0,0,0,0.0,20.0,-20.0,0,5,2,4
4.0,2,8,0,0,0,0,0,0,0.0,20.0,-20.0,0,5,2,4
4.0,2,9,0,0,0,0,0,0,0.0,20.0,-20.0,0,5,2,4
4.0,2,10,0,0,0,0,0,0,0.0,20.0,-20.0,0,5,2,4
4.0,2,11,0,0,0,0,0,0,0.0,20.0,-20.0,0,5,2,4
4.0,2,12,0,0,0,0,0,0,0.0,20.0,-20.0,0,5,2,4
4.0,2,13,0,0,0,0,0,0,0.0,20.0,-20.0,0,5,2,4
4.0,2,14,0,0,0,0,0,0,0.0,20.0,-20.0,0,5,2,4
4.0,2,15,0,0,0,0,0,0,0.0,20.0,-20.0,0,5,2,4
4.0,2,16,0,0,0,0,0,0,0.0,20.0,-20.0,0,5,2,4
4.0,2,17,0,0,0,0,0,0,0.0,20.0,-20.0,0,5,2,4
4.0,2,18,0,0,0,0,0,0,0.0,20.0,-20.0,0,5,2,4
4.0,2,19,0,0,0,0,0,0,0.0,20.0,-20.0,0,5,2,4
4.0,2,20,0,0,0,0,0,0,0.0,20.0,-20.0,0,5,2,4
4.0,2,21,0,0,0,0,0,0,0.0,20.0,-20.0,0,5,2,4
4.0,2,22,0,0,0,0,0,0,0.0,20.0,-20.0,0,5,2,4
4.0,2,23,0,0,0,0,0,0,0.0,20.0,-20.0,0,5,2,4
4.0,2,24,0,0,0,0,0,0,0.0,20.0,-20.0,0,5,2,4
4.0,2,25,0,0,0,0,0,0,0.0,20.0,-20.0,0,5,2,4
4.0,2,26,0,0,0,0,0,0,0.0,20.0,-20.0,0,5,2,4
4.0,2,27,0,0,0,0,0,0,0.0,20.0,-20.0,0,5,2,4
4.0,2,28,0,0,0,0,0,0,0.0,20.0,-20.0,0,5,2,4
4.0,2,29,0,0,0,0,0,0,0.0,20.0,-20.0,0,5,2,4
4.0,2,30,0,0,0,0,0,0,0.0,20.0,-20.0,0,5,2,4
4.0,3,1,0,0,0,0,0,0,0.0,20.0,-20.0,0,5,3,4
4.0,3,2,0,0,0,0,0,0,0.0,20.0,-20.0,0,5,3,4
4.0,3,3,0,0,0,0,0,0,0.0,20.0,-20.0,0,5,3,4
4.0,3,4,0,0,0,0,0,0,0.0,20.0,-20.0,0,5,3,4
4.0,3,5,0,0,0,0,0,0,0.0,20.0,-20.0,0,5,3,4
4.0,3,6,0,0,0,0,0,0,0.0,20.0,-20.0,0,5,3,4
4.0,3,7,0,0,0,0,0,0,0.0,20.0,-20.0,0,5,3,4
4.0,3,8,0,0,0,0,0,0,0.0,20.0,-20.0,0,5,3,4
4.0,3,9,0,0,0,0,0,0,0.0,20.0,-20.0,0,5,3,4
4.0,3,10,0,0,0,0,0,0,0.0,20.0,-20.0,0,5,3,4
4.0,3,11,0,0,0,0,0,0,0.0,20.0,-20.0,0,5,3,4
4.0,3,12,0,0,0,0,0,0,0.0,20.0,-20.0,0,5,3,4
4.0,3,13,0,0,0,0,0,0,0.0,20.0,-20.0,0,5,3,4
4.0,3,14,0,0,0,0,0,0,0.0,20.0,-20.0,0,5,3,4
4.0,3,15,0,0,0,0,0,0,0.0,20.0,-20.0,0,5,3,4
4.0,3,16,0,0,0,0,0,0,0.0,20.0,-20.0,0,5,3,4
4.0,3,17,0,0,0,0,0,0,0.0,20.0,-20.0,0,5,3,4
4.0,3,18,0,0,0,0,0,0,0.0,20.0,-20.0,0,5,3,4
4.0,3,19,0,0,0,0,0,0,0.0,20.0,-20.0,0,5,3,4
4.0,3,20,0,0,0,0,0,0,0.0,20.0,-20.0,0,5,3,4
4.0,3,21,0,0,0,0,0,0,0.0,20.0,-20.0,0,5,3,4
4.0,3,22,0,0,0,0,0,0,0.0,20.0,-20.0,0,5,3,4
4.0,3,23,0,0,0,0,0,0,0.0,20.0,-20.0,0,5,3,4
4.0,3,24,0,0,0,0,0,0,0.0,20.0,-20.0,0,5,3,4
4.0,3,25,0,0,0,0,0,0,0.0,20.0,-20.0,0,5,3,4
4.0,3,26,0,0,0,0,0,0,0.0,20.0,-20.0,0,5,3,4
4.0,3,27,0,0,0,0,0,0,0.0,20.0,-20.0,0,5,3,4
4.0,3,28,0,0,0,0,0,0,0.0,20.0,-20.0,0,5,3,4
4.0,3,29,0,0,0,0,0,0,0.0,20.0,-20.0,0,5,3,4
4.0,3,30,0,0,0,0,0,0,0.0,20.0,-20.0,0,5,3,4
4.0,4,1,0,0,0,0,0,0,0.0,20.0,-20.0,0,5,4,4
4.0,4,2,0,0,0,0,0,0,0.0,20.0,-20.0,0,5,4,4
4.0,4,3,0,0,0,0,0,0,0.0,20.0,-20.0,0,5,4,4
4.0,4,4,0,0,0,0,0,0,0.0,20.0,-20.0,0,5,4,4
4.0,4,5,0,0,0,0,0,0,0.0,20.0,-20.0,0,5,4,4
4.0,4,6,0,0,0,0,0,0,0.0,20.0,-20.0,0,5,4,4
4.0,4,7,0,0,0,0,0,0,0.0,20.0,-20.0,0,5,4,4
4.0,4,8,0,0,0,0,0,0,0.0,20.0,-20.0,0,5,4,4
4.0,4,9,0,0,0,0,0,0,0.0,20.0,-20.0,0,5,4,4
4.0,4,10,0,0,0,0,0,0,0.0,20.0,-20.0,0,5,4,4
4.0,4,11,0,0,0,0,0,0,0.0,20.0,-20.0,0,5,4,4
4.0,4,12,0,0,0,0,0,0,0.0,20.0,-20.0,0,5,4,4
4.0,4,13,0,0,0,0,0,0,0.0,20.0,-20.0,0,5,4,4
4.0,4,14,0,0,0,0,0,0,0.0,20.0,-20.0,0,5,4,4
4.0,4,15,0,0,0,0,0,0,0.0,20.0,-20.0,0,5,4,4
4.0,4,16,0,0,0,0,0,0,0.0,20.0,-20.0,0,5,4,4
4.0,4,17,0,0,0,0,0,0,0.0,20.0,-20.0,0,5,4,4
4.0,4,18,0,0,0,0,0,0,0.0,20.0,-20.0,0,5,4,4
4.0,4,19,0,0,0,0,0,0,0.0,20.0,-20.0,0,5,4,4
4.0,4,20,0,0,0,0,0,0,0.0,20.0,-20.0,0,5,4,4
4.0,4,21,0,0,0,0,0,0,0.0,20.0,-20.0,0,5,4,4
4.0,4,22,0,0,0,0,0,0,0.0,20.0,-20.0,0,5,4,4
4.0,4,23,0,0,0,0,0,0,0.0,20.0,-20.0,0,5,4,4
4.0,4,24,0,0,0,0,0,0,0.0,20.0,-20.0,0,5,4,4
4.0,4,25,0,0,0,0,0,0,0.0,20.0,-20.0,0,5,4,4
4.0,4,26,0,0,0,0,0,0,0.0,20.0,-20.0,0,5,4,4
4.0,4,27,0,0,0,0,0,0,0.0,20.0,-20.0,0,5,4,4
4.0,4,28,0,0,0,0,0,0,0.0,20.0,-20.0,0,5,4,4
4.0,4,29,0,0,0,0,0,0,0.0,20.0,-20.0,0,5,4,4
4.0,4,30,0,0,0,0,0,0,0.0,20.0,-20.0,0,5,4,4
4.0,5,1,0,0,0,0,0,1,1.6422,20.0,-18.3578,1,5,5,4
4.0,5,2,0,0,0,0,0,1,1.6422,20.0,-18.3578,1,5,5,4
4.0,5,3,0,0,0,0,0,1,1.6422,20.0,-18.3578,1,5,5,4
4.0,5,4,0,0,0,0,0,1,1.6422,20.0,-18.3578,1,5,5,4
4.0,5,5,0,0,0,0,0,1,1.6422,20.0,-18.3578,1,5,5,4
4.0,5,6,0,0,0,0,0,1,1.6422,20.0,-18.3578,1,5,5,4
4.0,5,7,0,0,0,0,0,1,1.6422,20.0,-18.3578,1,5,5,4
4.0,5,8,0,0,0,0,0,1,1.6422,20.0,-18.3578,1,5,5,4
4.0,5,9,0,0,0,0,0,1,1.6422,20.0,-18.3578,1,5,5,4
4.0,5,10,0,0,0,0,0,1,1.6422,20.0,-18.3578,1,5,5,4
4.0,5,11,0,0,0,0,0,1,1.6422,20.0,-18.3578,1,5,5,4
4.0,5,12,0,0,0,0,0,1,1.6422,20.0,-18.3578,1,5,5,4
4.0,5,13,0,0,0,0,0,1,1.6422,20.0,-18.3578,1,5,5,4
4.0,5,14,0,0,0,0,0,1,1.6422,20.0,-18.3578,1,5,5,4
4.0,5,15,0,0,0,0,0,1,1.6422,20.0,-18.3578,1,5,5,4
4.0,5,16,0,0,0,0,0,1,1.6422,20.0,-18.3578,1,5,5,4
4.0,5,17,0,0,0,0,0,1,1.6422,20.0,-18.3578,1,5,5,4
4.0,5,18,0,0,0,0,0,1,1.6422,20.0,-18.3578,1,5,5,4
4.0,5,19,0,0,0,0,0,1,1.6422,20.0,-18.3578,1,5,5,4
4.0,5,20,0,0,0,0,0,1,1.6422,20.0,-18.3578,1,5,5,4
4.0,5,21,0,0,0,0,0,1,1.6422,20.0,-18.3578,1,5,5,4
4.0,5,22,0,0,0,0,0,1,1.6422,20.0,-18.3578,1,5,5,4
4.0,5,23,0,0,0,0,0,1,1.6422,20.0,-18.3578,1,5,5,4
4.0,5,24,0,0,0,0,0,1,1.6422,20.0,-18.3578,1,5,5,4
4.0,5,25,0,0,0,0,0,1,1.6422,20.0,-18.3578,1,5,5,4
4.0,5,26,0,0,0,0,0,1,1.6422,20.0,-18.3578,1,5,5,4
4.0,5,27,0,0,0,0,0,1,1.6422,20.0,-18.3578,1,5,5,4
4.0,5,28,0,0,0,0,0,1,1.6422,20.0,-18.3578,1,5,5,4
4.0,5,29,0,0,0,0,0,1,1.6422,20.0,-18.3578,1,5,5,4
4.0,5,30,0,0,0,0,0,1,1.6422,20.0,-18.3578,1,5,5,4
4.0,6,1,0,0,0,0,0,1,3.928,20.0,-16.072,2,5,6,5
4.0,6,2,0,0,0,0,0,2,5.5702,20.0,-14.4298,2,5,6,4
4.0,6,3,0,0,0,0,0,2,5.5702,20.0,-14.4298,2,5,6,4
4.0,6,4,0,0,0,0,0,2,5.5702,20.0,-14.4298,2,5,6,4
4.0,6,5,0,0,0,0,0,2,5.5702,20.0,-14.4298,2,5,6,4
4.0,6,6,0,0,0,0,0,2,5.5702,20.0,-14.4298,2,5,6,4
4.0,6,7,0,0,0,0,0,2,5.5702,20.0,-14.4298,2,5,6,4
4.0,6,8,0,0,0,0,0,2,5.5702,20.0,-14.4298,2,5,6,4
4.0,6,9,0,0,0,0,0,2,5.5702,20.0,-14.4298,2,5,6,4
4.0,6,10,0,0,0,0,0,2,5.5702,20.0,-14.4298,2,5,6,4
4.0,6,11,0,0,0,0,0,2,5.5702,20.0,-14.4298,2,5,6,4
4.0,6,12,0,0,0,0,0,2,5.5702,20.0,-14.4298,2,5,6,4
4.0,6,13,0,0,0,0,0,2,5.5702,20.0,-14.4298,2,5,6,4
4.0,6,14,0,0,0,0,0,2,5.5702,20.0,-14.4298,2,5,6,4
4.0,6,15,0,0,0,0,0,2,5.5702,20.0,-14.4298,2,5,6,4
4.0,6,16,0,0,0,0,0,2,5.5702,20.0,-14.4298,2,5,6,4
4.0,6,17,0,0,0,0,0,2,5.5702,20.0,-14.4298,2,5,6,4
4.0,6,18,0,0,0,0,0,2,5.5702,20.0,-14.4298,2,5,6,4
4.0,6,19,0,0,0,0,0,2,5.5702,20.0,-14.4298,2,5,6,4
4.0,6,20,0,0,0,0,0,2,5.5702,20.0,-14.4298,2,5,6,4
4.0,6,21,0,0,0,0,0,2,5.5702,20.0,-14.4298,2,5,6,4
4.0,6,22,0,0,0,0,0,2,5.5702,20.0,-14.4298,2,5,6,4
4.0,6,23,0,0,0,0,0,2,5.5702,20.0,-14.4298,2,5,6,4
4.0,6,24,0,0,0,0,0,2,5.5702,20.0,-14.4298,2,5,6,4
4.0,6,25,0,0,0,0,0,2,5.5702,20.0,-14.4298,2,5,6,4
4.0,6,26,0,0,0,0,0,2,5.5702,20.0,-14.4298,2,5,6,4
4.0,6,27,0,0,0,0,0,2,5.5702,20.0,-14.4298,2,5,6,4
4.0,6,28,0,0,0,0,0,2,5.5702,20.0,-14.4298,2,5,6,4
4.0,6,29,0,0,0,0,0,2,5.5702,20.0,-14.4298,2,5,6,4
4.0,6,30,0,0,0,0,0,2,5.5702,20.0,-14.4298,2,5,6,4
4.0,7,1,0,0,0,0,0,1,6.1545,20.0,-13.8455,3,5,7,6
4.0,7,2,0,0,0,0,0,2,10.0825,20.0,-9.9175,3,5,7,5
4.0,7,3,0,0,0,0,0,3,11.7247,20.0,-8.2753,3,5,7,4
4.0,7,4,0,0,0,0,0,3,11.7247,20.0,-8.2753,3,5,7,4
4.0,7,5,0,0,0,0,0,3,11.7247,20.0,-8.2753,3,5,7,4
4.0,7,6,0,0,0,0,0,3,11.7247,20.0,-8.2753,3,5,7,4
4.0,7,7,0,0,0,0,0,3,11.7247,20.0,-8.2753,3,5,7,4
4.0,7,8,0,0,0,0,0,3,11.7247,20.0,-8.2753,3,5,7,4
4.0,7,9,0,0,0,0,0,3,11.7247,20.0,-8.2753,3,5,7,4
4.0,7,10,0,0,0,0,0,3,11.7247,20.0,-8.2753,3,5,7,4
4.0,7,11,0,0,0,0,0,3,11.7247,20.0,-8.2753,3,5,7,4
4.0,7,12,0,0,0,0,0,3,11.7247,20.0,-8.2753,3,5,7,4
4.0,7,13,0,0,0,0,0,3,11.7247,20.0,-8.2753,3,5,7,4
4.0,7,14,0,0,0,0,0,3,11.7247,20.0,-8.2753,3,5,7,4
4.0,7,15,0,0,0,0,0,3,11.7247,20.0,-8.2753,3,5,7,4
4.0,7,16,0,0,0,0,0,3,11.7247,20.0,-8.2753,3,5,7,4
4.0,7,17,0,0,0,0,0,3,11.7247,20.0,-8.2753,3,5,7,4
4.0,7,18,0,0,0,0,0,3,11.7247,20.0,-8.2753,3,5,7,4
4.0,7,19,0,0,0,0,0,3,11.7247,20.0,-8.2753,3,5,7,4
4.0,7,20,0,0,0,0,0,3,11.7247,20.0,-8.2753,3,5,7,4
4.0,7,21,0,0,0,0,0,3,11.7247,20.0,-8.2753,3,5,7,4
4.0,7,22,0,0,0,0,0,3,11.7247,20.0,-8.2753,3,5,7,4
4.0,7,23,0,0,0,0,0,3,11.7247,20.0,-8.2753,3,5,7,4
4.0,7,24,0,0,0,0,0,3,11.7247,20.0,-8.2753,3,5,7,4
4.0,7,25,0,0,0,0,0,3,11.7247,20.0,-8.2753,3,5,7,4
4.0,7,26,0,0,0,0,0,3,11.7247,20.0,-8.2753,3,5,7,4
4.0,7,27,0,0,0,0,0,3,11.7247,20.0,-8.2753,3,5,7,4
4.0,7,28,0,0,0,0,0,3,11.7247,20.0,-8.2753,3,5,7,4
4.0,7,29,0,0,0,0,0,3,11.7247,20.0,-8.2753,3,5,7,4
4.0,7,30,0,0,0,0,0,3,11.7247,20.0,-8.2753,3,5,7,4
4.0,8,1,0,0,0,0,0,1,8.2789,20.0,-11.7211,4,5,8,7
4.0,8,2,0,0,0,0,0,2,14.4334,20.0,-5.5666,4,5,8,6
4.0,8,3,0,0,0,0,0,3,18.3614,20.0,-1.6386,4,5,8,5
4.0,8,4,4,4,0,1,1,4,20.0036,20.0,0.0036,4,5,4,4
4.0,8,5,4,4,0,1,1,4,20.0036,20.0,0.0036,4,5,4,4
4.0,8,6,4,4,0,1,1,4,20.0036,20.0,0.0036,4,5,4,4
4.0,8,7,4,4,0,1,1,4,20.0036,20.0,0.0036,4,5,4,4
4.0,8,8,4,4,0,1,1,4,20.0036,20.0,0.0036,4,5,4,4
4.0,8,9,4,4,0,1,1,4,20.0036,20.0,0.0036,4,5,4,4
4.0,8,10,4,4,0,1,1,4,20.0036,20.0,0.0036,4,5,4,4
4.0,8,11,4,4,0,1,1,4,20.0036,20.0,0.0036,4,5,4,4
4.0,8,12,4,4,0,1,1,4,20.0036,20.0,0.0036,4,5,4,4
4.0,8,13,4,4,0,1,1,4,20.0036,20.0,0.0036,4,5,4,4
4.0,8,14,4,4,0,1,1,4,20.0036,20.0,0.0036,4,5,4,4
4.0,8,15,4,0,-4,1,0,4,20.0036,20.0,0.0036,4,5,8,4
4.0,8,16,4,0,-4,1,0,4,20.0036,20.0,0.0036,4,5,8,4
4.0,8,17,4,0,-4,1,0,4,20.0036,20.0,0.0036,4,5,8,4
4.0,8,18,4,0,-4,1,0,4,20.0036,20.0,0.0036,4,5,8,4
4.0,8,19,4,0,-4,1,0,4,20.0036,20.0,0.0036,4,5,8,4
4.0,8,20,4,0,-4,1,0,4,20.0036,20.0,0.0036,4,5,8,4
4.0,8,21,4,0,-4,1,0,4,20.0036,20.0,0.0036,4,5,8,4
4.0,8,22,4,0,-4,1,0,4,20.0036,20.0,0.0036,4,5,8,4
4.0,8,23,4,0,-4,1,0,4,20.0036,20.0,0.0036,4,5,8,4
4.0,8,24,4,0,-4,1,0,4,20.0036,20.0,0.0036,4,5,8,4
4.0,8,25,4,0,-4,1,0,4,20.0036,20.0,0.0036,4,5,8,4
4.0,8,26,4,0,-4,1,0,4,20.0036,20.0,0.0036,4,5,8,4
4.0,8,27,4,0,-4,1,0,4,20.0036,20.0,0.0036,4,5,8,4
4.0,8,28,4,0,-4,1,0,4,20.0036,20.0,0.0036,4,5,8,4
4.0,8,29,4,0,-4,1,0,4,20.0036,20.0,0.0036,4,5,8,4
4.0,8,30,4,0,-4,1,0,4,20.0036,20.0,0.0036,4,5,8,4
4.0,9,1,0,0,0,0,0,1,10.2505,20.0,-9.7495,5,5,9,8
4.0,9,2,0,0,0,0,0,2,18.5295,20.0,-1.4705,5,5,9,7
4.0,9,3,3,0,-3,1,0,3,24.6839,20.0,4.6839,5,5,9,6
4.0,9,4,4,4,0,1,1,4,28.612,20.0,8.612,5,5,5,5
4.0,9,5,5,5,0,1,1,5,30.2541,20.0,10.2541,5,5,4,4
4.0,9,6,5,5,0,1,1,5,30.2541,20.0,10.2541,5,5,4,4
4.0,9,7,5,5,0,1,1,5,30.2541,20.0,10.2541,5,5,4,4
4.0,9,8,5,5,0,1,1,5,30.2541,20.0,10.2541,5,5,4,4
4.0,9,9,5,5,0,1,1,5,30.2541,20.0,10.2541,5,5,4,4
4.0,9,10,5,5,0,1,1,5,30.2541,20.0,10.2541,5,5,4,4
4.0,9,11,5,5,0,1,1,5,30.2541,20.0,10.2541,5,5,4,4
4.0,9,12,5,5,0,1,1,5,30.2541,20.0,10.2541,5,5,4,4
4.0,9,13,5,5,0,1,1,5,30.2541,20.0,10.2541,5,5,4,4
4.0,9,14,5,5,0,1,1,5,30.2541,20.0,10.2541,5,5,4,4
4.0,9,15,5,5,0,1,1,5,30.2541,20.0,10.2541,5,5,4,4
4.0,9,16,5,5,0,1,1,5,30.2541,20.0,10.2541,5,5,4,4
4.0,9,17,5,5,0,1,1,5,30.2541,20.0,10.2541,5,5,4,4
4.0,9,18,5,5,0,1,1,5,30.2541,20.0,10.2541,5,5,4,4
4.0,9,19,5,5,0,1,1,5,30.2541,20.0,10.2541,5,5,4,4
4.0,9,20,5,5,0,1,1,5,30.2541,20.0,10.2541,5,5,4,4
4.0,9,21,5,5,0,1,1,5,30.2541,20.0,10.2541,5,5,4,4
4.0,9,22,5,5,0,1,1,5,30.2541,20.0,10.2541,5,5,4,4
4.0,9,23,5,5,0,1,1,5,30.2541,20.0,10.2541,5,5,4,4
4.0,9,24,5,5,0,1,1,5,30.2541,20.0,10.2541,5,5,4,4
4.0,9,25,5,5,0,1,1,5,30.2541,20.0,10.2541,5,5,4,4
4.0,9,26,5,5,0,1,1,5,30.2541,20.0,10.2541,5,5,4,4
4.0,9,27,5,5,0,1,1,5,30.2541,20.0,10.2541,5,5,4,4
4.0,9,28,5,0,-5,1,0,5,30.2541,20.0,10.2541,5,5,9,4
4.0,9,29,5,0,-5,1,0,5,30.2541,20.0,10.2541,5,5,9,4
4.0,9,30,5,0,-5,1,0,5,30.2541,20.0,10.2541,5,5,9,4
4.0,10,1,0,0,0,0,0,1,12.0183,20.0,-7.9817,6,5,10,9
4.0,10,2,2,0,-2,1,0,2,22.2688,20.0,2.2688,6,5,10,8
4.0,10,3,3,0,-3,1,0,3,30.5478,20.0,10.5478,6,5,10,7
4.0,10,4,4,4,0,1,1,4,36.7022,20.0,16.7022,6,5,6,6
4.0,10,5,5,5,0,1,1,5,40.6303,20.0,20.6303,6,5,5,5
4.0,10,6,6,6,0,1,1,6,42.2724,20.0,22.2724,6,5,4,4
4.0,10,7,6,6,0,1,1,6,42.2724,20.0,22.2724,6,5,4,4
4.0,10,8,6,6,0,1,1,6,42.2724,20.0,22.2724,6,5,4,4
4.0,10,9,6,6,0,1,1,6,42.2724,20.0,22.2724,6,5,4,4
4.0,10,10,6,6,0,1,1,6,42.2724,20.0,22.2724,6,5,4,4
4.0,10,11,6,6,0,1,1,6,42.2724,20.0,22.2724,6,5,4,4
4.0,10,12,6,6,0,1,1,6,42.2724,20.0,22.2724,6,5,4,4
4.0,10,13,6,6,0,1,1,6,42.2724,20.0,22.2724,6,5,4,4
4.0,10,14,6,6,0,1,1,6,42.2724,20.0,22.2724,6,5,4,4
4.0,10,15,6,6,0,1,1,6,42.2724,20.0,22.2724,6,5,4,4
4.0,10,16,6,6,0,1,1,6,42.2724,20.0,22.2724,6,5,4,4
4.0,10,17,6,6,0,1,1,6,42.2724,20.0,22.2724,6,5,4,4
4.0,10,18,6,6,0,1,1,6,42.2724,20.0,22.2724,6,5,4,4
4.0,10,19,6,6,0,1,1,6,42.2724,20.0,22.2724,6,5,4,4
4.0,10,20,6,6,0,1,1,6,42.2724,20.0,22.2724,6,5,4,4
4.0,10,21,6,6,0,1,1,6,42.2724,20.0,22.2724,6,5,4,4
4.0,10,22,6,6,0,1,1,6,42.2724,20.0,22.2724,6,5,4,4
4.0,10,23,6,6,0,1,1,6,42.2724,20.0,22.2724,6,5,4,4
4.0,10,24,6,6,0,1,1,6,42.2724,20.0,22.2724,6,5,4,4
4.0,10,25,6,6,0,1,1,6,42.2724,20.0,22.2724,6,5,4,4
4.0,10,26,6,6,0,1,1,6,42.2724,20.0,22.2724,6,5,4,4
4.0,10,27,6,6,0,1,1,6,42.2724,20.0,22.2724,6,5,4,4
4.0,10,28,6,6,0,1,1,6,42.2724,20.0,22.2724,6,5,4,4
4.0,10,29,6,6,0,1,1,6,42.2724,20.0,22.2724,6,5,4,4
4.0,10,30,6,6,0,1,1,6,42.2724,20.0,22.2724,6,5,4,4
4.0,11,1,0,0,0,0,0,1,13.5414,20.0,-6.4586,7,5,11,10
4.0,11,2,2,0,-2,1,0,2,25.5597,20.0,5.5597,7,5,11,9
4.0,11,3,3,0,-3,1,0,3,35.8103,20.0,15.8103,7,5,11,8
4.0,11,4,4,0,-4,1,0,4,44.0892,20.0,24.0892,7,5,11,7
4.0,11,5,5,5,0,1,1,5,50.2437,20.0,30.2437,7,5,6,6
4.0,11,6,6,6,0,1,1,6,54.1717,20.0,34.1717,7,5,5,5
4.0,11,7,7,7,0,1,1,7,55.8139,20.0,35.8139,7,5,4,4
4.0,11,8,7,7,0,1,1,7,55.8139,20.0,35.8139,7,5,4,4
4.0,11,9,7,7,0,1,1,7,55.8139,20.0,35.8139,7,5,4,4
4.0,11,10,7,7,0,1,1,7,55.8139,20.0,35.8139,7,5,4,4
4.0,11,11,7,7,0,1,1,7,55.8139,20.0,35.8139,7,5,4,4
4.0,11,12,7,7,0,1,1,7,55.8139,20.0,35.8139,7,5,4,4
4.0,11,13,7,7,0,1,1,7,55.8139,20.0,35.8139,7,5,4,4
4.0,11,14,7,7,0,1,1,7,55.8139,20.0,35.8139,7,5,4,4
4.0,11,15,7,7,0,1,1,7,55.8139,20.0,35.8139,7,5,4,4
4.0,11,16,7,7,0,1,1,7,55.8139,20.0,35.8139,7,5,4,4
4.0,11,17,7,7,0,1,1,7,55.8139,20.0,35.8139,7,5,4,4
4.0,11,18,7,7,0,1,1,7,55.8139,20.0,35.8139,7,5,4,4
4.0,11,19,7,7,0,1,1,7,55.8139,20.0,35.8139,7,5,4,4
4.0,11,20,7,7,0,1,1,7,55.8139,20.0,35.8139,7,5,4,4
4.0,11,21,7,7,0,1,1,7,55.8139,20.0,35.8139,7,5,4,4
4.0,11,22,7,7,0,1,1,7,55.8139,20.0,35.8139,7,5,4,4
4.0,11,23,7,7,0,1,1,7,55.8139,20.0,35.8139,7,5,4,4
4.0,11,24,7,7,0,1,1,7,55.8139,20.0,35.8139,7,5,4,4
4.0,11,25,7,7,0,1,1,7,55.8139,20.0,35.8139,7,5,4,4
4.0,11,26,7,7,0,1,1,7,55.8139,20.0,35.8139,7,5,4,4
4.0,11,27,7,7,0,1,1,7,55.8139,20.0,35.8139,7,5,4,4
4.0,11,28,7,7,0,1,1,7,55.8139,20.0,35.8139,7,5,4,4
4.0,11,29,7,7,0,1,1,7,55.8139,20.0,35.8139,7,5,4,4
4.0,11,30,7,7,0,1,1,7,55.8139,20.0,35.8139,7,5,4,4
4.0,12,1,0,0,0,0,0,1,14.7977,20.0,-5.2023,8,5,12,11
4.0,12,2,2,0,-2,1,0,2,28.3391,20.0,8.3391,8,5,12,10
4.0,12,3,3,0,-3,1,0,3,40.3574,20.0,20.3574,8,5,12,9
4.0,12,4,4,0,-4,1,0,4,50.608,20.0,30.608,8,5,12,8
4.0,12,5,5,5,0,1,1,5,58.8869,20.0,38.8869,8,5,7,7
4.0,12,6,6,6,0,1,1,6,65.0414,20.0,45.0414,8,5,6,6
4.0,12,7,7,7,0,1,1,7,68.9694,20.0,48.9694,8,5,5,5
4.0,12,8,8,8,0,1,1,8,70.6116,20.0,50.6116,8,5,4,4
4.0,12,9,8,8,0,1,1,8,70.6116,20.0,50.6116,8,5,4,4
4.0,12,10,8,8,0,1,1,8,70.6116,20.0,50.6116,8,5,4,4
4.0,12,11,8,8,0,1,1,8,70.6116,20.0,50.6116,8,5,4,4
4.0,12,12,8,8,0,1,1,8,70.6116,20.0,50.6116,8,5,4,4
4.0,12,13,8,8,0,1,1,8,70.6116,20.0,50.6116,8,5,4,4
4.0,12,14,8,8,0,1,1,8,70.6116,20.0,50.6116,8,5,4,4
4.0,12,15,8,8,0,1,1,8,70.6116,20.0,50.6116,8,5,4,4
4.0,12,16,8,8,0,1,1,8,70.6116,20.0,50.6116,8,5,4,4
4.0,12,17,8,8,0,1,1,8,70.6116,20.0,50.6116,8,5,4,4
4.0,12,18,8,8,0,1,1,8,70.6116,20.0,50.6116,8,5,4,4
4.0,12,19,8,8,0,1,1,8,70.6116,20.0,50.6116,8,5,4,4
4.0,12,20,8,8,0,1,1,8,70.6116,20.0,50.6116,8,5,4,4
4.0,12,21,8,8,0,1,1,8,70.6116,20.0,50.6116,8,5,4,4
4.0,12,22,8,8,0,1,1,8,70.6116,20.0,50.6116,8,5,4,4
4.0,12,23,8,8,0,1,1,8,70.6116,20.0,50.6116,8,5,4,4
4.0,12,24,8,8,0,1,1,8,70.6116,20.0,50.6116,8,5,4,4
4.0,12,25,8,8,0,1,1,8,70.6116,20.0,50.6116,8,5,4,4
4.0,12,26,8,8,0,1,1,8,70.6116,20.0,50.6116,8,5,4,4
4.0,12,27,8,8,0,1,1,8,70.6116,20.0,50.6116,8,5,4,4
4.0,12,28,8,8,0,1,1,8,70.6116,20.0,50.6116,8,5,4,4
4.0,12,29,8,8,0,1,1,8,70.6116,20.0,50.6116,8,5,4,4
4.0,12,30,8,8,0,1,1,8,70.6116,20.0,50.6116,8,5,4,4
4.0,13,1,0,0,0,0,0,1,15.7871,20.0,-4.2129,9,5,13,12
4.0,13,2,2,0,-2,1,0,2,30.5848,20.0,10.5848,9,5,13,11
4.0,13,3,3,0,-3,1,0,3,44.1262,20.0,24.1262,9,5,13,10
4.0,13,4,4,0,-4,1,0,4,56.1445,20.0,36.1445,9,5,13,9
4.0,13,5,5,0,-5,1,0,5,66.3951,20.0,46.3951,9,5,13,8
4.0,13,6,6,6,0,1,1,6,74.674,20.0,54.674,9,5,7,7
4.0,13,7,7,7,0,1,1,7,80.8285,20.0,60.8285,9,5,6,6
4.0,13,8,8,8,0,1,1,8,84.7565,20.0,64.7565,9,5,5,5
4.0,13,9,9,9,0,1,1,9,86.3987,20.0,66.3987,9,5,4,4
4.0,13,10,9,9,0,1,1,9,86.3987,20.0,66.3987,9,5,4,4
4.0,13,11,9,9,0,1,1,9,86.3987,20.0,66.3987,9,5,4,4
4.0,13,12,9,9,0,1,1,9,86.3987,20.0,66.3987,9,5,4,4
4.0,13,13,9,9,0,1,1,9,86.3987,20.0,66.3987,9,5,4,4
4.0,13,14,9,9,0,1,1,9,86.3987,20.0,66.3987,9,5,4,4
4.0,13,15,9,9,0,1,1,9,86.3987,20.0,66.3987,9,5,4,4
4.0,13,16,9,9,0,1,1,9,86.3987,20.0,66.3987,9,5,4,4
4.0,13,17,9,9,0,1,1,9,86.3987,20.0,66.3987,9,5,4,4
4.0,13,18,9,9,0,1,1,9,86.3987,20.0,66.3987,9,5,4,4
4.0,13,19,9,9,0,1,1,9,86.3987,20.0,66.3987,9,5,4,4
4.0,13,20,9,9,0,1,1,9,86.3987,20.0,66.3987,9,5,4,4
4.0,13,21,9,9,0,1,1,9,86.3987,20.0,66.3987,9,5,4,4
4.0,13,22,9,9,0,1,1,9,86.3987,20.0,66.3987,9,5,4,4
4.0,13,23,9,9,0,1,1,9,86.3987,20.0,66.3987,9,5,4,4
4.0,13,24,9,9,0,1,1,9,86.3987,20.0,66.3987,9,5,4,4
4.0,13,25,9,9,0,1,1,9,86.3987,20.0,66.3987,9,5,4,4
4.0,13,26,9,9,0,1,1,9,86.3987,20.0,66.3987,9,5,4,4
4.0,13,27,9,9,0,1,1,9,86.3987,20.0,66.3987,9,5,4,4
4.0,13,28,9,9,0,1,1,9,86.3987,20.0,66.3987,9,5,4,4
4.0,13,29,9,9,0,1,1,9,86.3987,20.0,66.3987,9,5,4,4
4.0,13,30,9,9,0,1,1,9,86.3987,20.0,66.3987,9,5,4,4
4.0,14,1,0,0,0,0,0,1,16.5302,20.0,-3.4698,10,5,14,13
4.0,14,2,2,0,-2,1,0,2,32.3173,20.0,12.3173,10,5,14,12
4.0,14,3,3,0,-3,1,0,3,47.115,20.0,27.115,10,5,14,11
4.0,14,4,4,0,-4,1,0,4,60.6564,20.0,40.6564,10,5,14,10
4.0,14,5,5,0,-5,1,0,5,72.6747,20.0,52.6747,10,5,14,9
4.0,14,6,6,6,0,1,1,6,82.9253,20.0,62.9253,10,5,8,8
4.0,14,7,7,7,0,1,1,7,91.2042,20.0,71.2042,10,5,7,7
4.0,14,8,8,8,0,1,1,8,97.3587,20.0,77.3587,10,5,6,6
4.0,14,9,9,9,0,1,1,9,101.2867,20.0,81.2867,10,5,5,5
4.0,14,10,10,10,0,1,1,10,102.9289,20.0,82.9289,10,5,4,4
4.0,14,11,10,10,0,1,1,10,102.9289,20.0,82.9289,10,5,4,4
4.0,14,12,10,10,0,1,1,10,102.9289,20.0,82.9289,10,5,4,4
4.0,14,13,10,10,0,1,1,10,102.9289,20.0,82.9289,10,5,4,4
4.0,14,14,10,10,0,1,1,10,102.9289,20.0,82.9289,10,5,4,4
4.0,14,15,10,10,0,1,1,10,102.9289,20.0,82.9289,10,5,4,4
4.0,14,16,10,10,0,1,1,10,102.9289,20.0,82.9289,10,5,4,4
4.0,14,17,10,10,0,1,1,10,102.9289,20.0,82.9289,10,5,4,4
4.0,14,18,10,10,0,1,1,10,102.9289,20.0,82.9289,10,5,4,4
4.0,14,19,10,10,0,1,1,10,102.9289,20.0,82.9289,10,5,4,4
4.0,14,20,10,10,0,1,1,10,102.9289,20.0,82.9289,10,5,4,4
4.0,14,21,10,10,0,1,1,10,102.9289,20.0,82.9289,10,5,4,4
4.0,14,22,10,10,0,1,1,10,102.9289,20.0,82.9289,10,5,4,4
4.0,14,23,10,10,0,1,1,10,102.9289,20.0,82.9289,10,5,4,4
4.0,14,24,10,10,0,1,1,10,102.9289,20.0,82.9289,10,5,4,4
4.0,14,25,10,10,0,1,1,10,102.9289,20.0,82.9289,10,5,4,4
4.0,14,26,10,10,0,1,1,10,102.9289,20.0,82.9289,10,5,4,4
4.0,14,27,10,10,0,1,1,10,102.9289,20.0,82.9289,10,5,4,4
4.0,14,28,10,10,0,1,1,10,102.9289,20.0,82.9289,10,5,4,4
4.0,14,29,10,10,0,1,1,10,102.9289,20.0,82.9289,10,5,4,4
4.0,14,30,10,10,0,1,1,10,102.9289,20.0,82.9289,10,5,4,4
4.0,15,1,0,0,0,0,0,1,17.0621,20.0,-2.9379,11,5,15,14
4.0,15,2,2,0,-2,1,0,2,33.5923,20.0,13.5923,11,5,15,13
4.0,15,3,3,0,-3,1,0,3,49.3794,20.0,29.3794,11,5,15,12
4.0,15,4,4,0,-4,1,0,4,64.1771,20.0,44.1771,11,5,15,11
4.0,15,5,5,0,-5,1,0,5,77.7186,20.0,57.7186,11,5,15,10
4.0,15,6,6,0,-6,1,0,6,89.7369,20.0,69.7369,11,5,15,9
4.0,15,7,7,7,0,1,1,7,99.9874,20.0,79.9874,11,5,8,8
4.0,15,8,8,8,0,1,1,8,108.2663,20.0,88.2663,11,5,7,7
4.0,15,9,9,9,0,1,1,9,114.4208,20.0,94.4208,11,5,6,6
4.0,15,10,10,10,0,1,1,10,118.3488,20.0,98.3488,11,5,5,5
4.0,15,11,11,11,0,1,1,11,119.991,20.0,99.991,11,5,4,4
4.0,15,12,11,11,0,1,1,11,119.991,20.0,99.991,11,5,4,4
4.0,15,13,11,11,0,1,1,11,119.991,20.0,99.991,11,5,4,4
4.0,15,14,11,11,0,1,1,11,119.991,20.0,99.991,11,5,4,4
4.0,15,15,11,11,0,1,1,11,119.991,20.0,99.991,11,5,4,4
4.0,15,16,11,11,0,1,1,11,119.991,20.0,99.991,11,5,4,4
4.0,15,17,11,11,0,1,1,11,119.991,20.0,99.991,11,5,4,4
4.0,15,18,11,11,0,1,1,11,119.991,20.0,99.991,11,5,4,4
4.0,15,19,11,11,0,1,1,11,119.991,20.0,99.991,11,5,4,4
4.0,15,20,11,11,0,1,1,11,119.991,20.0,99.991,11,5,4,4
4.0,15,21,11,11,0,1,1,11,119.991,20.0,99.991,11,5,4,4
4.0,15,22,11,11,0,1,1,11,119.991,20.0,99.991,11,5,4,4
4.0,15,23,11,11,0,1,1,11,119.991,20.0,99.991,11,5,4,4
4.0,15,24,11,11,0,1,1,11,119.991,20.0,99.991,11,5,4,4
4.0,15,25,11,11,0,1,1,11,119.991,20.0,99.991,11,5,4,4
4.0,15,26,11,11,0,1,1,11,119.991,20.0,99.991,11,5,4,4
4.0,15,27,11,11,0,1,1,11,119.991,20.0,99.991,11,5,4,4
4.0,15,28,11,11,0,1,1,11,119.991,20.0,99.991,11,5,4,4
4.0,15,29,11,11,0,1,1,11,119.991,20.0,99.991,11,5,4,4
4.0,15,30,11,11,0,1,1,11,119.991,20.0,99.991,11,5,4,4
4.0,16,1,0,0,0,0,0,1,17.4252,20.0,-2.5748,12,5,16,15
4.0,16,2,2,0,-2,1,0,2,34.4873,20.0,14.4873,12,5,16,14
4.0,16,3,3,0,-3,1,0,3,51.0175,20.0,31.0175,12,5,16,13
4.0,16,4,4,0,-4,1,0,4,66.8046,20.0,46.8046,12,5,16,12
4.0,16,5,5,0,-5,1,0,5,81.6023,20.0,61.6023,12,5,16,11
4.0,16,6,6,6,0,1,1,6,95.1437,20.0,75.1437,12,5,10,10
4.0,16,7,7,7,0,1,1,7,107.162,20.0,87.162,12,5,9,9
4.0,16,8,8,8,0,1,1,8,117.4126,20.0,97.4126,12,5,8,8
4.0,16,9,9,9,0,1,1,9,125.6915,20.0,105.6915,12,5,7,7
4.0,16,10,10,10,0,1,1,10,131.846,20.0,111.846,12,5,6,6
4.0,16,11,11,11,0,1,1,11,135.774,20.0,115.774,12,5,5,5
4.0,16,12,12,12,0,1,1,12,137.4162,20.0,117.4162,12,5,4,4
4.0,16,13,12,12,0,1,1,12,137.4162,20.0,117.4162,12,5,4,4
4.0,16,14,12,12,0,1,1,12,137.4162,20.0,117.4162,12,5,4,4
4.0,16,15,12,12,0,1,1,12,137.4162,20.0,117.4162,12,5,4,4
4.0,16,16,12,12,0,1,1,12,137.4162,20.0,117.4162,12,5,4,4
4.0,16,17,12,12,0,1,1,12,137.4162,20.0,117.4162,12,5,4,4
4.0,16,18,12,12,0,1,1,12,137.4162,20.0,117.4162,12,5,4,4
4.0,16,19,12,12,0,1,1,12,137.4162,20.0,117.4162,12,5,4,4
4.0,16,20,12,12,0,1,1,12,137.4162,20.0,117.4162,12,5,4,4
4.0,16,21,12,12,0,1,1,12,137.4162,20.0,117.4162,12,5,4,4
4.0,16,22,12,12,0,1,1,12,137.4162,20.0,117.4162,12,5,4,4
4.0,16,23,12,12,0,1,1,12,137.4162,20.0,117.4162,12,5,4,4
4.0,16,24,12,12,0,1,1,12,137.4162,20.0,117.4162,12,5,4,4
4.0,16,25,12,12,0,1,1,12,137.4162,20.0,117.4162,12,5,4,4
4.0,16,26,12,12,0,1,1,12,137.4162,20.0,117.4162,12,5,4,4
4.0,16,27,12,12,0,1,1,12,137.4162,20.0,117.4162,12,5,4,4
4.0,16,28,12,12,0,1,1,12,137.4162,20.0,117.4162,12,5,4,4
4.0,16,29,12,12,0,1,1,12,137.4162,20.0,117.4162,12,5,4,4
4.0,16,30,12,12,0,1,1,12,137.4162,20.0,117.4162,12,5,4,4
4.0,17,1,0,0,0,0,0,1,17.6615,20.0,-2.3385,13,5,17,16
4.0,17,2,2,0,-2,1,0,2,35.0867,20.0,15.0867,13,5,17,15
4.0,17,3,3,0,-3,1,0,3,52.1488,20.0,32.1488,13,5,17,14
4.0,17,4,4,0,-4,1,0,4,68.679,20.0,48.679,13,5,17,13
4.0,17,5,5,5,0,1,1,5,84.4661,20.0,64.4661,13,5,12,12
4.0,17,6,6,6,0,1,1,6,99.2638,20.0,79.2638,13,5,11,11
4.0,17,7,7,7,0,1,1,7,112.8053,20.0,92.8053,13,5,10,10
4.0,17,8,8,8,0,1,1,8,124.8236,20.0,104.8236,13,5,9,9
4.0,17,9,9,9,0,1,1,9,135.0741,20.0,115.0741,13,5,8,8
4.0,17,10,10,10,0,1,1,10,143.353,20.0,123.353,13,5,7,7
4.0,17,11,11,11,0,1,1,11,149.5075,20.0,129.5075,13,5,6,6
4.0,17,12,12,12,0,1,1,12,153.4355,20.0,133.4355,13,5,5,5
4.0,17,13,13,13,0,1,1,13,155.0777,20.0,135.0777,13,5,4,4
4.0,17,14,13,13,0,1,1,13,155.0777,20.0,135.0777,13,5,4,4
4.0,17,15,13,13,0,1,1,13,155.0777,20.0,135.0777,13,5,4,4
4.0,17,16,13,13,0,1,1,13,155.0777,20.0,135.0777,13,5,4,4
4.0,17,17,13,13,0,1,1,13,155.0777,20.0,135.0777,13,5,4,4
4.0,17,18,13,13,0,1,1,13,155.0777,20.0,135.0777,13,5,4,4
4.0,17,19,13,13,0,1,1,13,155.0777,20.0,135.0777,13,5,4,4
4.0,17,20,13,13,0,1,1,13,155.0777,20.0,135.0777,13,5,4,4
4.0,17,21,13,13,0,1,1,13,155.0777,20.0,135.0777,13,5,4,4
4.0,17,22,13,13,0,1,1,13,155.0777,20.0,135.0777,13,5,4,4
4.0,17,23,13,13,0,1,1,13,155.0777,20.0,135.0777,13,5,4,4
4.0,17,24,13,13,0,1,1,13,155.0777,20.0,135.0777,13,5,4,4
4.0,17,25,13,13,0,1,1,13,155.0777,20.0,135.0777,13,5,4,4
4.0,17,26,13,13,0,1,1,13,155.0777,20.0,135.0777,13,5,4,4
4.0,17,27,13,13,0,1,1,13,155.0777,20.0,135.0777,13,5,4,4
4.0,17,28,13,13,0,1,1,13,155.0777,20.0,135.0777,13,5,4,4
4.0,17,29,13,13,0,1,1,13,155.0777,20.0,135.0777,13,5,4,4
4.0,17,30,13,13,0,1,1,13,155.0777,20.0,135.0777,13,5,4,4
4.0,18,1,0,0,0,0,0,1,17.8084,20.0,-2.1916,14,5,18,17
4.0,18,2,2,0,-2,1,0,2,35.47,20.0,15.47,14,5,18,16
4.0,18,3,3,0,-3,1,0,3,52.8951,20.0,32.8951,14,5,18,15
4.0,18,4,4,0,-4,1,0,4,69.9573,20.0,49.9573,14,5,18,14
4.0,18,5,5,5,0,1,1,5,86.4875,20.0,66.4875,14,5,13,13
4.0,18,6,6,6,0,1,1,6,102.2746,20.0,82.2746,14,5,12,12
4.0,18,7,7,7,0,1,1,7,117.0723,20.0,97.0723,14,5,11,11
4.0,18,8,8,8,0,1,1,8,130.6137,20.0,110.6137,14,5,10,10
4.0,18,9,9,9,0,1,1,9,142.632,20.0,122.632,14,5,9,9
4.0,18,10,10,10,0,1,1,10,152.8825,20.0,132.8825,14,5,8,8
4.0,18,11,11,11,0,1,1,11,161.1615,20.0,141.1615,14,5,7,7
4.0,18,12,12,12,0,1,1,12,167.3159,20.0,147.3159,14,5,6,6
4.0,18,13,13,13,0,1,1,13,171.244,20.0,151.244,14,5,5,5
4.0,18,14,14,14,0,1,1,14,172.8861,20.0,152.8861,14,5,4,4
4.0,18,15,14,14,0,1,1,14,172.8861,20.0,152.8861,14,5,4,4
4.0,18,16,14,14,0,1,1,14,172.8861,20.0,152.8861,14,5,4,4
4.0,18,17,14,14,0,1,1,14,172.8861,20.0,152.8861,14,5,4,4
4.0,18,18,14,14,0,1,1,14,172.8861,20.0,152.8861,14,5,4,4
4.0,18,19,14,14,0,1,1,14,172.8861,20.0,152.8861,14,5,4,4
4.0,18,20,14,14,0,1,1,14,172.8861,20.0,152.8861,14,5,4,4
4.0,18,21,14,14,0,1,1,14,172.8861,20.0,152.8861,14,5,4,4
4.0,18,22,14,14,0,1,1,14,172.8861,20.0,152.8861,14,5,4,4
4.0,18,23,14,14,0,1,1,14,172.8861,20.0,152.8861,14,5,4,4
4.0,18,24,14,14,0,1,1,14,172.8861,20.0,152.8861,14,5,4,4
4.0,18,25,14,14,0,1,1,14,172.8861,20.0,152.8861,14,5,4,4
4.0,18,26,14,14,0,1,1,14,172.8861,20.0,152.8861,14,5,4,4
4.0,18,27,14,14,0,1,1,14,172.8861,20.0,152.8861,14,5,4,4
4.0,18,28,14,14,0,1,1,14,172.8861,20.0,152.8861,14,5,4,4
4.0,18,29,14,14,0,1,1,14,172.8861,20.0,152.8861,14,5,4,4
4.0,18,30,14,14,0,1,1,14,172.8861,20.0,152.8861,14,5,4,4
4.0,19,1,0,0,0,0,0,1,17.8957,20.0,-2.1043,15,5,19,18
4.0,19,2,2,0,-2,1,0,2,35.7042,20.0,15.7042,15,5,19,17
4.0,19,3,3,0,-3,1,0,3,53.3657,20.0,33.3657,15,5,19,16
4.0,19,4,4,0,-4,1,0,4,70.7909,20.0,50.7909,15,5,19,15
4.0,19,5,5,5,0,1,1,5,87.853,20.0,67.853,15,5,14,14
4.0,19,6,6,6,0,1,1,6,104.3832,20.0,84.3832,15,5,13,13
4.0,19,7,7,7,0,1,1,7,120.1703,20.0,100.1703,15,5,12,12
4.0,19,8,8,8,0,1,1,8,134.968,20.0,114.968,15,5,11,11
4.0,19,9,9,9,0,1,1,9,148.5094,20.0,128.5094,15,5,10,10
4.0,19,10,10,10,0,1,1,10,160.5277,20.0,140.5277,15,5,9,9
4.0,19,11,11,11,0,1,1,11,170.7783,20.0,150.7783,15,5,8,8
4.0,19,12,12,12,0,1,1,12,179.0572,20.0,159.0572,15,5,7,7
4.0,19,13,13,13,0,1,1,13,185.2117,20.0,165.2117,15,5,6,6
4.0,19,14,14,14,0,1,1,14,189.1397,20.0,169.1397,15,5,5,5
4.0,19,15,15,15,0,1,1,15,190.7819,20.0,170.7819,15,5,4,4
4.0,19,16,15,15,0,1,1,15,190.7819,20.0,170.7819,15,5,4,4
4.0,19,17,15,15,0,1,1,15,190.7819,20.0,170.7819,15,5,4,4
4.0,19,18,15,15,0,1,1,15,190.7819,20.0,170.7819,15,5,4,4
4.0,19,19,15,15,0,1,1,15,190.7819,20.0,170.7819,15,5,4,4
4.0,19,20,15,15,0,1,1,15,190.7819,20.0,170.7819,15,5,4,4
4.0,19,21,15,15,0,1,1,15,190.7819,20.0,170.7819,15,5,4,4
4.0,19,22,15,15,0,1,1,15,190.7819,20.0,170.7819,15,5,4,4
4.0,19,23,15,15,0,1,1,15,190.7819,20.0,170.7819,15,5,4,4
4.0,19,24,15,15,0,1,1,15,190.7819,20.0,170.7819,15,5,4,4
4.0,19,25,15,15,0,1,1,15,190.7819,20.0,170.7819,15,5,4,4
4.0,19,26,15,15,0,1,1,15,190.7819,20.0,170.7819,15,5,4,4
4.0,19,27,15,15,0,1,1,15,190.7819,20.0,170.7819,15,5,4,4
4.0,19,28,15,15,0,1,1,15,190.7819,20.0,170.7819,15,5,4,4
4.0,19,29,15,15,0,1,1,15,190.7819,20.0,170.7819,15,5,4,4
4.0,19,30,15,15,0,1,1,15,190.7819,20.0,170.7819,15,5,4,4
4.0,20,1,0,0,0,0,0,1,17.9454,20.0,-2.0546,16,5,20,19
4.0,20,2,2,0,-2,1,0,2,35.8411,20.0,15.8411,16,5,20,18
4.0,20,3,3,0,-3,1,0,3,53.6496,20.0,33.6496,16,5,20,17
4.0,20,4,4,0,-4,1,0,4,71.3111,20.0,51.3111,16,5,20,16
4.0,20,5,5,5,0,1,1,5,88.7363,20.0,68.7363,16,5,15,15
4.0,20,6,6,6,0,1,1,6,105.7984,20.0,85.7984,16,5,14,14
4.0,20,7,7,7,0,1,1,7,122.3286,20.0,102.3286,16,5,13,13
4.0,20,8,8,8,0,1,1,8,138.1157,20.0,118.1157,16,5,12,12
4.0,20,9,9,9,0,1,1,9,152.9134,20.0,132.9134,16,5,11,11
4.0,20,10,10,10,0,1,1,10,166.4548,20.0,146.4548,16,5,10,10
4.0,20,11,11,11,0,1,1,11,178.4731,20.0,158.4731,16,5,9,9
4.0,20,12,12,12,0,1,1,12,188.7237,20.0,168.7237,16,5,8,8
4.0,20,13,13,13,0,1,1,13,197.0026,20.0,177.0026,16,5,7,7
4.0,20,14,14,14,0,1,1,14,203.1571,20.0,183.1571,16,5,6,6
4.0,20,15,15,15,0,1,1,15,207.0851,20.0,187.0851,16,5,5,5
4.0,20,16,16,16,0,1,1,16,208.7273,20.0,188.7273,16,5,4,4
4.0,20,17,16,16,0,1,1,16,208.7273,20.0,188.7273,16,5,4,4
4.0,20,18,16,16,0,1,1,16,208.7273,20.0,188.7273,16,5,4,4
4.0,20,19,16,16,0,1,1,16,208.7273,20.0,188.7273,16,5,4,4
4.0,20,20,16,16,0,1,1,16,208.7273,20.0,188.7273,16,5,4,4
4.0,20,21,16,16,0,1,1,16,208.7273,20.0,188.7273,16,5,4,4
4.0,20,22,16,16,0,1,1,16,208.7273,20.0,188.7273,16,5,4,4
4.0,20,23,16,16,0,1,1,16,208.7273,20.0,188.7273,16,5,4,4
4.0,20,24,16,16,0,1,1,16,208.7273,20.0,188.7273,16,5,4,4
4.0,20,25,16,16,0,1,1,16,208.7273,20.0,188.7273,16,5,4,4
4.0,20,26,16,16,0,1,1,16,208.7273,20.0,188.7273,16,5,4,4
4.0,20,27,16,16,0,1,1,16,208.7273,20.0,188.7273,16,5,4,4
4.0,20,28,16,16,0,1,1,16,208.7273,20.0,188.7273,16,5,4,4
4.0,20,29,16,16,0,1,1,16,208.7273,20.0,188.7273,16,5,4,4
4.0,20,30,16,16,0,1,1,16,208.7273,20.0,188.7273,16,5,4,4
4.0,21,1,0,0,0,0,0,1,17.9725,20.0,-2.0275,17,5,21,20
4.0,21,2,2,0,-2,1,0,2,35.9178,20.0,15.9178,17,5,21,19
4.0,21,3,3,0,-3,1,0,3,53.8136,20.0,33.8136,17,5,21,18
4.0,21,4,4,0,-4,1,0,4,71.622,20.0,51.622,17,5,21,17
4.0,21,5,5,5,0,1,1,5,89.2835,20.0,69.2835,17,5,16,16
4.0,21,6,6,6,0,1,1,6,106.7087,20.0,86.7087,17,5,15,15
4.0,21,7,7,7,0,1,1,7,123.7709,20.0,103.7709,17,5,14,14
4.0,21,8,8,8,0,1,1,8,140.301,20.0,120.301,17,5,13,13
4.0,21,9,9,9,0,1,1,9,156.0882,20.0,136.0882,17,5,12,12
4.0,21,10,10,10,0,1,1,10,170.8859,20.0,150.8859,17,5,11,11
4.0,21,11,11,11,0,1,1,11,184.4273,20.0,164.4273,17,5,10,10
4.0,21,12,12,12,0,1,1,12,196.4456,20.0,176.4456,17,5,9,9
4.0,21,13,13,13,0,1,1,13,206.6961,20.0,186.6961,17,5,8,8
4.0,21,14,14,14,0,1,1,14,214.9751,20.0,194.9751,17,5,7,7
4.0,21,15,15,15,0,1,1,15,221.1295,20.0,201.1295,17,5,6,6
4.0,21,16,16,16,0,1,1,16,225.0575,20.0,205.0575,17,5,5,5
4.0,21,17,17,17,0,1,1,17,226.6997,20.0,206.6997,17,5,4,4
4.0,21,18,17,17,0,1,1,17,226.6997,20.0,206.6997,17,5,4,4
4.0,21,19,17,17,0,1,1,17,226.6997,20.0,206.6997,17,5,4,4
4.0,21,20,17,17,0,1,1,17,226.6997,20.0,206.6997,17,5,4,4
4.0,21,21,17,17,0,1,1,17,226.6997,20.0,206.6997,17,5,4,4
4.0,21,22,17,17,0,1,1,17,226.6997,20.0,206.6997,17,5,4,4
4.0,21,23,17,17,0,1,1,17,226.6997,20.0,206.6997,17,5,4,4
4.0,21,24,17,17,0,1,1,17,226.6997,20.0,206.6997,17,5,4,4
4.0,21,25,17,17,0,1,1,17,226.6997,20.0,206.6997,17,5,4,4
4.0,21,26,17,17,0,1,1,17,226.6997,20.0,206.6997,17,5,4,4
4.0,21,27,17,17,0,1,1,17,226.6997,20.0,206.6997,17,5,4,4
4.0,21,28,17,17,0,1,1,17,226.6997,20.0,206.6997,17,5,4,4
4.0,21,29,17,17,0,1,1,17,226.6997,20.0,206.6997,17,5,4,4
4.0,21,30,17,17,0,1,1,17,226.6997,20.0,206.6997,17,5,4,4
4.0,22,1,0,0,0,0,0,1,17.9866,20.0,-2.0134,18,5,22,21
4.0,22,2,2,0,-2,1,0,2,35.9591,20.0,15.9591,18,5,22,20
4.0,22,3,3,0,-3,1,0,3,53.9045,20.0,33.9045,18,5,22,19
4.0,22,4,4,0,-4,1,0,4,71.8002,20.0,51.8002,18,5,22,18
4.0,22,5,5,5,0,1,1,5,89.6086,20.0,69.6086,18,5,17,17
4.0,22,6,6,6,0,1,1,6,107.2701,20.0,87.2701,18,5,16,16
4.0,22,7,7,7,0,1,1,7,124.6953,20.0,104.6953,18,5,15,15
4.0,22,8,8,8,0,1,1,8,141.7575,20.0,121.7575,18,5,14,14
4.0,22,9,9,9,0,1,1,9,158.2877,20.0,138.2877,18,5,13,13
4.0,22,10,10,10,0,1,1,10,174.0748,20.0,154.0748,18,5,12,12
4.0,22,11,11,11,0,1,1,11,188.8725,20.0,168.8725,18,5,11,11
4.0,22,12,12,12,0,1,1,12,202.4139,20.0,182.4139,18,5,10,10
4.0,22,13,13,13,0,1,1,13,214.4322,20.0,194.4322,18,5,9,9
4.0,22,14,14,14,0,1,1,14,224.6827,20.0,204.6827,18,5,8,8
4.0,22,15,15,15,0,1,1,15,232.9617,20.0,212.9617,18,5,7,7
4.0,22,16,16,16,0,1,1,16,239.1161,20.0,219.1161,18,5,6,6
4.0,22,17,17,17,0,1,1,17,243.0442,20.0,223.0442,18,5,5,5
4.0,22,18,18,18,0,1,1,18,244.6863,20.0,224.6863,18,5,4,4
4.0,22,19,18,18,0,1,1,18,244.6863,20.0,224.6863,18,5,4,4
4.0,22,20,18,18,0,1,1,18,244.6863,20.0,224.6863,18,5,4,4
4.0,22,21,18,18,0,1,1,18,244.6863,20.0,224.6863,18,5,4,4
4.0,22,22,18,18,0,1,1,18,244.6863,20.0,224.6863,18,5,4,4
4.0,22,23,18,18,0,1,1,18,244.6863,20.0,224.6863,18,5,4,4
4.0,22,24,18,18,0,1,1,18,244.6863,20.0,224.6863,18,5,4,4
4.0,22,25,18,18,0,1,1,18,244.6863,20.0,224.6863,18,5,4,4
4.0,22,26,18,18,0,1,1,18,244.6863,20.0,224.6863,18,5,4,4
4.0,22,27,18,18,0,1,1,18,244.6863,20.0,224.6863,18,5,4,4
4.0,22,28,18,18,0,1,1,18,244.6863,20.0,224.6863,18,5,4,4
4.0,22,29,18,18,0,1,1,18,244.6863,20.0,224.6863,18,5,4,4
4.0,22,30,18,18,0,1,1,18,244.6863,20.0,224.6863,18,5,4,4
4.0,23,1,0,0,0,0,0,1,17.9937,20.0,-2.0063,19,5,23,22
4.0,23,2,2,0,-2,1,0,2,35.9803,20.0,15.9803,19,5,23,21
4.0,23,3,3,0,-3,1,0,3,53.9528,20.0,33.9528,19,5,23,20
4.0,23,4,4,0,-4,1,0,4,71.8982,20.0,51.8982,19,5,23,19
4.0,23,5,5,5,0,1,1,5,89.7939,20.0,69.7939,19,5,18,18
4.0,23,6,6,6,0,1,1,6,107.6024,20.0,87.6024,19,5,17,17
4.0,23,7,7,7,0,1,1,7,125.2639,20.0,105.2639,19,5,16,16
4.0,23,8,8,8,0,1,1,8,142.689,20.0,122.689,19,5,15,15
4.0,23,9,9,9,0,1,1,9,159.7512,20.0,139.7512,19,5,14,14
4.0,23,10,10,10,0,1,1,10,176.2814,20.0,156.2814,19,5,13,13
4.0,23,11,11,11,0,1,1,11,192.0685,20.0,172.0685,19,5,12,12
4.0,23,12,12,12,0,1,1,12,206.8662,20.0,186.8662,19,5,11,11
4.0,23,13,13,13,0,1,1,13,220.4076,20.0,200.4076,19,5,10,10
4.0,23,14,14,14,0,1,1,14,232.4259,20.0,212.4259,19,5,9,9
4.0,23,15,15,15,0,1,1,15,242.6764,20.0,222.6764,19,5,8,8
4.0,23,16,16,16,0,1,1,16,250.9554,20.0,230.9554,19,5,7,7
4.0,23,17,17,17,0,1,1,17,257.1098,20.0,237.1098,19,5,6,6
4.0,23,18,18,18,0,1,1,18,261.0379,20.0,241.0379,19,5,5,5
4.0,23,19,19,19,0,1,1,19,262.68,20.0,242.68,19,5,4,4
4.0,23,20,19,19,0,1,1,19,262.68,20.0,242.68,19,5,4,4
4.0,23,21,19,19,0,1,1,19,262.68,20.0,242.68,19,5,4,4
4.0,23,22,19,19,0,1,1,19,262.68,20.0,242.68,19,5,4,4
4.0,23,23,19,19,0,1,1,19,262.68,20.0,242.68,19,5,4,4
4.0,23,24,19,19,0,1,1,19,262.68,20.0,242.68,19,5,4,4
4.0,23,25,19,19,0,1,1,19,262.68,20.0,242.68,19,5,4,4
4.0,23,26,19,19,0,1,1,19,262.68,20.0,242.68,19,5,4,4
4.0,23,27,19,19,0,1,1,19,262.68,20.0,242.68,19,5,4,4
4.0,23,28,19,19,0,1,1,19,262.68,20.0,242.68,19,5,4,4
4.0,23,29,19,19,0,1,1,19,262.68,20.0,242.68,19,5,4,4
4.0,23,30,19,19,0,1,1,19,262.68,20.0,242.68,19,5,4,4
4.0,24,1,0,0,0,0,0,1,17.9972,20.0,-2.0028,20,5,24,23
4.0,24,2,2,0,-2,1,0,2,35.9909,20.0,15.9909,20,5,24,22
4.0,24,3,3,0,-3,1,0,3,53.9775,20.0,33.9775,20,5,24,21
4.0,24,4,4,0,-4,1,0,4,71.9499,20.0,51.9499,20,5,24,20
4.0,24,5,5,5,0,1,1,5,89.8953,20.0,69.8953,20,5,19,19
4.0,24,6,6,6,0,1,1,6,107.7911,20.0,87.7911,20,5,18,18
4.0,24,7,7,7,0,1,1,7,125.5995,20.0,105.5995,20,5,17,17
4.0,24,8,8,8,0,1,1,8,143.261,20.0,123.261,20,5,16,16
4.0,24,9,9,9,0,1,1,9,160.6862,20.0,140.6862,20,5,15,15
4.0,24,10,10,10,0,1,1,10,177.7483,20.0,157.7483,20,5,14,14
4.0,24,11,11,11,0,1,1,11,194.2785,20.0,174.2785,20,5,13,13
4.0,24,12,12,12,0,1,1,12,210.0656,20.0,190.0656,20,5,12,12
4.0,24,13,13,13,0,1,1,13,224.8633,20.0,204.8633,20,5,11,11
4.0,24,14,14,14,0,1,1,14,238.4048,20.0,218.4048,20,5,10,10
4.0,24,15,15,15,0,1,1,15,250.4231,20.0,230.4231,20,5,9,9
4.0,24,16,16,16,0,1,1,16,260.6736,20.0,240.6736,20,5,8,8
4.0,24,17,17,17,0,1,1,17,268.9525,20.0,248.9525,20,5,7,7
4.0,24,18,18,18,0,1,1,18,275.107,20.0,255.107,20,5,6,6
4.0,24,19,19,19,0,1,1,19,279.035,20.0,259.035,20,5,5,5
4.0,24,20,20,20,0,1,1,20,280.6772,20.0,260.6772,20,5,4,4
4.0,24,21,20,20,0,1,1,20,280.6772,20.0,260.6772,20,5,4,4
4.0,24,22,20,20,0,1,1,20,280.6772,20.0,260.6772,20,5,4,4
4.0,24,23,20,20,0,1,1,20,280.6772,20.0,260.6772,20,5,4,4
4.0,24,24,20,20,0,1,1,20,280.6772,20.0,260.6772,20,5,4,4
4.0,24,25,20,20,0,1,1,20,280.6772,20.0,260.6772,20,5,4,4
4.0,24,26,20,20,0,1,1,20,280.6772,20.0,260.6772,20,5,4,4
4.0,24,27,20,20,0,1,1,20,280.6772,20.0,260.6772,20,5,4,4
4.0,24,28,20,20,0,1,1,20,280.6772,20.0,260.6772,20,5,4,4
4.0,24,29,20,20,0,1,1,20,280.6772,20.0,260.6772,20,5,4,4
4.0,24,30,20,20,0,1,1,20,280.6772,20.0,260.6772,20,5,4,4
4.0,25,1,0,0,0,0,0,1,17.9988,20.0,-2.0012,21,5,25,24
4.0,25,2,2,0,-2,1,0,2,35.9959,20.0,15.9959,21,5,25,23
4.0,25,3,3,0,-3,1,0,3,53.9896,20.0,33.9896,21,5,25,22
4.0,25,4,4,0,-4,1,0,4,71.9762,20.0,51.9762,21,5,25,21
4.0,25,5,5,5,0,1,1,5,89.9487,20.0,69.9487,21,5,20,20
4.0,25,6,6,6,0,1,1,6,107.8941,20.0,87.8941,21,5,19,19
4.0,25,7,7,7,0,1,1,7,125.7898,20.0,105.7898,21,5,18,18
4.0,25,8,8,8,0,1,1,8,143.5983,20.0,123.5983,21,5,17,17
4.0,25,9,9,9,0,1,1,9,161.2598,20.0,141.2598,21,5,16,16
4.0,25,10,10,10,0,1,1,10,178.6849,20.0,158.6849,21,5,15,15
4.0,25,11,11,11,0,1,1,11,195.7471,20.0,175.7471,21,5,14,14
4.0,25,12,12,12,0,1,1,12,212.2773,20.0,192.2773,21,5,13,13
4.0,25,13,13,13,0,1,1,13,228.0644,20.0,208.0644,21,5,12,12
4.0,25,14,14,14,0,1,1,14,242.8621,20.0,222.8621,21,5,11,11
4.0,25,15,15,15,0,1,1,15,256.4035,20.0,236.4035,21,5,10,10
4.0,25,16,16,16,0,1,1,16,268.4218,20.0,248.4218,21,5,9,9
4.0,25,17,17,17,0,1,1,17,278.6724,20.0,258.6724,21,5,8,8
4.0,25,18,18,18,0,1,1,18,286.9513,20.0,266.9513,21,5,7,7
4.0,25,19,19,19,0,1,1,19,293.1057,20.0,273.1057,21,5,6,6
4.0,25,20,20,20,0,1,1,20,297.0338,20.0,277.0338,21,5,5,5
4.0,25,21,21,21,0,1,1,21,298.6759,20.0,278.6759,21,5,4,4
4.0,25,22,21,21,0,1,1,21,298.6759,20.0,278.6759,21,5,4,4
4.0,25,23,21,21,0,1,1,21,298.6759,20.0,278.6759,21,5,4,4
4.0,25,24,21,21,0,1,1,21,298.6759,20.0,278.6759,21,5,4,4
4.0,25,25,21,21,0,1,1,21,298.6759,20.0,278.6759,21,5,4,4
4.0,25,26,21,21,0,1,1,21,298.6759,20.0,278.6759,21,5,4,4
4.0,25,27,21,21,0,1,1,21,298.6759,20.0,278.6759,21,5,4,4
4.0,25,28,21,21,0,1,1,21,298.6759,20.0,278.6759,21,5,4,4
4.0,25,29,21,21,0,1,1,21,298.6759,20.0,278.6759,21,5,4,4
4.0,25,30,21,21,0,1,1,21,298.6759,20.0,278.6759,21,5,4,4
4.0,26,1,0,0,0,0,0,1,17.9995,20.0,-2.0005,22,5,26,25
4.0,26,2,2,0,-2,1,0,2,35.9982,20.0,15.9982,22,5,26,24
4.0,26,3,3,0,-3,1,0,3,53.9954,20.0,33.9954,22,5,26,23
4.0,26,4,4,0,-4,1,0,4,71.9891,20.0,51.9891,22,5,26,22
4.0,26,5,5,5,0,1,1,5,89.9757,20.0,69.9757,22,5,21,21
4.0,26,6,6,6,0,1,1,6,107.9482,20.0,87.9482,22,5,20,20
4.0,26,7,7,7,0,1,1,7,125.8936,20.0,105.8936,22,5,19,19
4.0,26,8,8,8,0,1,1,8,143.7893,20.0,123.7893,22,5,18,18
4.0,26,9,9,9,0,1,1,9,161.5977,20.0,141.5977,22,5,17,17
4.0,26,10,10,10,0,1,1,10,179.2593,20.0,159.2593,22,5,16,16
4.0,26,11,11,11,0,1,1,11,196.6844,20.0,176.6844,22,5,15,15
4.0,26,12,12,12,0,1,1,12,213.7466,20.0,193.7466,22,5,14,14
4.0,26,13,13,13,0,1,1,13,230.2768,20.0,210.2768,22,5,13,13
4.0,26,14,14,14,0,1,1,14,246.0639,20.0,226.0639,22,5,12,12
4.0,26,15,15,15,0,1,1,15,260.8616,20.0,240.8616,22,5,11,11
4.0,26,16,16,16,0,1,1,16,274.403,20.0,254.403,22,5,10,10
4.0,26,17,17,17,0,1,1,17,286.4213,20.0,266.4213,22,5,9,9
4.0,26,18,18,18,0,1,1,18,296.6718,20.0,276.6718,22,5,8,8
4.0,26,19,19,19,0,1,1,19,304.9508,20.0,284.9508,22,5,7,7
4.0,26,20,20,20,0,1,1,20,311.1052,20.0,291.1052,22,5,6,6
4.0,26,21,21,21,0,1,1,21,315.0333,20.0,295.0333,22,5,5,5
4.0,26,22,22,22,0,1,1,22,316.6754,20.0,296.6754,22,5,4,4
4.0,26,23,22,22,0,1,1,22,316.6754,20.0,296.6754,22,5,4,4
4.0,26,24,22,22,0,1,1,22,316.6754,20.0,296.6754,22,5,4,4
4.0,26,25,22,22,0,1,1,22,316.6754,20.0,296.6754,22,5,4,4
4.0,26,26,22,22,0,1,1,22,316.6754,20.0,296.6754,22,5,4,4
4.0,26,27,22,22,0,1,1,22,316.6754,20.0,296.6754,22,5,4,4
4.0,26,28,22,22,0,1,1,22,316.6754,20.0,296.6754,22,5,4,4
4.0,26,29,22,22,0,1,1,22,316.6754,20.0,296.6754,22,5,4,4
4.0,26,30,22,22,0,1,1,22,316.6754,20.0,296.6754,22,5,4,4
4.0,27,1,0,0,0,0,0,1,17.9998,20.0,-2.0002,23,5,27,26
4.0,27,2,2,0,-2,1,0,2,35.9993,20.0,15.9993,23,5,27,25
4.0,27,3,3,0,-3,1,0,3,53.998,20.0,33.998,23,5,27,24
4.0,27,4,4,0,-4,1,0,4,71.9952,20.0,51.9952,23,5,27,23
4.0,27,5,5,5,0,1,1,5,89.9889,20.0,69.9889,23,5,22,22
4.0,27,6,6,6,0,1,1,6,107.9755,20.0,87.9755,23,5,21,21
4.0,27,7,7,7,0,1,1,7,125.9479,20.0,105.9479,23,5,20,20
4.0,27,8,8,8,0,1,1,8,143.8933,20.0,123.8933,23,5,19,19
4.0,27,9,9,9,0,1,1,9,161.7891,20.0,141.7891,23,5,18,18
4.0,27,10,10,10,0,1,1,10,179.5975,20.0,159.5975,23,5,17,17
4.0,27,11,11,11,0,1,1,11,197.259,20.0,177.259,23,5,16,16
4.0,27,12,12,12,0,1,1,12,214.6842,20.0,194.6842,23,5,15,15
4.0,27,13,13,13,0,1,1,13,231.7463,20.0,211.7463,23,5,14,14
4.0,27,14,14,14,0,1,1,14,248.2765,20.0,228.2765,23,5,13,13
4.0,27,15,15,15,0,1,1,15,264.0637,20.0,244.0637,23,5,12,12
4.0,27,16,16,16,0,1,1,16,278.8613,20.0,258.8613,23,5,11,11
4.0,27,17,17,17,0,1,1,17,292.4028,20.0,272.4028,23,5,10,10
4.0,27,18,18,18,0,1,1,18,304.4211,20.0,284.4211,23,5,9,9
4.0,27,19,19,19,0,1,1,19,314.6716,20.0,294.6716,23,5,8,8
4.0,27,20,20,20,0,1,1,20,322.9506,20.0,302.9506,23,5,7,7
4.0,27,21,21,21,0,1,1,21,329.105,20.0,309.105,23,5,6,6
4.0,27,22,22,22,0,1,1,22,333.033,20.0,313.033,23,5,5,5
4.0,27,23,23,23,0,1,1,23,334.6752,20.0,314.6752,23,5,4,4
4.0,27,24,23,23,0,1,1,23,334.6752,20.0,314.6752,23,5,4,4
4.0,27,25,23,23,0,1,1,23,334.6752,20.0,314.6752,23,5,4,4
4.0,27,26,23,23,0,1,1,23,334.6752,20.0,314.6752,23,5,4,4
4.0,27,27,23,23,0,1,1,23,334.6752,20.0,314.6752,23,5,4,4
4.0,27,28,23,23,0,1,1,23,334.6752,20.0,314.6752,23,5,4,4
4.0,27,29,23,23,0,1,1,23,334.6752,20.0,314.6752,23,5,4,4
4.0,27,30,23,23,0,1,1,23,334.6752,20.0,314.6752,23,5,4,4
4.0,28,1,0,0,0,0,0,1,17.9999,20.0,-2.0001,24,5,28,27
4.0,28,2,2,0,-2,1,0,2,35.9997,20.0,15.9997,24,5,28,26
4.0,28,3,3,0,-3,1,0,3,53.9992,20.0,33.9992,24,5,28,25
4.0,28,4,4,0,-4,1,0,4,71.9979,20.0,51.9979,24,5,28,24
4.0,28,5,5,5,0,1,1,5,89.9951,20.0,69.9951,24,5,23,23
4.0,28,6,6,6,0,1,1,6,107.9888,20.0,87.9888,24,5,22,22
4.0,28,7,7,7,0,1,1,7,125.9754,20.0,105.9754,24,5,21,21
4.0,28,8,8,8,0,1,1,8,143.9479,20.0,123.9479,24,5,20,20
4.0,28,9,9,9,0,1,1,9,161.8933,20.0,141.8933,24,5,19,19
4.0,28,10,10,10,0,1,1,10,179.789,20.0,159.789,24,5,18,18
4.0,28,11,11,11,0,1,1,11,197.5974,20.0,177.5974,24,5,17,17
4.0,28,12,12,12,0,1,1,12,215.2589,20.0,195.2589,24,5,16,16
4.0,28,13,13,13,0,1,1,13,232.6841,20.0,212.6841,24,5,15,15
4.0,28,14,14,14,0,1,1,14,249.7463,20.0,229.7463,24,5,14,14
4.0,28,15,15,15,0,1,1,15,266.2765,20.0,246.2765,24,5,13,13
4.0,28,16,16,16,0,1,1,16,282.0636,20.0,262.0636,24,5,12,12
4.0,28,17,17,17,0,1,1,17,296.8613,20.0,276.8613,24,5,11,11
4.0,28,18,18,18,0,1,1,18,310.4027,20.0,290.4027,24,5,10,10
4.0,28,19,19,19,0,1,1,19,322.421,20.0,302.421,24,5,9,9
4.0,28,20,20,20,0,1,1,20,332.6715,20.0,312.6715,24,5,8,8
4.0,28,21,21,21,0,1,1,21,340.9505,20.0,320.9505,24,5,7,7
4.0,28,22,22,22,0,1,1,22,347.1049,20.0,327.1049,24,5,6,6
4.0,28,23,23,23,0,1,1,23,351.033,20.0,331.033,24,5,5,5
4.0,28,24,24,24,0,1,1,24,352.6751,20.0,332.6751,24,5,4,4
4.0,28,25,24,24,0,1,1,24,352.6751,20.0,332.6751,24,5,4,4
4.0,28,26,24,24,0,1,1,24,352.6751,20.0,332.6751,24,5,4,4
4.0,28,27,24,24,0,1,1,24,352.6751,20.0,332.6751,24,5,4,4
4.0,28,28,24,24,0,1,1,24,352.6751,20.0,332.6751,24,5,4,4
4.0,28,29,24,24,0,1,1,24,352.6751,20.0,332.6751,24,5,4,4
4.0,28,30,24,24,0,1,1,24,352.6751,20.0,332.6751,24,5,4,4
4.0,29,1,0,0,0,0,0,1,18.0,20.0,-2.0,25,5,29,28
4.0,29,2,2,0,-2,1,0,2,35.9999,20.0,15.9999,25,5,29,27
4.0,29,3,3,0,-3,1,0,3,53.9997,20.0,33.9997,25,5,29,26
4.0,29,4,4,0,-4,1,0,4,71.9991,20.0,51.9991,25,5,29,25
4.0,29,5,5,5,0,1,1,5,89.9979,20.0,69.9979,25,5,24,24
4.0,29,6,6,6,0,1,1,6,107.995,20.0,87.995,25,5,23,23
4.0,29,7,7,7,0,1,1,7,125.9888,20.0,105.9888,25,5,22,22
4.0,29,8,8,8,0,1,1,8,143.9754,20.0,123.9754,25,5,21,21
4.0,29,9,9,9,0,1,1,9,161.9478,20.0,141.9478,25,5,20,20
4.0,29,10,10,10,0,1,1,10,179.8932,20.0,159.8932,25,5,19,19
4.0,29,11,11,11,0,1,1,11,197.789,20.0,177.789,25,5,18,18
4.0,29,12,12,12,0,1,1,12,215.5974,20.0,195.5974,25,5,17,17
4.0,29,13,13,13,0,1,1,13,233.2589,20.0,213.2589,25,5,16,16
4.0,29,14,14,14,0,1,1,14,250.6841,20.0,230.6841,25,5,15,15
4.0,29,15,15,15,0,1,1,15,267.7462,20.0,247.7462,25,5,14,14
4.0,29,16,16,16,0,1,1,16,284.2764,20.0,264.2764,25,5,13,13
4.0,29,17,17,17,0,1,1,17,300.0635,20.0,280.0635,25,5,12,12
4.0,29,18,18,18,0,1,1,18,314.8612,20.0,294.8612,25,5,11,11
4.0,29,19,19,19,0,1,1,19,328.4027,20.0,308.4027,25,5,10,10
4.0,29,20,20,20,0,1,1,20,340.421,20.0,320.421,25,5,9,9
4.0,29,21,21,21,0,1,1,21,350.6715,20.0,330.6715,25,5,8,8
4.0,29,22,22,22,0,1,1,22,358.9504,20.0,338.9504,25,5,7,7
4.0,29,23,23,23,0,1,1,23,365.1049,20.0,345.1049,25,5,6,6
4.0,29,24,24,24,0,1,1,24,369.0329,20.0,349.0329,25,5,5,5
4.0,29,25,25,25,0,1,1,25,370.6751,20.0,350.6751,25,5,4,4
4.0,29,26,25,25,0,1,1,25,370.6751,20.0,350.6751,25,5,4,4
4.0,29,27,25,25,0,1,1,25,370.6751,20.0,350.6751,25,5,4,4
4.0,29,28,25,25,0,1,1,25,370.6751,20.0,350.6751,25,5,4,4
4.0,29,29,25,25,0,1,1,25,370.6751,20.0,350.6751,25,5,4,4
4.0,29,30,25,25,0,1,1,25,370.6751,20.0,350.6751,25,5,4,4
4.0,30,1,0,0,0,0,0,1,18.0,20.0,-2.0,26,5,30,29
4.0,30,2,2,0,-2,1,0,2,36.0,20.0,16.0,26,5,30,28
4.0,30,3,3,0,-3,1,0,3,53.9999,20.0,33.9999,26,5,30,27
4.0,30,4,4,0,-4,1,0,4,71.9997,20.0,51.9997,26,5,30,26
4.0,30,5,5,5,0,1,1,5,89.9991,20.0,69.9991,26,5,25,25
4.0,30,6,6,6,0,1,1,6,107.9979,20.0,87.9979,26,5,24,24
4.0,30,7,7,7,0,1,1,7,125.995,20.0,105.995,26,5,23,23
4.0,30,8,8,8,0,1,1,8,143.9888,20.0,123.9888,26,5,22,22
4.0,30,9,9,9,0,1,1,9,161.9754,20.0,141.9754,26,5,21,21
4.0,30,10,10,10,0,1,1,10,179.9478,20.0,159.9478,26,5,20,20
4.0,30,11,11,11,0,1,1,11,197.8932,20.0,177.8932,26,5,19,19
4.0,30,12,12,12,0,1,1,12,215.789,20.0,195.789,26,5,18,18
4.0,30,13,13,13,0,1,1,13,233.5974,20.0,213.5974,26,5,17,17
4.0,30,14,14,14,0,1,1,14,251.2589,20.0,231.2589,26,5,16,16
4.0,30,15,15,15,0,1,1,15,268.6841,20.0,248.6841,26,5,15,15
4.0,30,16,16,16,0,1,1,16,285.7462,20.0,265.7462,26,5,14,14
4.0,30,17,17,17,0,1,1,17,302.2764,20.0,282.2764,26,5,13,13
4.0,30,18,18,18,0,1,1,18,318.0635,20.0,298.0635,26,5,12,12
4.0,30,19,19,19,0,1,1,19,332.8612,20.0,312.8612,26,5,11,11
4.0,30,20,20,20,0,1,1,20,346.4026,20.0,326.4026,26,5,10,10
4.0,30,21,21,21,0,1,1,21,358.4209,20.0,338.4209,26,5,9,9
4.0,30,22,22,22,0,1,1,22,368.6715,20.0,348.6715,26,5,8,8
4.0,30,23,23,23,0,1,1,23,376.9504,20.0,356.9504,26,5,7,7
4.0,30,24,24,24,0,1,1,24,383.1049,20.0,363.1049,26,5,6,6
4.0,30,25,25,25,0,1,1,25,387.0329,20.0,367.0329,26,5,5,5
4.0,30,26,26,26,0,1,1,26,388.6751,20.0,368.6751,26,5,4,4
4.0,30,27,26,26,0,1,1,26,388.6751,20.0,368.6751,26,5,4,4
4.0,30,28,26,26,0,1,1,26,388.6751,20.0,368.6751,26,5,4,4
4.0,30,29,26,26,0,1,1,26,388.6751,20.0,368.6751,26,5,4,4
4.0,30,30,26,26,0,1,1,26,388.6751,20.0,368.6751,26,5,4,4
5.0,1,1,0,0,0,0,0,0,0.0,20.0,-20.0,0,5,1,4
5.0,1,2,0,0,0,0,0,0,0.0,20.0,-20.0,0,5,1,4
5.0,1,3,0,0,0,0,0,0,0.0,20.0,-20.0,0,5,1,4
5.0,1,4,0,0,0,0,0,0,0.0,20.0,-20.0,0,5,1,4
5.0,1,5,0,0,0,0,0,0,0.0,20.0,-20.0,0,5,1,4
5.0,1,6,0,0,0,0,0,0,0.0,20.0,-20.0,0,5,1,4
5.0,1,7,0,0,0,0,0,0,0.0,20.0,-20.0,0,5,1,4
5.0,1,8,0,0,0,0,0,0,0.0,20.0,-20.0,0,5,1,4
5.0,1,9,0,0,0,0,0,0,0.0,20.0,-20.0,0,5,1,4
5.0,1,10,0,0,0,0,0,0,0.0,20.0,-20.0,0,5,1,4
5.0,1,11,0,0,0,0,0,0,0.0,20.0,-20.0,0,5,1,4
5.0,1,12,0,0,0,0,0,0,0.0,20.0,-20.0,0,5,1,4
5.0,1,13,0,0,0,0,0,0,0.0,20.0,-20.0,0,5,1,4
5.0,1,14,0,0,0,0,0,0,0.0,20.0,-20.0,0,5,1,4
5.0,1,15,0,0,0,0,0,0,0.0,20.0,-20.0,0,5,1,4
5.0,1,16,0,0,0,0,0,0,0.0,20.0,-20.0,0,5,1,4
5.0,1,17,0,0,0,0,0,0,0.0,20.0,-20.0,0,5,1,4
5.0,1,18,0,0,0,0,0,0,0.0,20.0,-20.0,0,5,1,4
5.0,1,19,0,0,0,0,0,0,0.0,20.0,-20.0,0,5,1,4
5.0,1,20,0,0,0,0,0,0,0.0,20.0,-20.0,0,5,1,4
5.0,1,21,0,0,0,0,0,0,0.0,20.0,-20.0,0,5,1,4
5.0,1,22,0,0,0,0,0,0,0.0,20.0,-20.0,0,5,1,4
5.0,1,23,0,0,0,0,0,0,0.0,20.0,-20.0,0,5,1,4
5.0,1,24,0,0,0,0,0,0,0.0,20.0,-20.0,0,5,1,4
5.0,1,25,0,0,0,0,0,0,0.0,20.0,-20.0,0,5,1,4
5.0,1,26,0,0,0,0,0,0,0.0,20.0,-20.0,0,5,1,4
5.0,1,27,0,0,0,0,0,0,0.0,20.0,-20.0,0,5,1,4
5.0,1,28,0,0,0,0,0,0,0.0,20.0,-20.0,0,5,1,4
5.0,1,29,0,0,0,0,0,0,0.0,20.0,-20.0,0,5,1,4
5.0,1,30,0,0,0,0,0,0,0.0,20.0,-20.0,0,5,1,4
5.0,2,1,0,0,0,0,0,0,0.0,20.0,-20.0,0,5,2,4
5.0,2,2,0,0,0,0,0,0,0.0,20.0,-20.0,0,5,2,4
5.0,2,3,0,0,0,0,0,0,0.0,20.0,-20.0,0,5,2,4
5.0,2,4,0,0,0,0,0,0,0.0,20.0,-20.0,0,5,2,4
5.0,2,5,0,0,0,0,0,0,0.0,20.0,-20.0,0,5,2,4
5.0,2,6,0,0,0,0,0,0,0.0,20.0,-20.0,0,5,2,4
5.0,2,7,0,0,0,0,0,0,0.0,20.0,-20.0,0,5,2,4
5.0,2,8,0,0,0,0,0,0,0.0,20.0,-20.0,0,5,2,4
5.0,2,9,0,0,0,0,0,0,0.0,20.0,-20.0,0,5,2,4
5.0,2,10,0,0,0,0,0,0,0.0,20.0,-20.0,0,5,2,4
5.0,2,11,0,0,0,0,0,0,0.0,20.0,-20.0,0,5,2,4
5.0,2,12,0,0,0,0,0,0,0.0,20.0,-20.0,0,5,2,4
5.0,2,13,0,0,0,0,0,0,0.0,20.0,-20.0,0,5,2,4
5.0,2,14,0,0,0,0,0,0,0.0,20.0,-20.0,0,5,2,4
5.0,2,15,0,0,0,0,0,0,0.0,20.0,-20.0,0,5,2,4
5.0,2,16,0,0,0,0,0,0,0.0,20.0,-20.0,0,5,2,4
5.0,2,17,0,0,0,0,0,0,0.0,20.0,-20.0,0,5,2,4
5.0,2,18,0,0,0,0,0,0,0.0,20.0,-20.0,0,5,2,4
5.0,2,19,0,0,0,0,0,0,0.0,20.0,-20.0,0,5,2,4
5.0,2,20,0,0,0,0,0,0,0.0,20.0,-20.0,0,5,2,4
5.0,2,21,0,0,0,0,0,0,0.0,20.0,-20.0,0,5,2,4
5.0,2,22,0,0,0,0,0,0,0.0,20.0,-20.0,0,5,2,4
5.0,2,23,0,0,0,0,0,0,0.0,20.0,-20.0,0,5,2,4
5.0,2,24,0,0,0,0,0,0,0.0,20.0,-20.0,0,5,2,4
5.0,2,25,0,0,0,0,0,0,0.0,20.0,-20.0,0,5,2,4
5.0,2,26,0,0,0,0,0,0,0.0,20.0,-20.0,0,5,2,4
5.0,2,27,0,0,0,0,0,0,0.0,20.0,-20.0,0,5,2,4
5.0,2,28,0,0,0,0,0,0,0.0,20.0,-20.0,0,5,2,4
5.0,2,29,0,0,0,0,0,0,0.0,20.0,-20.0,0,5,2,4
5.0,2,30,0,0,0,0,0,0,0.0,20.0,-20.0,0,5,2,4
5.0,3,1,0,0,0,0,0,0,0.0,20.0,-20.0,0,5,3,4
5.0,3,2,0,0,0,0,0,0,0.0,20.0,-20.0,0,5,3,4
5.0,3,3,0,0,0,0,0,0,0.0,20.0,-20.0,0,5,3,4
5.0,3,4,0,0,0,0,0,0,0.0,20.0,-20.0,0,5,3,4
5.0,3,5,0,0,0,0,0,0,0.0,20.0,-20.0,0,5,3,4
5.0,3,6,0,0,0,0,0,0,0.0,20.0,-20.0,0,5,3,4
5.0,3,7,0,0,0,0,0,0,0.0,20.0,-20.0,0,5,3,4
5.0,3,8,0,0,0,0,0,0,0.0,20.0,-20.0,0,5,3,4
5.0,3,9,0,0,0,0,0,0,0.0,20.0,-20.0,0,5,3,4
5.0,3,10,0,0,0,0,0,0,0.0,20.0,-20.0,0,5,3,4
5.0,3,11,0,0,0,0,0,0,0.0,20.0,-20.0,0,5,3,4
5.0,3,12,0,0,0,0,0,0,0.0,20.0,-20.0,0,5,3,4
5.0,3,13,0,0,0,0,0,0,0.0,20.0,-20.0,0,5,3,4
5.0,3,14,0,0,0,0,0,0,0.0,20.0,-20.0,0,5,3,4
5.0,3,15,0,0,0,0,0,0,0.0,20.0,-20.0,0,5,3,4
5.0,3,16,0,0,0,0,0,0,0.0,20.0,-20.0,0,5,3,4
5.0,3,17,0,0,0,0,0,0,0.0,20.0,-20.0,0,5,3,4
5.0,3,18,0,0,0,0,0,0,0.0,20.0,-20.0,0,5,3,4
5.0,3,19,0,0,0,0,0,0,0.0,20.0,-20.0,0,5,3,4
5.0,3,20,0,0,0,0,0,0,0.0,20.0,-20.0,0,5,3,4
5.0,3,21,0,0,0,0,0,0,0.0,20.0,-20.0,0,5,3,4
5.0,3,22,0,0,0,0,0,0,0.0,20.0,-20.0,0,5,3,4
5.0,3,23,0,0,0,0,0,0,0.0,20.0,-20.0,0,5,3,4
5.0,3,24,0,0,0,0,0,0,0.0,20.0,-20.0,0,5,3,4
5.0,3,25,0,0,0,0,0,0,0.0,20.0,-20.0,0,5,3,4
5.0,3,26,0,0,0,0,0,0,0.0,20.0,-20.0,0,5,3,4
5.0,3,27,0,0,0,0,0,0,0.0,20.0,-20.0,0,5,3,4
5.0,3,28,0,0,0,0,0,0,0.0,20.0,-20.0,0,5,3,4
5.0,3,29,0,0,0,0,0,0,0.0,20.0,-20.0,0,5,3,4
5.0,3,30,0,0,0,0,0,0,0.0,20.0,-20.0,0,5,3,4
5.0,4,1,0,0,0,0,0,0,0.0,20.0,-20.0,0,5,4,4
5.0,4,2,0,0,0,0,0,0,0.0,20.0,-20.0,0,5,4,4
5.0,4,3,0,0,0,0,0,0,0.0,20.0,-20.0,0,5,4,4
5.0,4,4,0,0,0,0,0,0,0.0,20.0,-20.0,0,5,4,4
5.0,4,5,0,0,0,0,0,0,0.0,20.0,-20.0,0,5,4,4
5.0,4,6,0,0,0,0,0,0,0.0,20.0,-20.0,0,5,4,4
5.0,4,7,0,0,0,0,0,0,0.0,20.0,-20.0,0,5,4,4
5.0,4,8,0,0,0,0,0,0,0.0,20.0,-20.0,0,5,4,4
5.0,4,9,0,0,0,0,0,0,0.0,20.0,-20.0,0,5,4,4
5.0,4,10,0,0,0,0,0,0,0.0,20.0,-20.0,0,5,4,4
5.0,4,11,0,0,0,0,0,0,0.0,20.0,-20.0,0,5,4,4
5.0,4,12,0,0,0,0,0,0,0.0,20.0,-20.0,0,5,4,4
5.0,4,13,0,0,0,0,0,0,0.0,20.0,-20.0,0,5,4,4
5.0,4,14,0,0,0,0,0,0,0.0,20.0,-20.0,0,5,4,4
5.0,4,15,0,0,0,0,0,0,0.0,20.0,-20.0,0,5,4,4
5.0,4,16,0,0,0,0,0,0,0.0,20.0,-20.0,0,5,4,4
5.0,4,17,0,0,0,0,0,0,0.0,20.0,-20.0,0,5,4,4
5.0,4,18,0,0,0,0,0,0,0.0,20.0,-20.0,0,5,4,4
5.0,4,19,0,0,0,0,0,0,0.0,20.0,-20.0,0,5,4,4
5.0,4,20,0,0,0,0,0,0,0.0,20.0,-20.0,0,5,4,4
5.0,4,21,0,0,0,0,0,0,0.0,20.0,-20.0,0,5,4,4
5.0,4,22,0,0,0,0,0,0,0.0,20.0,-20.0,0,5,4,4
5.0,4,23,0,0,0,0,0,0,0.0,20.0,-20.0,0,5,4,4
5.0,4,24,0,0,0,0,0,0,0.0,20.0,-20.0,0,5,4,4
5.0,4,25,0,0,0,0,0,0,0.0,20.0,-20.0,0,5,4,4
5.0,4,26,0,0,0,0,0,0,0.0,20.0,-20.0,0,5,4,4
5.0,4,27,0,0,0,0,0,0,0.0,20.0,-20.0,0,5,4,4
5.0,4,28,0,0,0,0,0,0,0.0,20.0,-20.0,0,5,4,4
5.0,4,29,0,0,0,0,0,0,0.0,20.0,-20.0,0,5,4,4
5.0,4,30,0,0,0,0,0,0,0.0,20.0,-20.0,0,5,4,4
5.0,5,1,0,0,0,0,0,1,1.6641,20.0,-18.3359,1,5,5,4
5.0,5,2,0,0,0,0,0,1,1.6641,20.0,-18.3359,1,5,5,4
5.0,5,3,0,0,0,0,0,1,1.6641,20.0,-18.3359,1,5,5,4
5.0,5,4,0,0,0,0,0,1,1.6641,20.0,-18.3359,1,5,5,4
5.0,5,5,0,0,0,0,0,1,1.6641,20.0,-18.3359,1,5,5,4
5.0,5,6,0,0,0,0,0,1,1.6641,20.0,-18.3359,1,5,5,4
5.0,5,7,0,0,0,0,0,1,1.6641,20.0,-18.3359,1,5,5,4
5.0,5,8,0,0,0,0,0,1,1.6641,20.0,-18.3359,1,5,5,4
5.0,5,9,0,0,0,0,0,1,1.6641,20.0,-18.3359,1,5,5,4
5.0,5,10,0,0,0,0,0,1,1.6641,20.0,-18.3359,1,5,5,4
5.0,5,11,0,0,0,0,0,1,1.6641,20.0,-18.3359,1,5,5,4
5.0,5,12,0,0,0,0,0,1,1.6641,20.0,-18.3359,1,5,5,4
5.0,5,13,0,0,0,0,0,1,1.6641,20.0,-18.3359,1,5,5,4
5.0,5,14,0,0,0,0,0,1,1.6641,20.0,-18.3359,1,5,5,4
5.0,5,15,0,0,0,0,0,1,1.6641,20.0,-18.3359,1,5,5,4
5.0,5,16,0,0,0,0,0,1,1.6641,20.0,-18.3359,1,5,5,4
5.0,5,17,0,0,0,0,0,1,1.6641,20.0,-18.3359,1,5,5,4
5.0,5,18,0,0,0,0,0,1,1.6641,20.0,-18.3359,1,5,5,4
5.0,5,19,0,0,0,0,0,1,1.6641,20.0,-18.3359,1,5,5,4
5.0,5,20,0,0,0,0,0,1,1.6641,20.0,-18.3359,1,5,5,4
5.0,5,21,0,0,0,0,0,1,1.6641,20.0,-18.3359,1,5,5,4
5.0,5,22,0,0,0,0,0,1,1.6641,20.0,-18.3359,1,5,5,4
5.0,5,23,0,0,0,0,0,1,1.6641,20.0,-18.3359,1,5,5,4
5.0,5,24,0,0,0,0,0,1,1.6641,20.0,-18.3359,1,5,5,4
5.0,5,25,0,0,0,0,0,1,1.6641,20.0,-18.3359,1,5,5,4
5.0,5,26,0,0,0,0,0,1,1.6641,20.0,-18.3359,1,5,5,4
5.0,5,27,0,0,0,0,0,1,1.6641,20.0,-18.3359,1,5,5,4
5.0,5,28,0,0,0,0,0,1,1.6641,20.0,-18.3359,1,5,5,4
5.0,5,29,0,0,0,0,0,1,1.6641,20.0,-18.3359,1,5,5,4
5.0,5,30,0,0,0,0,0,1,1.6641,20.0,-18.3359,1,5,5,4
5.0,6,1,0,0,0,0,0,1,3.9909,20.0,-16.0091,2,5,6,5
5.0,6,2,0,0,0,0,0,2,5.655,20.0,-14.345,2,5,6,4
5.0,6,3,0,0,0,0,0,2,5.655,20.0,-14.345,2,5,6,4
5.0,6,4,0,0,0,0,0,2,5.655,20.0,-14.345,2,5,6,4
5.0,6,5,0,0,0,0,0,2,5.655,20.0,-14.345,2,5,6,4
5.0,6,6,0,0,0,0,0,2,5.655,20.0,-14.345,2,5,6,4
5.0,6,7,0,0,0,0,0,2,5.655,20.0,-14.345,2,5,6,4
5.0,6,8,0,0,0,0,0,2,5.655,20.0,-14.345,2,5,6,4
5.0,6,9,0,0,0,0,0,2,5.655,20.0,-14.345,2,5,6,4
5.0,6,10,0,0,0,0,0,2,5.655,20.0,-14.345,2,5,6,4
5.0,6,11,0,0,0,0,0,2,5.655,20.0,-14.345,2,5,6,4
5.0,6,12,0,0,0,0,0,2,5.655,20.0,-14.345,2,5,6,4
5.0,6,13,0,0,0,0,0,2,5.655,20.0,-14.345,2,5,6,4
5.0,6,14,0,0,0,0,0,2,5.655,20.0,-14.345,2,5,6,4
5.0,6,15,0,0,0,0,0,2,5.655,20.0,-14.345,2,5,6,4
5.0,6,16,0,0,0,0,0,2,5.655,20.0,-14.345,2,5,6,4
5.0,6,17,0,0,0,0,0,2,5.655,20.0,-14.345,2,5,6,4
5.0,6,18,0,0,0,0,0,2,5.655,20.0,-14.345,2,5,6,4
5.0,6,19,0,0,0,0,0,2,5.655,20.0,-14.345,2,5,6,4
5.0,6,20,0,0,0,0,0,2,5.655,20.0,-14.345,2,5,6,4
5.0,6,21,0,0,0,0,0,2,5.655,20.0,-14.345,2,5,6,4
5.0,6,22,0,0,0,0,0,2,5.655,20.0,-14.345,2,5,6,4
5.0,6,23,0,0,0,0,0,2,5.655,20.0,-14.345,2,5,6,4
5.0,6,24,0,0,0,0,0,2,5.655,20.0,-14.345,2,5,6,4
5.0,6,25,0,0,0,0,0,2,5.655,20.0,-14.345,2,5,6,4
5.0,6,26,0,0,0,0,0,2,5.655,20.0,-14.345,2,5,6,4
5.0,6,27,0,0,0,0,0,2,5.655,20.0,-14.345,2,5,6,4
5.0,6,28,0,0,0,0,0,2,5.655,20.0,-14.345,2,5,6,4
5.0,6,29,0,0,0,0,0,2,5.655,20.0,-14.345,2,5,6,4
5.0,6,30,0,0,0,0,0,2,5.655,20.0,-14.345,2,5,6,4
5.0,7,1,0,0,0,0,0,1,6.3064,20.0,-13.6936,3,5,7,6
5.0,7,2,0,0,0,0,0,2,10.2973,20.0,-9.7027,3,5,7,5
5.0,7,3,0,0,0,0,0,3,11.9614,20.0,-8.0386,3,5,7,4
5.0,7,4,0,0,0,0,0,3,11.9614,20.0,-8.0386,3,5,7,4
5.0,7,5,0,0,0,0,0,3,11.9614,20.0,-8.0386,3,5,7,4
5.0,7,6,0,0,0,0,0,3,11.9614,20.0,-8.0386,3,5,7,4
5.0,7,7,0,0,0,0,0,3,11.9614,20.0,-8.0386,3,5,7,4
5.0,7,8,0,0,0,0,0,3,11.9614,20.0,-8.0386,3,5,7,4
5.0,7,9,0,0,0,0,0,3,11.9614,20.0,-8.0386,3,5,7,4
5.0,7,10,0,0,0,0,0,3,11.9614,20.0,-8.0386,3,5,7,4
5.0,7,11,0,0,0,0,0,3,11.9614,20.0,-8.0386,3,5,7,4
5.0,7,12,0,0,0,0,0,3,11.9614,20.0,-8.0386,3,5,7,4
5.0,7,13,0,0,0,0,0,3,11.9614,20.0,-8.0386,3,5,7,4
5.0,7,14,0,0,0,0,0,3,11.9614,20.0,-8.0386,3,5,7,4
5.0,7,15,0,0,0,0,0,3,11.9614,20.0,-8.0386,3,5,7,4
5.0,7,16,0,0,0,0,0,3,11.9614,20.0,-8.0386,3,5,7,4
5.0,7,17,0,0,0,0,0,3,11.9614,20.0,-8.0386,3,5,7,4
5.0,7,18,0,0,0,0,0,3,11.9614,20.0,-8.0386,3,5,7,4
5.0,7,19,0,0,0,0,0,3,11.9614,20.0,-8.0386,3,5,7,4
5.0,7,20,0,0,0,0,0,3,11.9614,20.0,-8.0386,3,5,7,4
5.0,7,21,0,0,0,0,0,3,11.9614,20.0,-8.0386,3,5,7,4
5.0,7,22,0,0,0,0,0,3,11.9614,20.0,-8.0386,3,5,7,4
5.0,7,23,0,0,0,0,0,3,11.9614,20.0,-8.0386,3,5,7,4
5.0,7,24,0,0,0,0,0,3,11.9614,20.0,-8.0386,3,5,7,4
5.0,7,25,0,0,0,0,0,3,11.9614,20.0,-8.0386,3,5,7,4
5.0,7,26,0,0,0,0,0,3,11.9614,20.0,-8.0386,3,5,7,4
5.0,7,27,0,0,0,0,0,3,11.9614,20.0,-8.0386,3,5,7,4
5.0,7,28,0,0,0,0,0,3,11.9614,20.0,-8.0386,3,5,7,4
5.0,7,29,0,0,0,0,0,3,11.9614,20.0,-8.0386,3,5,7,4
5.0,7,30,0,0,0,0,0,3,11.9614,20.0,-8.0386,3,5,7,4
5.0,8,1,0,0,0,0,0,1,8.5977,20.0,-11.4023,4,5,8,7
5.0,8,2,0,0,0,0,0,2,14.9042,20.0,-5.0958,4,5,8,6
5.0,8,3,0,0,0,0,0,3,18.895,20.0,-1.105,4,5,8,5
5.0,8,4,4,4,0,1,1,4,20.5591,20.0,0.5591,4,5,4,4
5.0,8,5,4,4,0,1,1,4,20.5591,20.0,0.5591,4,5,4,4
5.0,8,6,4,4,0,1,1,4,20.5591,20.0,0.5591,4,5,4,4
5.0,8,7,4,4,0,1,1,4,20.5591,20.0,0.5591,4,5,4,4
5.0,8,8,4,4,0,1,1,4,20.5591,20.0,0.5591,4,5,4,4
5.0,8,9,4,4,0,1,1,4,20.5591,20.0,0.5591,4,5,4,4
5.0,8,10,4,4,0,1,1,4,20.5591,20.0,0.5591,4,5,4,4
5.0,8,11,4,4,0,1,1,4,20.5591,20.0,0.5591,4,5,4,4
5.0,8,12,4,4,0,1,1,4,20.5591,20.0,0.5591,4,5,4,4
5.0,8,13,4,4,0,1,1,4,20.5591,20.0,0.5591,4,5,4,4
5.0,8,14,4,0,-4,1,0,4,20.5591,20.0,0.5591,4,5,8,4
5.0,8,15,4,0,-4,1,0,4,20.5591,20.0,0.5591,4,5,8,4
5.0,8,16,4,0,-4,1,0,4,20.5591,20.0,0.5591,4,5,8,4
5.0,8,17,4,0,-4,1,0,4,20.5591,20.0,0.5591,4,5,8,4
5.0,8,18,4,0,-4,1,0,4,20.5591,20.0,0.5591,4,5,8,4
5.0,8,19,4,0,-4,1,0,4,20.5591,20.0,0.5591,4,5,8,4
5.0,8,20,4,0,-4,1,0,4,20.5591,20.0,0.5591,4,5,8,4
5.0,8,21,4,0,-4,1,0,4,20.5591,20.0,0.5591,4,5,8,4
5.0,8,22,4,0,-4,1,0,4,20.5591,20.0,0.5591,4,5,8,4
5.0,8,23,4,0,-4,1,0,4,20.5591,20.0,0.5591,4,5,8,4
5.0,8,24,4,0,-4,1,0,4,20.5591,20.0,0.5591,4,5,8,4
5.0,8,25,4,0,-4,1,0,4,20.5591,20.0,0.5591,4,5,8,4
5.0,8,26,4,0,-4,1,0,4,20.5591,20.0,0.5591,4,5,8,4
5.0,8,27,4,0,-4,1,0,4,20.5591,20.0,0.5591,4,5,8,4
5.0,8,28,4,0,-4,1,0,4,20.5591,20.0,0.5591,4,5,8,4
5.0,8,29,4,0,-4,1,0,4,20.5591,20.0,0.5591,4,5,8,4
5.0,8,30,4,0,-4,1,0,4,20.5591,20.0,0.5591,4,5,8,4
5.0,9,1,0,0,0,0,0,1,10.8437,20.0,-9.1563,5,5,9,8
5.0,9,2,0,0,0,0,0,2,19.4414,20.0,-0.5586,5,5,9,7
5.0,9,3,3,0,-3,1,0,3,25.7479,20.0,5.7479,5,5,9,6
5.0,9,4,4,4,0,1,1,4,29.7387,20.0,9.7387,5,5,5,5
5.0,9,5,5,5,0,1,1,5,31.4028,20.0,11.4028,5,5,4,4
5.0,9,6,5,5,0,1,1,5,31.4028,20.0,11.4028,5,5,4,4
5.0,9,7,5,5,0,1,1,5,31.4028,20.0,11.4028,5,5,4,4
5.0,9,8,5,5,0,1,1,5,31.4028,20.0,11.4028,5,5,4,4
5.0,9,9,5,5,0,1,1,5,31.4028,20.0,11.4028,5,5,4,4
5.0,9,10,5,5,0,1,1,5,31.4028,20.0,11.4028,5,5,4,4
5.0,9,11,5,5,0,1,1,5,31.4028,20.0,11.4028,5,5,4,4
5.0,9,12,5,5,0,1,1,5,31.4028,20.0,11.4028,5,5,4,4
5.0,9,13,5,5,0,1,1,5,31.4028,20.0,11.4028,5,5,4,4
5.0,9,14,5,5,0,1,1,5,31.4028,20.0,11.4028,5,5,4,4
5.0,9,15,5,5,0,1,1,5,31.4028,20.0,11.4028,5,5,4,4
5.0,9,16,5,5,0,1,1,5,31.4028,20.0,11.4028,5,5,4,4
5.0,9,17,5,5,0,1,1,5,31.4028,20.0,11.4028,5,5,4,4
5.0,9,18,5,5,0,1,1,5,31.4028,20.0,11.4028,5,5,4,4
5.0,9,19,5,5,0,1,1,5,31.4028,20.0,11.4028,5,5,4,4
5.0,9,20,5,5,0,1,1,5,31.4028,20.0,11.4028,5,5,4,4
5.0,9,21,5,5,0,1,1,5,31.4028,20.0,11.4028,5,5,4,4
5.0,9,22,5,5,0,1,1,5,31.4028,20.0,11.4028,5,5,4,4
5.0,9,23,5,0,-5,1,0,5,31.4028,20.0,11.4028,5,5,9,4
5.0,9,24,5,0,-5,1,0,5,31.4028,20.0,11.4028,5,5,9,4
5.0,9,25,5,0,-5,1,0,5,31.4028,20.0,11.4028,5,5,9,4
5.0,9,26,5,0,-5,1,0,5,31.4028,20.0,11.4028,5,5,9,4
5.0,9,27,5,0,-5,1,0,5,31.4028,20.0,11.4028,5,5,9,4
5.0,9,28,5,0,-5,1,0,5,31.4028,20.0,11.4028,5,5,9,4
5.0,9,29,5,0,-5,1,0,5,31.4028,20.0,11.4028,5,5,9,4
5.0,9,30,5,0,-5,1,0,5,31.4028,20.0,11.4028,5,5,9,4
5.0,10,1,0,0,0,0,0,1,13.014,20.0,-6.986,6,5,10,9
5.0,10,2,2,0,-2,1,0,2,23.8577,20.0,3.8577,6,5,10,8
5.0,10,3,3,0,-3,1,0,3,32.4555,20.0,12.4555,6,5,10,7
5.0,10,4,4,4,0,1,1,4,38.7619,20.0,18.7619,6,5,6,6
5.0,10,5,5,5,0,1,1,5,42.7528,20.0,22.7528,6,5,5,5
5.0,10,6,6,6,0,1,1,6,44.4169,20.0,24.4169,6,5,4,4
5.0,10,7,6,6,0,1,1,6,44.4169,20.0,24.4169,6,5,4,4
5.0,10,8,6,6,0,1,1,6,44.4169,20.0,24.4169,6,5,4,4
5.0,10,9,6,6,0,1,1,6,44.4169,20.0,24.4169,6,5,4,4
5.0,10,10,6,6,0,1,1,6,44.4169,20.0,24.4169,6,5,4,4
5.0,10,11,6,6,0,1,1,6,44.4169,20.0,24.4169,6,5,4,4
5.0,10,12,6,6,0,1,1,6,44.4169,20.0,24.4169,6,5,4,4
5.0,10,13,6,6,0,1,1,6,44.4169,20.0,24.4169,6,5,4,4
5.0,10,14,6,6,0,1,1,6,44.4169,20.0,24.4169,6,5,4,4
5.0,10,15,6,6,0,1,1,6,44.4169,20.0,24.4169,6,5,4,4
5.0,10,16,6,6,0,1,1,6,44.4169,20.0,24.4169,6,5,4,4
5.0,10,17,6,6,0,1,1,6,44.4169,20.0,24.4169,6,5,4,4
5.0,10,18,6,6,0,1,1,6,44.4169,20.0,24.4169,6,5,4,4
5.0,10,19,6,6,0,1,1,6,44.4169,20.0,24.4169,6,5,4,4
5.0,10,20,6,6,0,1,1,6,44.4169,20.0,24.4169,6,5,4,4
5.0,10,21,6,6,0,1,1,6,44.4169,20.0,24.4169,6,5,4,4
5.0,10,22,6,6,0,1,1,6,44.4169,20.0,24.4169,6,5,4,4
5.0,10,23,6,6,0,1,1,6,44.4169,20.0,24.4169,6,5,4,4
5.0,10,24,6,6,0,1,1,6,44.4169,20.0,24.4169,6,5,4,4
5.0,10,25,6,5,-1,1,1,6,44.4169,20.0,24.4169,6,5,5,4
5.0,10,26,6,0,-6,1,0,6,44.4169,20.0,24.4169,6,5,10,4
5.0,10,27,6,0,-6,1,0,6,44.4169,20.0,24.4169,6,5,10,4
5.0,10,28,6,0,-6,1,0,6,44.4169,20.0,24.4169,6,5,10,4
5.0,10,29,6,0,-6,1,0,6,44.4169,20.0,24.4169,6,5,10,4
5.0,10,30,6,0,-6,1,0,6,44.4169,20.0,24.4169,6,5,10,4
5.0,11,1,0,0,0,0,0,1,15.071,20.0,-4.929,7,5,11,10
5.0,11,2,2,0,-2,1,0,2,28.085,20.0,8.085,7,5,11,9
5.0,11,3,3,0,-3,1,0,3,38.9287,20.0,18.9287,7,5,11,8
5.0,11,4,4,0,-4,1,0,4,47.5264,20.0,27.5264,7,5,11,7
5.0,11,5,5,5,0,1,1,5,53.8329,20.0,33.8329,7,5,6,6
5.0,11,6,6,6,0,1,1,6,57.8237,20.0,37.8237,7,5,5,5
5.0,11,7,7,7,0,1,1,7,59.4878,20.0,39.4878,7,5,4,4
5.0,11,8,7,7,0,1,1,7,59.4878,20.0,39.4878,7,5,4,4
5.0,11,9,7,7,0,1,1,7,59.4878,20.0,39.4878,7,5,4,4
5.0,11,10,7,7,0,1,1,7,59.4878,20.0,39.4878,7,5,4,4
5.0,11,11,7,7,0,1,1,7,59.4878,20.0,39.4878,7,5,4,4
5.0,11,12,7,7,0,1,1,7,59.4878,20.0,39.4878,7,5,4,4
5.0,11,13,7,7,0,1,1,7,59.4878,20.0,39.4878,7,5,4,4
5.0,11,14,7,7,0,1,1,7,59.4878,20.0,39.4878,7,5,4,4
5.0,11,15,7,7,0,1,1,7,59.4878,20.0,39.4878,7,5,4,4
5.0,11,16,7,7,0,1,1,7,59.4878,20.0,39.4878,7,5,4,4
5.0,11,17,7,7,0,1,1,7,59.4878,20.0,39.4878,7,5,4,4
5.0,11,18,7,7,0,1,1,7,59.4878,20.0,39.4878,7,5,4,4
5.0,11,19,7,7,0,1,1,7,59.4878,20.0,39.4878,7,5,4,4
5.0,11,20,7,7,0,1,1,7,59.4878,20.0,39.4878,7,5,4,4
5.0,11,21,7,7,0,1,1,7,59.4878,20.0,39.4878,7,5,4,4
5.0,11,22,7,7,0,1,1,7,59.4878,20.0,39.4878,7,5,4,4
5.0,11,23,7,7,0,1,1,7,59.4878,20.0,39.4878,7,5,4,4
5.0,11,24,7,7,0,1,1,7,59.4878,20.0,39.4878,7,5,4,4
5.0,11,25,7,7,0,1,1,7,59.4878,20.0,39.4878,7,5,4,4
5.0,11,26,7,6,-1,1,1,7,59.4878,20.0,39.4878,7,5,5,4
5.0,11,27,7,6,-1,1,1,7,59.4878,20.0,39.4878,7,5,5,4
5.0,11,28,7,0,-7,1,0,7,59.4878,20.0,39.4878,7,5,11,4
5.0,11,29,7,0,-7,1,0,7,59.4878,20.0,39.4878,7,5,11,4
5.0,11,30,7,0,-7,1,0,7,59.4878,20.0,39.4878,7,5,11,4
5.0,12,1,0,0,0,0,0,1,16.9732,20.0,-3.0268,8,5,12,11
5.0,12,2,2,0,-2,1,0,2,32.0442,20.0,12.0442,8,5,12,10
5.0,12,3,3,0,-3,1,0,3,45.0582,20.0,25.0582,8,5,12,9
5.0,12,4,4,0,-4,1,0,4,55.9019,20.0,35.9019,8,5,12,8
5.0,12,5,5,5,0,1,1,5,64.4996,20.0,44.4996,8,5,7,7
5.0,12,6,6,6,0,1,1,6,70.8061,20.0,50.8061,8,5,6,6
5.0,12,7,7,7,0,1,1,7,74.7969,20.0,54.7969,8,5,5,5
5.0,12,8,8,8,0,1,1,8,76.461,20.0,56.461,8,5,4,4
5.0,12,9,8,8,0,1,1,8,76.461,20.0,56.461,8,5,4,4
5.0,12,10,8,8,0,1,1,8,76.461,20.0,56.461,8,5,4,4
5.0,12,11,8,8,0,1,1,8,76.461,20.0,56.461,8,5,4,4
5.0,12,12,8,8,0,1,1,8,76.461,20.0,56.461,8,5,4,4
5.0,12,13,8,8,0,1,1,8,76.461,20.0,56.461,8,5,4,4
5.0,12,14,8,8,0,1,1,8,76.461,20.0,56.461,8,5,4,4
5.0,12,15,8,8,0,1,1,8,76.461,20.0,56.461,8,5,4,4
5.0,12,16,8,8,0,1,1,8,76.461,20.0,56.461,8,5,4,4
5.0,12,17,8,8,0,1,1,8,76.461,20.0,56.461,8,5,4,4
5.0,12,18,8,8,0,1,1,8,76.461,20.0,56.461,8,5,4,4
5.0,12,19,8,8,0,1,1,8,76.461,20.0,56.461,8,5,4,4
5.0,12,20,8,8,0,1,1,8,76.461,20.0,56.461,8,5,4,4
5.0,12,21,8,8,0,1,1,8,76.461,20.0,56.461,8,5,4,4
5.0,12,22,8,8,0,1,1,8,76.461,20.0,56.461,8,5,4,4
5.0,12,23,8,8,0,1,1,8,76.461,20.0,56.461,8,5,4,4
5.0,12,24,8,8,0,1,1,8,76.461,20.0,56.461,8,5,4,4
5.0,12,25,8,8,0,1,1,8,76.461,20.0,56.461,8,5,4,4
5.0,12,26,8,8,0,1,1,8,76.461,20.0,56.461,8,5,4,4
5.0,12,27,8,7,-1,1,1,8,76.461,20.0,56.461,8,5,5,4
5.0,12,28,8,7,-1,1,1,8,76.461,20.0,56.461,8,5,5,4
5.0,12,29,8,7,-1,1,1,8,76.461,20.0,56.461,8,5,5,4
5.0,12,30,8,0,-8,1,0,8,76.461,20.0,56.461,8,5,12,4
5.0,13,1,0,0,0,0,0,1,18.6821,20.0,-1.3179,9,5,13,12
5.0,13,2,2,0,-2,1,0,2,35.6553,20.0,15.6553,9,5,13,11
5.0,13,3,3,0,-3,1,0,3,50.7263,20.0,30.7263,9,5,13,10
5.0,13,4,4,0,-4,1,0,4,63.7403,20.0,43.7403,9,5,13,9
5.0,13,5,5,0,-5,1,0,5,74.584,20.0,54.584,9,5,13,8
5.0,13,6,6,6,0,1,1,6,83.1818,20.0,63.1818,9,5,7,7
5.0,13,7,7,7,0,1,1,7,89.4882,20.0,69.4882,9,5,6,6
5.0,13,8,8,8,0,1,1,8,93.4791,20.0,73.4791,9,5,5,5
5.0,13,9,9,9,0,1,1,9,95.1431,20.0,75.1431,9,5,4,4
5.0,13,10,9,9,0,1,1,9,95.1431,20.0,75.1431,9,5,4,4
5.0,13,11,9,9,0,1,1,9,95.1431,20.0,75.1431,9,5,4,4
5.0,13,12,9,9,0,1,1,9,95.1431,20.0,75.1431,9,5,4,4
5.0,13,13,9,9,0,1,1,9,95.1431,20.0,75.1431,9,5,4,4
5.0,13,14,9,9,0,1,1,9,95.1431,20.0,75.1431,9,5,4,4
5.0,13,15,9,9,0,1,1,9,95.1431,20.0,75.1431,9,5,4,4
5.0,13,16,9,9,0,1,1,9,95.1431,20.0,75.1431,9,5,4,4
5.0,13,17,9,9,0,1,1,9,95.1431,20.0,75.1431,9,5,4,4
5.0,13,18,9,9,0,1,1,9,95.1431,20.0,75.1431,9,5,4,4
5.0,13,19,9,9,0,1,1,9,95.1431,20.0,75.1431,9,5,4,4
5.0,13,20,9,9,0,1,1,9,95.1431,20.0,75.1431,9,5,4,4
5.0,13,21,9,9,0,1,1,9,95.1431,20.0,75.1431,9,5,4,4
5.0,13,22,9,9,0,1,1,9,95.1431,20.0,75.1431,9,5,4,4
5.0,13,23,9,9,0,1,1,9,95.1431,20.0,75.1431,9,5,4,4
5.0,13,24,9,9,0,1,1,9,95.1431,20.0,75.1431,9,5,4,4
5.0,13,25,9,9,0,1,1,9,95.1431,20.0,75.1431,9,5,4,4
5.0,13,26,9,9,0,1,1,9,95.1431,20.0,75.1431,9,5,4,4
5.0,13,27,9,9,0,1,1,9,95.1431,20.0,75.1431,9,5,4,4
5.0,13,28,9,8,-1,1,1,9,95.1431,20.0,75.1431,9,5,5,4
5.0,13,29,9,8,-1,1,1,9,95.1431,20.0,75.1431,9,5,5,4
5.0,13,30,9,8,-1,1,1,9,95.1431,20.0,75.1431,9,5,5,4
5.0,14,1,1,0,-1,1,0,1,20.1679,20.0,0.1679,10,5,14,13
5.0,14,2,2,0,-2,1,0,2,38.85,20.0,18.85,10,5,14,12
5.0,14,3,3,0,-3,1,0,3,55.8233,20.0,35.8233,10,5,14,11
5.0,14,4,4,0,-4,1,0,4,70.8942,20.0,50.8942,10,5,14,10
5.0,14,5,5,0,-5,1,0,5,83.9083,20.0,63.9083,10,5,14,9
5.0,14,6,6,0,-6,1,0,6,94.752,20.0,74.752,10,5,14,8
5.0,14,7,7,7,0,1,1,7,103.3497,20.0,83.3497,10,5,7,7
5.0,14,8,8,8,0,1,1,8,109.6561,20.0,89.6561,10,5,6,6
5.0,14,9,9,9,0,1,1,9,113.647,20.0,93.647,10,5,5,5
5.0,14,10,10,10,0,1,1,10,115.3111,20.0,95.3111,10,5,4,4
5.0,14,11,10,10,0,1,1,10,115.3111,20.0,95.3111,10,5,4,4
5.0,14,12,10,10,0,1,1,10,115.3111,20.0,95.3111,10,5,4,4
5.0,14,13,10,10,0,1,1,10,115.3111,20.0,95.3111,10,5,4,4
5.0,14,14,10,10,0,1,1,10,115.3111,20.0,95.3111,10,5,4,4
5.0,14,15,10,10,0,1,1,10,115.3111,20.0,95.3111,10,5,4,4
5.0,14,16,10,10,0,1,1,10,115.3111,20.0,95.3111,10,5,4,4
5.0,14,17,10,10,0,1,1,10,115.3111,20.0,95.3111,10,5,4,4
5.0,14,18,10,10,0,1,1,10,115.3111,20.0,95.3111,10,5,4,4
5.0,14,19,10,10,0,1,1,10,115.3111,20.0,95.3111,10,5,4,4
5.0,14,20,10,10,0,1,1,10,115.3111,20.0,95.3111,10,5,4,4
5.0,14,21,10,10,0,1,1,10,115.3111,20.0,95.3111,10,5,4,4
5.0,14,22,10,10,0,1,1,10,115.3111,20.0,95.3111,10,5,4,4
5.0,14,23,10,10,0,1,1,10,115.3111,20.0,95.3111,10,5,4,4
5.0,14,24,10,10,0,1,1,10,115.3111,20.0,95.3111,10,5,4,4
5.0,14,25,10,10,0,1,1,10,115.3111,20.0,95.3111,10,5,4,4
5.0,14,26,10,10,0,1,1,10,115.3111,20.0,95.3111,10,5,4,4
5.0,14,27,10,10,0,1,1,10,115.3111,20.0,95.3111,10,5,4,4
5.0,14,28,10,10,0,1,1,10,115.3111,20.0,95.3111,10,5,4,4
5.0,14,29,10,9,-1,1,1,10,115.3111,20.0,95.3111,10,5,5,4
5.0,14,30,10,9,-1,1,1,10,115.3111,20.0,95.3111,10,5,5,4
5.0,15,1,1,0,-1,1,0,1,21.4147,20.0,1.4147,11,5,15,14
5.0,15,2,2,0,-2,1,0,2,41.5827,20.0,21.5827,11,5,15,13
5.0,15,3,3,0,-3,1,0,3,60.2648,20.0,40.2648,11,5,15,12
5.0,15,4,4,0,-4,1,0,4,77.238,20.0,57.238,11,5,15,11
5.0,15,5,5,0,-5,1,0,5,92.309,20.0,72.309,11,5,15,10
5.0,15,6,6,0,-6,1,0,6,105.323,20.0,85.323,11,5,15,9
5.0,15,7,7,7,0,1,1,7,116.1667,20.0,96.1667,11,5,8,8
5.0,15,8,8,8,0,1,1,8,124.7644,20.0,104.7644,11,5,7,7
5.0,15,9,9,9,0,1,1,9,131.0709,20.0,111.0709,11,5,6,6
5.0,15,10,10,10,0,1,1,10,135.0617,20.0,115.0617,11,5,5,5
5.0,15,11,11,11,0,1,1,11,136.7258,20.0,116.7258,11,5,4,4
5.0,15,12,11,11,0,1,1,11,136.7258,20.0,116.7258,11,5,4,4
5.0,15,13,11,11,0,1,1,11,136.7258,20.0,116.7258,11,5,4,4
5.0,15,14,11,11,0,1,1,11,136.7258,20.0,116.7258,11,5,4,4
5.0,15,15,11,11,0,1,1,11,136.7258,20.0,116.7258,11,5,4,4
5.0,15,16,11,11,0,1,1,11,136.7258,20.0,116.7258,11,5,4,4
5.0,15,17,11,11,0,1,1,11,136.7258,20.0,116.7258,11,5,4,4
5.0,15,18,11,11,0,1,1,11,136.7258,20.0,116.7258,11,5,4,4
5.0,15,19,11,11,0,1,1,11,136.7258,20.0,116.7258,11,5,4,4
5.0,15,20,11,11,0,1,1,11,136.7258,20.0,116.7258,11,5,4,4
5.0,15,21,11,11,0,1,1,11,136.7258,20.0,116.7258,11,5,4,4
5.0,15,22,11,11,0,1,1,11,136.7258,20.0,116.7258,11,5,4,4
5.0,15,23,11,11,0,1,1,11,136.7258,20.0,116.7258,11,5,4,4
5.0,15,24,11,11,0,1,1,11,136.7258,20.0,116.7258,11,5,4,4
5.0,15,25,11,11,0,1,1,11,136.7258,20.0,116.7258,11,5,4,4
5.0,15,26,11,11,0,1,1,11,136.7258,20.0,116.7258,11,5,4,4
5.0,15,27,11,11,0,1,1,11,136.7258,20.0,116.7258,11,5,4,4
5.0,15,28,11,11,0,1,1,11,136.7258,20.0,116.7258,11,5,4,4
5.0,15,29,11,11,0,1,1,11,136.7258,20.0,116.7258,11,5,4,4
5.0,15,30,11,10,-1,1,1,11,136.7258,20.0,116.7258,11,5,5,4
5.0,16,1,1,0,-1,1,0,1,22.4225,20.0,2.4225,12,5,16,15
5.0,16,2,2,0,-2,1,0,2,43.8373,20.0,23.8373,12,5,16,14
5.0,16,3,3,0,-3,1,0,3,64.0052,20.0,44.0052,12,5,16,13
5.0,16,4,4,0,-4,1,0,4,82.6873,20.0,62.6873,12,5,16,12
5.0,16,5,5,0,-5,1,0,5,99.6605,20.0,79.6605,12,5,16,11
5.0,16,6,6,6,0,1,1,6,114.7315,20.0,94.7315,12,5,10,10
5.0,16,7,7,7,0,1,1,7,127.7455,20.0,107.7455,12,5,9,9
5.0,16,8,8,8,0,1,1,8,138.5892,20.0,118.5892,12,5,8,8
5.0,16,9,9,9,0,1,1,9,147.187,20.0,127.187,12,5,7,7
5.0,16,10,10,10,0,1,1,10,153.4934,20.0,133.4934,12,5,6,6
5.0,16,11,11,11,0,1,1,11,157.4843,20.0,137.4843,12,5,5,5
5.0,16,12,12,12,0,1,1,12,159.1483,20.0,139.1483,12,5,4,4
5.0,16,13,12,12,0,1,1,12,159.1483,20.0,139.1483,12,5,4,4
5.0,16,14,12,12,0,1,1,12,159.1483,20.0,139.1483,12,5,4,4
5.0,16,15,12,12,0,1,1,12,159.1483,20.0,139.1483,12,5,4,4
5.0,16,16,12,12,0,1,1,12,159.1483,20.0,139.1483,12,5,4,4
5.0,16,17,12,12,0,1,1,12,159.1483,20.0,139.1483,12,5,4,4
5.0,16,18,12,12,0,1,1,12,159.1483,20.0,139.1483,12,5,4,4
5.0,16,19,12,12,0,1,1,12,159.1483,20.0,139.1483,12,5,4,4
5.0,16,20,12,12,0,1,1,12,159.1483,20.0,139.1483,12,5,4,4
5.0,16,21,12,12,0,1,1,12,159.1483,20.0,139.1483,12,5,4,4
5.0,16,22,12,12,0,1,1,12,159.1483,20.0,139.1483,12,5,4,4
5.0,16,23,12,12,0,1,1,12,159.1483,20.0,139.1483,12,5,4,4
5.0,16,24,12,12,0,1,1,12,159.1483,20.0,139.1483,12,5,4,4
5.0,16,25,12,12,0,1,1,12,159.1483,20.0,139.1483,12,5,4,4
5.0,16,26,12,12,0,1,1,12,159.1483,20.0,139.1483,12,5,4,4
5.0,16,27,12,12,0,1,1,12,159.1483,20.0,139.1483,12,5,4,4
5.0,16,28,12,12,0,1,1,12,159.1483,20.0,139.1483,12,5,4,4
5.0,16,29,12,12,0,1,1,12,159.1483,20.0,139.1483,12,5,4,4
5.0,16,30,12,12,0,1,1,12,159.1483,20.0,139.1483,12,5,4,4
5.0,17,1,1,0,-1,1,0,1,23.2062,20.0,3.2062,13,5,17,16
5.0,17,2,2,0,-2,1,0,2,45.6288,20.0,25.6288,13,5,17,15
5.0,17,3,3,0,-3,1,0,3,67.0435,20.0,47.0435,13,5,17,14
5.0,17,4,4,0,-4,1,0,4,87.2115,20.0,67.2115,13,5,17,13
5.0,17,5,5,5,0,1,1,5,105.8936,20.0,85.8936,13,5,12,12
5.0,17,6,6,6,0,1,1,6,122.8668,20.0,102.8668,13,5,11,11
5.0,17,7,7,7,0,1,1,7,137.9377,20.0,117.9377,13,5,10,10
5.0,17,8,8,8,0,1,1,8,150.9518,20.0,130.9518,13,5,9,9
5.0,17,9,9,9,0,1,1,9,161.7955,20.0,141.7955,13,5,8,8
5.0,17,10,10,10,0,1,1,10,170.3932,20.0,150.3932,13,5,7,7
5.0,17,11,11,11,0,1,1,11,176.6996,20.0,156.6996,13,5,6,6
5.0,17,12,12,12,0,1,1,12,180.6905,20.0,160.6905,13,5,5,5
5.0,17,13,13,13,0,1,1,13,182.3546,20.0,162.3546,13,5,4,4
5.0,17,14,13,13,0,1,1,13,182.3546,20.0,162.3546,13,5,4,4
5.0,17,15,13,13,0,1,1,13,182.3546,20.0,162.3546,13,5,4,4
5.0,17,16,13,13,0,1,1,13,182.3546,20.0,162.3546,13,5,4,4
5.0,17,17,13,13,0,1,1,13,182.3546,20.0,162.3546,13,5,4,4
5.0,17,18,13,13,0,1,1,13,182.3546,20.0,162.3546,13,5,4,4
5.0,17,19,13,13,0,1,1,13,182.3546,20.0,162.3546,13,5,4,4
5.0,17,20,13,13,0,1,1,13,182.3546,20.0,162.3546,13,5,4,4
5.0,17,21,13,13,0,1,1,13,182.3546,20.0,162.3546,13,5,4,4
5.0,17,22,13,13,0,1,1,13,182.3546,20.0,162.3546,13,5,4,4
5.0,17,23,13,13,0,1,1,13,182.3546,20.0,162.3546,13,5,4,4
5.0,17,24,13,13,0,1,1,13,182.3546,20.0,162.3546,13,5,4,4
5.0,17,25,13,13,0,1,1,13,182.3546,20.0,162.3546,13,5,4,4
5.0,17,26,13,13,0,1,1,13,182.3546,20.0,162.3546,13,5,4,4
5.0,17,27,13,13,0,1,1,13,182.3546,20.0,162.3546,13,5,4,4
5.0,17,28,13,13,0,1,1,13,182.3546,20.0,162.3546,13,5,4,4
5.0,17,29,13,13,0,1,1,13,182.3546,20.0,162.3546,13,5,4,4
5.0,17,30,13,13,0,1,1,13,182.3546,20.0,162.3546,13,5,4,4
5.0,18,1,1,0,-1,1,0,1,23.7922,20.0,3.7922,14,5,18,17
5.0,18,2,2,0,-2,1,0,2,46.9985,20.0,26.9985,14,5,18,16
5.0,18,3,3,0,-3,1,0,3,69.421,20.0,49.421,14,5,18,15
5.0,18,4,4,0,-4,1,0,4,90.8358,20.0,70.8358,14,5,18,14
5.0,18,5,5,5,0,1,1,5,111.0037,20.0,91.0037,14,5,13,13
5.0,18,6,6,6,0,1,1,6,129.6858,20.0,109.6858,14,5,12,12
5.0,18,7,7,7,0,1,1,7,146.659,20.0,126.659,14,5,11,11
5.0,18,8,8,8,0,1,1,8,161.73,20.0,141.73,14,5,10,10
5.0,18,9,9,9,0,1,1,9,174.744,20.0,154.744,14,5,9,9
5.0,18,10,10,10,0,1,1,10,185.5877,20.0,165.5877,14,5,8,8
5.0,18,11,11,11,0,1,1,11,194.1855,20.0,174.1855,14,5,7,7
5.0,18,12,12,12,0,1,1,12,200.4919,20.0,180.4919,14,5,6,6
5.0,18,13,13,13,0,1,1,13,204.4828,20.0,184.4828,14,5,5,5
5.0,18,14,14,14,0,1,1,14,206.1468,20.0,186.1468,14,5,4,4
5.0,18,15,14,14,0,1,1,14,206.1468,20.0,186.1468,14,5,4,4
5.0,18,16,14,14,0,1,1,14,206.1468,20.0,186.1468,14,5,4,4
5.0,18,17,14,14,0,1,1,14,206.1468,20.0,186.1468,14,5,4,4
5.0,18,18,14,14,0,1,1,14,206.1468,20.0,186.1468,14,5,4,4
5.0,18,19,14,14,0,1,1,14,206.1468,20.0,186.1468,14,5,4,4
5.0,18,20,14,14,0,1,1,14,206.1468,20.0,186.1468,14,5,4,4
5.0,18,21,14,14,0,1,1,14,206.1468,20.0,186.1468,14,5,4,4
5.0,18,22,14,14,0,1,1,14,206.1468,20.0,186.1468,14,5,4,4
5.0,18,23,14,14,0,1,1,14,206.1468,20.0,186.1468,14,5,4,4
5.0,18,24,14,14,0,1,1,14,206.1468,20.0,186.1468,14,5,4,4
5.0,18,25,14,14,0,1,1,14,206.1468,20.0,186.1468,14,5,4,4
5.0,18,26,14,14,0,1,1,14,206.1468,20.0,186.1468,14,5,4,4
5.0,18,27,14,14,0,1,1,14,206.1468,20.0,186.1468,14,5,4,4
5.0,18,28,14,14,0,1,1,14,206.1468,20.0,186.1468,14,5,4,4
5.0,18,29,14,14,0,1,1,14,206.1468,20.0,186.1468,14,5,4,4
5.0,18,30,14,14,0,1,1,14,206.1468,20.0,186.1468,14,5,4,4
5.0,19,1,1,0,-1,1,0,1,24.2135,20.0,4.2135,15,5,19,18
5.0,19,2,2,0,-2,1,0,2,48.0057,20.0,28.0057,15,5,19,17
5.0,19,3,3,0,-3,1,0,3,71.212,20.0,51.212,15,5,19,16
5.0,19,4,4,0,-4,1,0,4,93.6345,20.0,73.6345,15,5,19,15
5.0,19,5,5,5,0,1,1,5,115.0493,20.0,95.0493,15,5,14,14
5.0,19,6,6,6,0,1,1,6,135.2172,20.0,115.2172,15,5,13,13
5.0,19,7,7,7,0,1,1,7,153.8993,20.0,133.8993,15,5,12,12
5.0,19,8,8,8,0,1,1,8,170.8725,20.0,150.8725,15,5,11,11
5.0,19,9,9,9,0,1,1,9,185.9435,20.0,165.9435,15,5,10,10
5.0,19,10,10,10,0,1,1,10,198.9575,20.0,178.9575,15,5,9,9
5.0,19,11,11,11,0,1,1,11,209.8012,20.0,189.8012,15,5,8,8
5.0,19,12,12,12,0,1,1,12,218.3989,20.0,198.3989,15,5,7,7
5.0,19,13,13,13,0,1,1,13,224.7054,20.0,204.7054,15,5,6,6
5.0,19,14,14,14,0,1,1,14,228.6962,20.0,208.6962,15,5,5,5
5.0,19,15,15,15,0,1,1,15,230.3603,20.0,210.3603,15,5,4,4
5.0,19,16,15,15,0,1,1,15,230.3603,20.0,210.3603,15,5,4,4
5.0,19,17,15,15,0,1,1,15,230.3603,20.0,210.3603,15,5,4,4
5.0,19,18,15,15,0,1,1,15,230.3603,20.0,210.3603,15,5,4,4
5.0,19,19,15,15,0,1,1,15,230.3603,20.0,210.3603,15,5,4,4
5.0,19,20,15,15,0,1,1,15,230.3603,20.0,210.3603,15,5,4,4
5.0,19,21,15,15,0,1,1,15,230.3603,20.0,210.3603,15,5,4,4
5.0,19,22,15,15,0,1,1,15,230.3603,20.0,210.3603,15,5,4,4
5.0,19,23,15,15,0,1,1,15,230.3603,20.0,210.3603,15,5,4,4
5.0,19,24,15,15,0,1,1,15,230.3603,20.0,210.3603,15,5,4,4
5.0,19,25,15,15,0,1,1,15,230.3603,20.0,210.3603,15,5,4,4
5.0,19,26,15,15,0,1,1,15,230.3603,20.0,210.3603,15,5,4,4
5.0,19,27,15,15,0,1,1,15,230.3603,20.0,210.3603,15,5,4,4
5.0,19,28,15,15,0,1,1,15,230.3603,20.0,210.3603,15,5,4,4
5.0,19,29,15,15,0,1,1,15,230.3603,20.0,210.3603,15,5,4,4
5.0,19,30,15,15,0,1,1,15,230.3603,20.0,210.3603,15,5,4,4
5.0,20,1,1,0,-1,1,0,1,24.5046,20.0,4.5046,16,5,20,19
5.0,20,2,2,0,-2,1,0,2,48.7181,20.0,28.7181,16,5,20,18
5.0,20,3,3,0,-3,1,0,3,72.5104,20.0,52.5104,16,5,20,17
5.0,20,4,4,0,-4,1,0,4,95.7166,20.0,75.7166,16,5,20,16
5.0,20,5,5,5,0,1,1,5,118.1391,20.0,98.1391,16,5,15,15
5.0,20,6,6,6,0,1,1,6,139.5539,20.0,119.5539,16,5,14,14
5.0,20,7,7,7,0,1,1,7,159.7218,20.0,139.7218,16,5,13,13
5.0,20,8,8,8,0,1,1,8,178.4039,20.0,158.4039,16,5,12,12
5.0,20,9,9,9,0,1,1,9,195.3771,20.0,175.3771,16,5,11,11
5.0,20,10,10,10,0,1,1,10,210.4481,20.0,190.4481,16,5,10,10
5.0,20,11,11,11,0,1,1,11,223.4621,20.0,203.4621,16,5,9,9
5.0,20,12,12,12,0,1,1,12,234.3058,20.0,214.3058,16,5,8,8
5.0,20,13,13,13,0,1,1,13,242.9036,20.0,222.9036,16,5,7,7
5.0,20,14,14,14,0,1,1,14,249.21,20.0,229.21,16,5,6,6
5.0,20,15,15,15,0,1,1,15,253.2009,20.0,233.2009,16,5,5,5
5.0,20,16,16,16,0,1,1,16,254.865,20.0,234.865,16,5,4,4
5.0,20,17,16,16,0,1,1,16,254.865,20.0,234.865,16,5,4,4
5.0,20,18,16,16,0,1,1,16,254.865,20.0,234.865,16,5,4,4
5.0,20,19,16,16,0,1,1,16,254.865,20.0,234.865,16,5,4,4
5.0,20,20,16,16,0,1,1,16,254.865,20.0,234.865,16,5,4,4
5.0,20,21,16,16,0,1,1,16,254.865,20.0,234.865,16,5,4,4
5.0,20,22,16,16,0,1,1,16,254.865,20.0,234.865,16,5,4,4
5.0,20,23,16,16,0,1,1,16,254.865,20.0,234.865,16,5,4,4
5.0,20,24,16,16,0,1,1,16,254.865,20.0,234.865,16,5,4,4
5.0,20,25,16,16,0,1,1,16,254.865,20.0,234.865,16,5,4,4
5.0,20,26,16,16,0,1,1,16,254.865,20.0,234.865,16,5,4,4
5.0,20,27,16,16,0,1,1,16,254.865,20.0,234.865,16,5,4,4
5.0,20,28,16,16,0,1,1,16,254.865,20.0,234.865,16,5,4,4
5.0,20,29,16,16,0,1,1,16,254.865,20.0,234.865,16,5,4,4
5.0,20,30,16,16,0,1,1,16,254.865,20.0,234.865,16,5,4,4
5.0,21,1,1,0,-1,1,0,1,24.6982,20.0,4.6982,17,5,21,20
5.0,21,2,2,0,-2,1,0,2,49.2029,20.0,29.2029,17,5,21,19
5.0,21,3,3,0,-3,1,0,3,73.4163,20.0,53.4163,17,5,21,18
5.0,21,4,4,0,-4,1,0,4,97.2086,20.0,77.2086,17,5,21,17
5.0,21,5,5,0,-5,1,0,5,120.4148,20.0,100.4148,17,5,21,16
5.0,21,6,6,6,0,1,1,6,142.8374,20.0,122.8374,17,5,15,15
5.0,21,7,7,7,0,1,1,7,164.2521,20.0,144.2521,17,5,14,14
5.0,21,8,8,8,0,1,1,8,184.4201,20.0,164.4201,17,5,13,13
5.0,21,9,9,9,0,1,1,9,203.1022,20.0,183.1022,17,5,12,12
5.0,21,10,10,10,0,1,1,10,220.0754,20.0,200.0754,17,5,11,11
5.0,21,11,11,11,0,1,1,11,235.1463,20.0,215.1463,17,5,10,10
5.0,21,12,12,12,0,1,1,12,248.1604,20.0,228.1604,17,5,9,9
5.0,21,13,13,13,0,1,1,13,259.0041,20.0,239.0041,17,5,8,8
5.0,21,14,14,14,0,1,1,14,267.6018,20.0,247.6018,17,5,7,7
5.0,21,15,15,15,0,1,1,15,273.9082,20.0,253.9082,17,5,6,6
5.0,21,16,16,16,0,1,1,16,277.8991,20.0,257.8991,17,5,5,5
5.0,21,17,17,17,0,1,1,17,279.5632,20.0,259.5632,17,5,4,4
5.0,21,18,17,17,0,1,1,17,279.5632,20.0,259.5632,17,5,4,4
5.0,21,19,17,17,0,1,1,17,279.5632,20.0,259.5632,17,5,4,4
5.0,21,20,17,17,0,1,1,17,279.5632,20.0,259.5632,17,5,4,4
5.0,21,21,17,17,0,1,1,17,279.5632,20.0,259.5632,17,5,4,4
5.0,21,22,17,17,0,1,1,17,279.5632,20.0,259.5632,17,5,4,4
5.0,21,23,17,17,0,1,1,17,279.5632,20.0,259.5632,17,5,4,4
5.0,21,24,17,17,0,1,1,17,279.5632,20.0,259.5632,17,5,4,4
5.0,21,25,17,17,0,1,1,17,279.5632,20.0,259.5632,17,5,4,4
5.0,21,26,17,17,0,1,1,17,279.5632,20.0,259.5632,17,5,4,4
5.0,21,27,17,17,0,1,1,17,279.5632,20.0,259.5632,17,5,4,4
5.0,21,28,17,17,0,1,1,17,279.5632,20.0,259.5632,17,5,4,4
5.0,21,29,17,17,0,1,1,17,279.5632,20.0,259.5632,17,5,4,4
5.0,21,30,17,17,0,1,1,17,279.5632,20.0,259.5632,17,5,4,4
5.0,22,1,1,0,-1,1,0,1,24.8221,20.0,4.8221,18,5,22,21
5.0,22,2,2,0,-2,1,0,2,49.5204,20.0,29.5204,18,5,22,20
5.0,22,3,3,0,-3,1,0,3,74.025,20.0,54.025,18,5,22,19
5.0,22,4,4,0,-4,1,0,4,98.2385,20.0,78.2385,18,5,22,18
5.0,22,5,5,0,-5,1,0,5,122.0307,20.0,102.0307,18,5,22,17
5.0,22,6,6,6,0,1,1,6,145.237,20.0,125.237,18,5,16,16
5.0,22,7,7,7,0,1,1,7,167.6595,20.0,147.6595,18,5,15,15
5.0,22,8,8,8,0,1,1,8,189.0743,20.0,169.0743,18,5,14,14
5.0,22,9,9,9,0,1,1,9,209.2422,20.0,189.2422,18,5,13,13
5.0,22,10,10,10,0,1,1,10,227.9243,20.0,207.9243,18,5,12,12
5.0,22,11,11,11,0,1,1,11,244.8975,20.0,224.8975,18,5,11,11
5.0,22,12,12,12,0,1,1,12,259.9685,20.0,239.9685,18,5,10,10
5.0,22,13,13,13,0,1,1,13,272.9825,20.0,252.9825,18,5,9,9
5.0,22,14,14,14,0,1,1,14,283.8262,20.0,263.8262,18,5,8,8
5.0,22,15,15,15,0,1,1,15,292.424,20.0,272.424,18,5,7,7
5.0,22,16,16,16,0,1,1,16,298.7304,20.0,278.7304,18,5,6,6
5.0,22,17,17,17,0,1,1,17,302.7213,20.0,282.7213,18,5,5,5
5.0,22,18,18,18,0,1,1,18,304.3853,20.0,284.3853,18,5,4,4
5.0,22,19,18,18,0,1,1,18,304.3853,20.0,284.3853,18,5,4,4
5.0,22,20,18,18,0,1,1,18,304.3853,20.0,284.3853,18,5,4,4
5.0,22,21,18,18,0,1,1,18,304.3853,20.0,284.3853,18,5,4,4
5.0,22,22,18,18,0,1,1,18,304.3853,20.0,284.3853,18,5,4,4
5.0,22,23,18,18,0,1,1,18,304.3853,20.0,284.3853,18,5,4,4
5.0,22,24,18,18,0,1,1,18,304.3853,20.0,284.3853,18,5,4,4
5.0,22,25,18,18,0,1,1,18,304.3853,20.0,284.3853,18,5,4,4
5.0,22,26,18,18,0,1,1,18,304.3853,20.0,284.3853,18,5,4,4
5.0,22,27,18,18,0,1,1,18,304.3853,20.0,284.3853,18,5,4,4
5.0,22,28,18,18,0,1,1,18,304.3853,20.0,284.3853,18,5,4,4
5.0,22,29,18,18,0,1,1,18,304.3853,20.0,284.3853,18,5,4,4
5.0,22,30,18,18,0,1,1,18,304.3853,20.0,284.3853,18,5,4,4
5.0,23,1,1,0,-1,1,0,1,24.8986,20.0,4.8986,19,5,23,22
5.0,23,2,2,0,-2,1,0,2,49.7207,20.0,29.7207,19,5,23,21
5.0,23,3,3,0,-3,1,0,3,74.4189,20.0,54.4189,19,5,23,20
5.0,23,4,4,0,-4,1,0,4,98.9236,20.0,78.9236,19,5,23,19
5.0,23,5,5,0,-5,1,0,5,123.137,20.0,103.137,19,5,23,18
5.0,23,6,6,6,0,1,1,6,146.9293,20.0,126.9293,19,5,17,17
5.0,23,7,7,7,0,1,1,7,170.1355,20.0,150.1355,19,5,16,16
5.0,23,8,8,8,0,1,1,8,192.5581,20.0,172.5581,19,5,15,15
5.0,23,9,9,9,0,1,1,9,213.9728,20.0,193.9728,19,5,14,14
5.0,23,10,10,10,0,1,1,10,234.1407,20.0,214.1407,19,5,13,13
5.0,23,11,11,11,0,1,1,11,252.8229,20.0,232.8229,19,5,12,12
5.0,23,12,12,12,0,1,1,12,269.7961,20.0,249.7961,19,5,11,11
5.0,23,13,13,13,0,1,1,13,284.867,20.0,264.867,19,5,10,10
5.0,23,14,14,14,0,1,1,14,297.8811,20.0,277.8811,19,5,9,9
5.0,23,15,15,15,0,1,1,15,308.7248,20.0,288.7248,19,5,8,8
5.0,23,16,16,16,0,1,1,16,317.3225,20.0,297.3225,19,5,7,7
5.0,23,17,17,17,0,1,1,17,323.6289,20.0,303.6289,19,5,6,6
5.0,23,18,18,18,0,1,1,18,327.6198,20.0,307.6198,19,5,5,5
5.0,23,19,19,19,0,1,1,19,329.2839,20.0,309.2839,19,5,4,4
5.0,23,20,19,19,0,1,1,19,329.2839,20.0,309.2839,19,5,4,4
5.0,23,21,19,19,0,1,1,19,329.2839,20.0,309.2839,19,5,4,4
5.0,23,22,19,19,0,1,1,19,329.2839,20.0,309.2839,19,5,4,4
5.0,23,23,19,19,0,1,1,19,329.2839,20.0,309.2839,19,5,4,4
5.0,23,24,19,19,0,1,1,19,329.2839,20.0,309.2839,19,5,4,4
5.0,23,25,19,19,0,1,1,19,329.2839,20.0,309.2839,19,5,4,4
5.0,23,26,19,19,0,1,1,19,329.2839,20.0,309.2839,19,5,4,4
5.0,23,27,19,19,0,1,1,19,329.2839,20.0,309.2839,19,5,4,4
5.0,23,28,19,19,0,1,1,19,329.2839,20.0,309.2839,19,5,4,4
5.0,23,29,19,19,0,1,1,19,329.2839,20.0,309.2839,19,5,4,4
5.0,23,30,19,19,0,1,1,19,329.2839,20.0,309.2839,19,5,4,4
5.0,24,1,1,0,-1,1,0,1,24.944,20.0,4.944,20,5,24,23
5.0,24,2,2,0,-2,1,0,2,49.8425,20.0,29.8425,20,5,24,22
5.0,24,3,3,0,-3,1,0,3,74.6647,20.0,54.6647,20,5,24,21
5.0,24,4,4,0,-4,1,0,4,99.3629,20.0,79.3629,20,5,24,20
5.0,24,5,5,5,0,1,1,5,123.8675,20.0,103.8675,20,5,19,19
5.0,24,6,6,6,0,1,1,6,148.081,20.0,128.081,20,5,18,18
5.0,24,7,7,7,0,1,1,7,171.8733,20.0,151.8733,20,5,17,17
5.0,24,8,8,8,0,1,1,8,195.0795,20.0,175.0795,20,5,16,16
5.0,24,9,9,9,0,1,1,9,217.502,20.0,197.502,20,5,15,15
5.0,24,10,10,10,0,1,1,10,238.9168,20.0,218.9168,20,5,14,14
5.0,24,11,11,11,0,1,1,11,259.0847,20.0,239.0847,20,5,13,13
5.0,24,12,12,12,0,1,1,12,277.7668,20.0,257.7668,20,5,12,12
5.0,24,13,13,13,0,1,1,13,294.74,20.0,274.74,20,5,11,11
5.0,24,14,14,14,0,1,1,14,309.811,20.0,289.811,20,5,10,10
5.0,24,15,15,15,0,1,1,15,322.825,20.0,302.825,20,5,9,9
5.0,24,16,16,16,0,1,1,16,333.6687,20.0,313.6687,20,5,8,8
5.0,24,17,17,17,0,1,1,17,342.2665,20.0,322.2665,20,5,7,7
5.0,24,18,18,18,0,1,1,18,348.5729,20.0,328.5729,20,5,6,6
5.0,24,19,19,19,0,1,1,19,352.5638,20.0,332.5638,20,5,5,5
5.0,24,20,20,20,0,1,1,20,354.2278,20.0,334.2278,20,5,4,4
5.0,24,21,20,20,0,1,1,20,354.2278,20.0,334.2278,20,5,4,4
5.0,24,22,20,20,0,1,1,20,354.2278,20.0,334.2278,20,5,4,4
5.0,24,23,20,20,0,1,1,20,354.2278,20.0,334.2278,20,5,4,4
5.0,24,24,20,20,0,1,1,20,354.2278,20.0,334.2278,20,5,4,4
5.0,24,25,20,20,0,1,1,20,354.2278,20.0,334.2278,20,5,4,4
5.0,24,26,20,20,0,1,1,20,354.2278,20.0,334.2278,20,5,4,4
5.0,24,27,20,20,0,1,1,20,354.2278,20.0,334.2278,20,5,4,4
5.0,24,28,20,20,0,1,1,20,354.2278,20.0,334.2278,20,5,4,4
5.0,24,29,20,20,0,1,1,20,354.2278,20.0,334.2278,20,5,4,4
5.0,24,30,20,20,0,1,1,20,354.2278,20.0,334.2278,20,5,4,4
5.0,25,1,1,0,-1,1,0,1,24.97,20.0,4.97,21,5,25,24
5.0,25,2,2,0,-2,1,0,2,49.914,20.0,29.914,21,5,25,23
5.0,25,3,3,0,-3,1,0,3,74.8125,20.0,54.8125,21,5,25,22
5.0,25,4,4,0,-4,1,0,4,99.6347,20.0,79.6347,21,5,25,21
5.0,25,5,5,5,0,1,1,5,124.3329,20.0,104.3329,21,5,20,20
5.0,25,6,6,6,0,1,1,6,148.8375,20.0,128.8375,21,5,19,19
5.0,25,7,7,7,0,1,1,7,173.051,20.0,153.051,21,5,18,18
5.0,25,8,8,8,0,1,1,8,196.8433,20.0,176.8433,21,5,17,17
5.0,25,9,9,9,0,1,1,9,220.0495,20.0,200.0495,21,5,16,16
5.0,25,10,10,10,0,1,1,10,242.4721,20.0,222.4721,21,5,15,15
5.0,25,11,11,11,0,1,1,11,263.8868,20.0,243.8868,21,5,14,14
5.0,25,12,12,12,0,1,1,12,284.0547,20.0,264.0547,21,5,13,13
5.0,25,13,13,13,0,1,1,13,302.7368,20.0,282.7368,21,5,12,12
5.0,25,14,14,14,0,1,1,14,319.7101,20.0,299.7101,21,5,11,11
5.0,25,15,15,15,0,1,1,15,334.781,20.0,314.781,21,5,10,10
5.0,25,16,16,16,0,1,1,16,347.7951,20.0,327.7951,21,5,9,9
5.0,25,17,17,17,0,1,1,17,358.6388,20.0,338.6388,21,5,8,8
5.0,25,18,18,18,0,1,1,18,367.2365,20.0,347.2365,21,5,7,7
5.0,25,19,19,19,0,1,1,19,373.5429,20.0,353.5429,21,5,6,6
5.0,25,20,20,20,0,1,1,20,377.5338,20.0,357.5338,21,5,5,5
5.0,25,21,21,21,0,1,1,21,379.1979,20.0,359.1979,21,5,4,4
5.0,25,22,21,21,0,1,1,21,379.1979,20.0,359.1979,21,5,4,4
5.0,25,23,21,21,0,1,1,21,379.1979,20.0,359.1979,21,5,4,4
5.0,25,24,21,21,0,1,1,21,379.1979,20.0,359.1979,21,5,4,4
5.0,25,25,21,21,0,1,1,21,379.1979,20.0,359.1979,21,5,4,4
5.0,25,26,21,21,0,1,1,21,379.1979,20.0,359.1979,21,5,4,4
5.0,25,27,21,21,0,1,1,21,379.1979,20.0,359.1979,21,5,4,4
5.0,25,28,21,21,0,1,1,21,379.1979,20.0,359.1979,21,5,4,4
5.0,25,29,21,21,0,1,1,21,379.1979,20.0,359.1979,21,5,4,4
5.0,25,30,21,21,0,1,1,21,379.1979,20.0,359.1979,21,5,4,4
5.0,26,1,1,0,-1,1,0,1,24.9845,20.0,4.9845,22,5,26,25
5.0,26,2,2,0,-2,1,0,2,49.9545,20.0,29.9545,22,5,26,24
5.0,26,3,3,0,-3,1,0,3,74.8984,20.0,54.8984,22,5,26,23
5.0,26,4,4,0,-4,1,0,4,99.797,20.0,79.797,22,5,26,22
5.0,26,5,5,5,0,1,1,5,124.6191,20.0,104.6191,22,5,21,21
5.0,26,6,6,6,0,1,1,6,149.3174,20.0,129.3174,22,5,20,20
5.0,26,7,7,7,0,1,1,7,173.822,20.0,153.822,22,5,19,19
5.0,26,8,8,8,0,1,1,8,198.0355,20.0,178.0355,22,5,18,18
5.0,26,9,9,9,0,1,1,9,221.8277,20.0,201.8277,22,5,17,17
5.0,26,10,10,10,0,1,1,10,245.034,20.0,225.034,22,5,16,16
5.0,26,11,11,11,0,1,1,11,267.4565,20.0,247.4565,22,5,15,15
5.0,26,12,12,12,0,1,1,12,288.8712,20.0,268.8712,22,5,14,14
5.0,26,13,13,13,0,1,1,13,309.0392,20.0,289.0392,22,5,13,13
5.0,26,14,14,14,0,1,1,14,327.7213,20.0,307.7213,22,5,12,12
5.0,26,15,15,15,0,1,1,15,344.6945,20.0,324.6945,22,5,11,11
5.0,26,16,16,16,0,1,1,16,359.7655,20.0,339.7655,22,5,10,10
5.0,26,17,17,17,0,1,1,17,372.7795,20.0,352.7795,22,5,9,9
5.0,26,18,18,18,0,1,1,18,383.6232,20.0,363.6232,22,5,8,8
5.0,26,19,19,19,0,1,1,19,392.2209,20.0,372.2209,22,5,7,7
5.0,26,20,20,20,0,1,1,20,398.5274,20.0,378.5274,22,5,6,6
5.0,26,21,21,21,0,1,1,21,402.5182,20.0,382.5182,22,5,5,5
5.0,26,22,22,22,0,1,1,22,404.1823,20.0,384.1823,22,5,4,4
5.0,26,23,22,22,0,1,1,22,404.1823,20.0,384.1823,22,5,4,4
5.0,26,24,22,22,0,1,1,22,404.1823,20.0,384.1823,22,5,4,4
5.0,26,25,22,22,0,1,1,22,404.1823,20.0,384.1823,22,5,4,4
5.0,26,26,22,22,0,1,1,22,404.1823,20.0,384.1823,22,5,4,4
5.0,26,27,22,22,0,1,1,22,404.1823,20.0,384.1823,22,5,4,4
5.0,26,28,22,22,0,1,1,22,404.1823,20.0,384.1823,22,5,4,4
5.0,26,29,22,22,0,1,1,22,404.1823,20.0,384.1823,22,5,4,4
5.0,26,30,22,22,0,1,1,22,404.1823,20.0,384.1823,22,5,4,4
5.0,27,1,1,0,-1,1,0,1,24.9922,20.0,4.9922,23,5,27,26
5.0,27,2,2,0,-2,1,0,2,49.9766,20.0,29.9766,23,5,27,25
5.0,27,3,3,0,-3,1,0,3,74.9466,20.0,54.9466,23,5,27,24
5.0,27,4,4,0,-4,1,0,4,99.8906,20.0,79.8906,23,5,27,23
5.0,27,5,5,5,0,1,1,5,124.7892,20.0,104.7892,23,5,22,22
5.0,27,6,6,6,0,1,1,6,149.6113,20.0,129.6113,23,5,21,21
5.0,27,7,7,7,0,1,1,7,174.3095,20.0,154.3095,23,5,20,20
5.0,27,8,8,8,0,1,1,8,198.8142,20.0,178.8142,23,5,19,19
5.0,27,9,9,9,0,1,1,9,223.0277,20.0,203.0277,23,5,18,18
5.0,27,10,10,10,0,1,1,10,246.8199,20.0,226.8199,23,5,17,17
5.0,27,11,11,11,0,1,1,11,270.0261,20.0,250.0261,23,5,16,16
5.0,27,12,12,12,0,1,1,12,292.4487,20.0,272.4487,23,5,15,15
5.0,27,13,13,13,0,1,1,13,313.8634,20.0,293.8634,23,5,14,14
5.0,27,14,14,14,0,1,1,14,334.0314,20.0,314.0314,23,5,13,13
5.0,27,15,15,15,0,1,1,15,352.7135,20.0,332.7135,23,5,12,12
5.0,27,16,16,16,0,1,1,16,369.6867,20.0,349.6867,23,5,11,11
5.0,27,17,17,17,0,1,1,17,384.7576,20.0,364.7576,23,5,10,10
5.0,27,18,18,18,0,1,1,18,397.7717,20.0,377.7717,23,5,9,9
5.0,27,19,19,19,0,1,1,19,408.6154,20.0,388.6154,23,5,8,8
5.0,27,20,20,20,0,1,1,20,417.2131,20.0,397.2131,23,5,7,7
5.0,27,21,21,21,0,1,1,21,423.5195,20.0,403.5195,23,5,6,6
5.0,27,22,22,22,0,1,1,22,427.5104,20.0,407.5104,23,5,5,5
5.0,27,23,23,23,0,1,1,23,429.1745,20.0,409.1745,23,5,4,4
5.0,27,24,23,23,0,1,1,23,429.1745,20.0,409.1745,23,5,4,4
5.0,27,25,23,23,0,1,1,23,429.1745,20.0,409.1745,23,5,4,4
5.0,27,26,23,23,0,1,1,23,429.1745,20.0,409.1745,23,5,4,4
5.0,27,27,23,23,0,1,1,23,429.1745,20.0,409.1745,23,5,4,4
5.0,27,28,23,23,0,1,1,23,429.1745,20.0,409.1745,23,5,4,4
5.0,27,29,23,23,0,1,1,23,429.1745,20.0,409.1745,23,5,4,4
5.0,27,30,23,23,0,1,1,23,429.1745,20.0,409.1745,23,5,4,4
5.0,28,1,1,0,-1,1,0,1,24.9962,20.0,4.9962,24,5,28,27
5.0,28,2,2,0,-2,1,0,2,49.9884,20.0,29.9884,24,5,28,26
5.0,28,3,3,0,-3,1,0,3,74.9728,20.0,54.9728,24,5,28,25
5.0,28,4,4,0,-4,1,0,4,99.9428,20.0,79.9428,24,5,28,24
5.0,28,5,5,5,0,1,1,5,124.8868,20.0,104.8868,24,5,23,23
5.0,28,6,6,6,0,1,1,6,149.7853,20.0,129.7853,24,5,22,22
5.0,28,7,7,7,0,1,1,7,174.6075,20.0,154.6075,24,5,21,21
5.0,28,8,8,8,0,1,1,8,199.3057,20.0,179.3057,24,5,20,20
5.0,28,9,9,9,0,1,1,9,223.8104,20.0,203.8104,24,5,19,19
5.0,28,10,10,10,0,1,1,10,248.0238,20.0,228.0238,24,5,18,18
5.0,28,11,11,11,0,1,1,11,271.8161,20.0,251.8161,24,5,17,17
5.0,28,12,12,12,0,1,1,12,295.0223,20.0,275.0223,24,5,16,16
5.0,28,13,13,13,0,1,1,13,317.4449,20.0,297.4449,24,5,15,15
5.0,28,14,14,14,0,1,1,14,338.8596,20.0,318.8596,24,5,14,14
5.0,28,15,15,15,0,1,1,15,359.0275,20.0,339.0275,24,5,13,13
5.0,28,16,16,16,0,1,1,16,377.7097,20.0,357.7097,24,5,12,12
5.0,28,17,17,17,0,1,1,17,394.6829,20.0,374.6829,24,5,11,11
5.0,28,18,18,18,0,1,1,18,409.7538,20.0,389.7538,24,5,10,10
5.0,28,19,19,19,0,1,1,19,422.7679,20.0,402.7679,24,5,9,9
5.0,28,20,20,20,0,1,1,20,433.6116,20.0,413.6116,24,5,8,8
5.0,28,21,21,21,0,1,1,21,442.2093,20.0,422.2093,24,5,7,7
5.0,28,22,22,22,0,1,1,22,448.5157,20.0,428.5157,24,5,6,6
5.0,28,23,23,23,0,1,1,23,452.5066,20.0,432.5066,24,5,5,5
5.0,28,24,24,24,0,1,1,24,454.1707,20.0,434.1707,24,5,4,4
5.0,28,25,24,24,0,1,1,24,454.1707,20.0,434.1707,24,5,4,4
5.0,28,26,24,24,0,1,1,24,454.1707,20.0,434.1707,24,5,4,4
5.0,28,27,24,24,0,1,1,24,454.1707,20.0,434.1707,24,5,4,4
5.0,28,28,24,24,0,1,1,24,454.1707,20.0,434.1707,24,5,4,4
5.0,28,29,24,24,0,1,1,24,454.1707,20.0,434.1707,24,5,4,4
5.0,28,30,24,24,0,1,1,24,454.1707,20.0,434.1707,24,5,4,4
5.0,29,1,1,0,-1,1,0,1,24.9982,20.0,4.9982,25,5,29,28
5.0,29,2,2,0,-2,1,0,2,49.9944,20.0,29.9944,25,5,29,27
5.0,29,3,3,0,-3,1,0,3,74.9865,20.0,54.9865,25,5,29,26
5.0,29,4,4,0,-4,1,0,4,99.971,20.0,79.971,25,5,29,25
5.0,29,5,5,5,0,1,1,5,124.941,20.0,104.941,25,5,24,24
5.0,29,6,6,6,0,1,1,6,149.885,20.0,129.885,25,5,23,23
5.0,29,7,7,7,0,1,1,7,174.7835,20.0,154.7835,25,5,22,22
5.0,29,8,8,8,0,1,1,8,199.6057,20.0,179.6057,25,5,21,21
5.0,29,9,9,9,0,1,1,9,224.3039,20.0,204.3039,25,5,20,20
5.0,29,10,10,10,0,1,1,10,248.8085,20.0,228.8085,25,5,19,19
5.0,29,11,11,11,0,1,1,11,273.022,20.0,253.022,25,5,18,18
5.0,29,12,12,12,0,1,1,12,296.8143,20.0,276.8143,25,5,17,17
5.0,29,13,13,13,0,1,1,13,320.0205,20.0,300.0205,25,5,16,16
5.0,29,14,14,14,0,1,1,14,342.4431,20.0,322.4431,25,5,15,15
5.0,29,15,15,15,0,1,1,15,363.8578,20.0,343.8578,25,5,14,14
5.0,29,16,16,16,0,1,1,16,384.0257,20.0,364.0257,25,5,13,13
5.0,29,17,17,17,0,1,1,17,402.7078,20.0,382.7078,25,5,12,12
5.0,29,18,18,18,0,1,1,18,419.6811,20.0,399.6811,25,5,11,11
5.0,29,19,19,19,0,1,1,19,434.752,20.0,414.752,25,5,10,10
5.0,29,20,20,20,0,1,1,20,447.7661,20.0,427.7661,25,5,9,9
5.0,29,21,21,21,0,1,1,21,458.6098,20.0,438.6098,25,5,8,8
5.0,29,22,22,22,0,1,1,22,467.2075,20.0,447.2075,25,5,7,7
5.0,29,23,23,23,0,1,1,23,473.5139,20.0,453.5139,25,5,6,6
5.0,29,24,24,24,0,1,1,24,477.5048,20.0,457.5048,25,5,5,5
5.0,29,25,25,25,0,1,1,25,479.1689,20.0,459.1689,25,5,4,4
5.0,29,26,25,25,0,1,1,25,479.1689,20.0,459.1689,25,5,4,4
5.0,29,27,25,25,0,1,1,25,479.1689,20.0,459.1689,25,5,4,4
5.0,29,28,25,25,0,1,1,25,479.1689,20.0,459.1689,25,5,4,4
5.0,29,29,25,25,0,1,1,25,479.1689,20.0,459.1689,25,5,4,4
5.0,29,30,25,25,0,1,1,25,479.1689,20.0,459.1689,25,5,4,4
5.0,30,1,1,0,-1,1,0,1,24.9992,20.0,4.9992,26,5,30,29
5.0,30,2,2,0,-2,1,0,2,49.9974,20.0,29.9974,26,5,30,28
5.0,30,3,3,0,-3,1,0,3,74.9935,20.0,54.9935,26,5,30,27
5.0,30,4,4,0,-4,1,0,4,99.9857,20.0,79.9857,26,5,30,26
5.0,30,5,5,5,0,1,1,5,124.9702,20.0,104.9702,26,5,25,25
5.0,30,6,6,6,0,1,1,6,149.9402,20.0,129.9402,26,5,24,24
5.0,30,7,7,7,0,1,1,7,174.8842,20.0,154.8842,26,5,23,23
5.0,30,8,8,8,0,1,1,8,199.7827,20.0,179.7827,26,5,22,22
5.0,30,9,9,9,0,1,1,9,224.6048,20.0,204.6048,26,5,21,21
5.0,30,10,10,10,0,1,1,10,249.3031,20.0,229.3031,26,5,20,20
5.0,30,11,11,11,0,1,1,11,273.8077,20.0,253.8077,26,5,19,19
5.0,30,12,12,12,0,1,1,12,298.0212,20.0,278.0212,26,5,18,18
5.0,30,13,13,13,0,1,1,13,321.8134,20.0,301.8134,26,5,17,17
5.0,30,14,14,14,0,1,1,14,345.0197,20.0,325.0197,26,5,16,16
5.0,30,15,15,15,0,1,1,15,367.4422,20.0,347.4422,26,5,15,15
5.0,30,16,16,16,0,1,1,16,388.857,20.0,368.857,26,5,14,14
5.0,30,17,17,17,0,1,1,17,409.0249,20.0,389.0249,26,5,13,13
5.0,30,18,18,18,0,1,1,18,427.707,20.0,407.707,26,5,12,12
5.0,30,19,19,19,0,1,1,19,444.6802,20.0,424.6802,26,5,11,11
5.0,30,20,20,20,0,1,1,20,459.7512,20.0,439.7512,26,5,10,10
5.0,30,21,21,21,0,1,1,21,472.7652,20.0,452.7652,26,5,9,9
5.0,30,22,22,22,0,1,1,22,483.6089,20.0,463.6089,26,5,8,8
5.0,30,23,23,23,0,1,1,23,492.2067,20.0,472.2067,26,5,7,7
5.0,30,24,24,24,0,1,1,24,498.5131,20.0,478.5131,26,5,6,6
5.0,30,25,25,25,0,1,1,25,502.504,20.0,482.504,26,5,5,5
5.0,30,26,26,26,0,1,1,26,504.168,20.0,484.168,26,5,4,4
5.0,30,27,26,26,0,1,1,26,504.168,20.0,484.168,26,5,4,4
5.0,30,28,26,26,0,1,1,26,504.168,20.0,484.168,26,5,4,4
5.0,30,29,26,26,0,1,1,26,504.168,20.0,484.168,26,5,4,4
5.0,30,30,26,26,0,1,1,26,504.168,20.0,484.168,26,5,4,4
