file,model,Cf,operator,n,tau,I2,b1,q_opt,q_mod,gap_here
model3d_Cf8_N400_T5_lam15_lam23_h1_cu1_pi16_pi26_e039e6,3d,8.0,fill,46,0.575,7,3,0,3,0.03778854600108872
model3d_Cf8_N400_T5_lam15_lam23_h1_cu1_pi16_pi26_e039e6,3d,8.0,fill,46,0.575,8,3,0,3,0.058359809091282244
model3d_Cf8_N400_T5_lam15_lam23_h1_cu1_pi16_pi26_e039e6,3d,8.0,fill,46,0.575,9,3,0,3,0.0634437579363194
model3d_Cf8_N400_T5_lam15_lam23_h1_cu1_pi16_pi26_e039e6,3d,8.0,fill,46,0.575,10,3,0,3,0.06427352029000843
model3d_Cf8_N400_T5_lam15_lam23_h1_cu1_pi16_pi26_e039e6,3d,8.0,fill,46,0.575,11,3,0,3,0.06433767829852144
model3d_Cf8_N400_T5_lam15_lam23_h1_cu1_pi16_pi26_e039e6,3d,8.0,fill,46,0.575,12,3,0,3,0.06432582932629316
model3d_Cf8_N400_T5_lam15_lam23_h1_cu1_pi16_pi26_e039e6,3d,8.0,fill,46,0.575,13,3,0,3,0.0643199769293048
model3d_Cf8_N400_T5_lam15_lam23_h1_cu1_pi16_pi26_e039e6,3d,8.0,fill,46,0.575,14,3,0,3,0.0643186711521686
model3d_Cf8_N400_T5_lam15_lam23_h1_cu1_pi16_pi26_e039e6,3d,8.0,fill,46,0.575,15,3,0,3,0.06431847235743149
model3d_Cf8_N400_T5_lam15_lam23_h1_cu1_pi16_pi26_e039e6,3d,8.0,fill,46,0.575,16,3,0,3,0.06431845027190874
model3d_Cf8_N400_T5_lam15_lam23_h1_cu1_pi16_pi26_e039e6,3d,8.0,fill,46,0.575,17,3,0,3,0.06431844859915259
model3d_Cf8_N400_T5_lam15_lam23_h1_cu1_pi16_pi26_e039e6,3d,8.0,fill,46,0.575,18,3,0,3,0.06431844855521973
model3d_Cf8_N400_T5_lam15_lam23_h1_cu1_pi16_pi26_e039e6,3d,8.0,fill,46,0.575,19,3,0,3,0.06431844856536628
model3d_Cf8_N400_T5_lam15_lam23_h1_cu1_pi16_pi26_e039e6,3d,8.0,fill,46,0.575,20,3,0,3,0.0643184485674162
model3d_Cf8_N400_T5_lam15_lam23_h1_cu1_pi16_pi26_e039e6,3d,8.0,fill,46,0.575,21,3,0,3,0.06431844856765068
model3d_Cf8_N400_T5_lam15_lam23_h1_cu1_pi16_pi26_e039e6,3d,8.0,fill,46,0.575,22,3,0,3,0.0643184485676791
model3d_Cf8_N400_T5_lam15_lam23_h1_cu1_pi16_pi26_e039e6,3d,8.0,fill,46,0.575,23,3,0,3,0.06431844856769331
model3d_Cf8_N400_T5_lam15_lam23_h1_cu1_pi16_pi26_e039e6,3d,8.0,fill,46,0.575,24,3,0,3,0.06431844856769331
model3d_Cf8_N400_T5_lam15_lam23_h1_cu1_pi16_pi26_e039e6,3d,8.0,fill,46,0.575,25,3,0,3,0.06431844856766133
model3d_Cf8_N400_T5_lam15_lam23_h1_cu1_pi16_pi26_e039e6,3d,8.0,fill,46,0.575,26,3,0,3,0.06431844856766844
model3d_Cf8_N400_T5_lam15_lam23_h1_cu1_pi16_pi26_e039e6,3d,8.0,fill,46,0.575,27,3,0,3,0.06431844856768265
model3d_Cf8_N400_T5_lam15_lam23_h1_cu1_pi16_pi26_e039e6,3d,8.0,fill,46,0.575,28,3,0,3,0.06431844856769331
model3d_Cf8_N400_T5_lam15_lam23_h1_cu1_pi16_pi26_e039e6,3d,8.0,fill,46,0.575,29,3,0,3,0.0643184485676862
model3d_Cf8_N400_T5_lam15_lam23_h1_cu1_pi16_pi26_e039e6,3d,8.0,fill,46,0.575,30,3,0,3,0.06431844856766844
model3d_Cf8_N400_T5_lam15_lam23_h1_cu1_pi16_pi26_e039e6,3d,8.0,fill,46,0.575,31,3,0,3,0.0643184485676791
model3d_Cf8_N400_T5_lam15_lam23_h1_cu1_pi16_pi26_e039e6,3d,8.0,fill,46,0.575,32,3,0,3,0.06431844856768265
model3d_Cf8_N400_T5_lam15_lam23_h1_cu1_pi16_pi26_e039e6,3d,8.0,fill,46,0.575,33,3,0,3,0.06431844856768976
model3d_Cf8_N400_T5_lam15_lam23_h1_cu1_pi16_pi26_e039e6,3d,8.0,fill,46,0.575,34,3,0,3,0.06431844856768265
model3d_Cf8_N400_T5_lam15_lam23_h1_cu1_pi16_pi26_e039e6,3d,8.0,fill,46,0.575,35,3,0,3,0.06431844856766133
model3d_Cf8_N400_T5_lam15_lam23_h1_cu1_pi16_pi26_e039e6,3d,8.0,fill,46,0.575,36,3,0,3,0.06431844856767555
model3d_Cf8_N400_T5_lam15_lam23_h1_cu1_pi16_pi26_e039e6,3d,8.0,fill,46,0.575,37,3,0,3,0.06431844856768976
model3d_Cf8_N400_T5_lam15_lam23_h1_cu1_pi16_pi26_e039e6,3d,8.0,fill,46,0.575,38,3,0,3,0.06431844856768265
model3d_Cf8_N400_T5_lam15_lam23_h1_cu1_pi16_pi26_e039e6,3d,8.0,fill,46,0.575,39,3,0,3,0.06431844856768976
model3d_Cf8_N400_T5_lam15_lam23_h1_cu1_pi16_pi26_e039e6,3d,8.0,fill,46,0.575,40,3,0,3,0.06431844856766844
model3d_Cf8_N400_T5_lam15_lam23_h1_cu1_pi16_pi26_e039e6,3d,8.0,fill,71,0.8875,7,3,0,3,0.0007383236079654409
model3d_Cf8_N400_T5_lam15_lam23_h1_cu1_pi16_pi26_e039e6,3d,8.0,fill,72,0.9,7,3,0,3,0.0027401759710450335
model3d_Cf8_N400_T5_lam15_lam23_h1_cu1_pi16_pi26_e039e6,3d,8.0,fill,73,0.9125,7,3,0,3,0.005769696198697716
model3d_Cf8_N400_T5_lam15_lam23_h1_cu1_pi16_pi26_e039e6,3d,8.0,fill,74,0.925,7,3,0,3,0.009621418487899547
model3d_Cf8_N400_T5_lam15_lam23_h1_cu1_pi16_pi26_e039e6,3d,8.0,fill,75,0.9375,6,3,0,3,0.0013156085153873676
model3d_Cf8_N400_T5_lam15_lam23_h1_cu1_pi16_pi26_e039e6,3d,8.0,fill,75,0.9375,7,3,0,3,0.014116837315636843
model3d_Cf8_N400_T5_lam15_lam23_h1_cu1_pi16_pi26_e039e6,3d,8.0,fill,76,0.95,6,3,0,3,0.00488960516528536
model3d_Cf8_N400_T5_lam15_lam23_h1_cu1_pi16_pi26_e039e6,3d,8.0,fill,76,0.95,7,3,0,3,0.019150684044248578
model3d_Cf8_N400_T5_lam15_lam23_h1_cu1_pi16_pi26_e039e6,3d,8.0,fill,77,0.9625,6,3,0,3,0.010386248530000586
model3d_Cf8_N400_T5_lam15_lam23_h1_cu1_pi16_pi26_e039e6,3d,8.0,fill,77,0.9625,7,3,0,3,0.02466928710597216
model3d_Cf8_N400_T5_lam15_lam23_h1_cu1_pi16_pi26_e039e6,3d,8.0,fill,78,0.975,6,3,0,3,0.01750162487852336
model3d_Cf8_N400_T5_lam15_lam23_h1_cu1_pi16_pi26_e039e6,3d,8.0,fill,78,0.975,7,3,0,3,0.030617156299364012
model3d_Cf8_N400_T5_lam15_lam23_h1_cu1_pi16_pi26_e039e6,3d,8.0,fill,79,0.9875,6,3,0,3,0.025961916717403
model3d_Cf8_N400_T5_lam15_lam23_h1_cu1_pi16_pi26_e039e6,3d,8.0,fill,79,0.9875,7,3,0,3,0.036938067018049026
model3d_Cf8_N400_T5_lam15_lam23_h1_cu1_pi16_pi26_e039e6,3d,8.0,fill,80,1.0,6,3,0,3,0.0355215712179735
model3d_Cf8_N400_T5_lam15_lam23_h1_cu1_pi16_pi26_e039e6,3d,8.0,fill,80,1.0,7,3,0,3,0.0435759887337106
model3d_Cf8_N400_T5_lam15_lam23_h1_cu1_pi16_pi26_e039e6,3d,8.0,fill,81,1.0125,6,3,0,3,0.04596141870523596
model3d_Cf8_N400_T5_lam15_lam23_h1_cu1_pi16_pi26_e039e6,3d,8.0,fill,81,1.0125,7,3,0,3,0.05047586738684018
model3d_Cf8_N400_T5_lam15_lam23_h1_cu1_pi16_pi26_e039e6,3d,8.0,fill,82,1.025,6,3,0,3,0.05708678107000509
model3d_Cf8_N400_T5_lam15_lam23_h1_cu1_pi16_pi26_e039e6,3d,8.0,fill,82,1.025,7,3,0,3,0.05758427267311461
model3d_Cf8_N400_T5_lam15_lam23_h1_cu1_pi16_pi26_e039e6,3d,8.0,fill,83,1.0375,6,3,0,3,0.06872560133561478
model3d_Cf8_N400_T5_lam15_lam23_h1_cu1_pi16_pi26_e039e6,3d,8.0,fill,83,1.0375,7,3,0,3,0.06484992194946315
model3d_Cf8_N400_T5_lam15_lam23_h1_cu1_pi16_pi26_e039e6,3d,8.0,fill,84,1.05,6,3,0,3,0.08072661842345497
model3d_Cf8_N400_T5_lam15_lam23_h1_cu1_pi16_pi26_e039e6,3d,8.0,fill,84,1.05,7,3,0,3,0.0722240927573452
model3d_Cf8_N400_T5_lam15_lam23_h1_cu1_pi16_pi26_e039e6,3d,8.0,fill,85,1.0625,6,3,0,3,0.09295760520382146
model3d_Cf8_N400_T5_lam15_lam23_h1_cu1_pi16_pi26_e039e6,3d,8.0,fill,85,1.0625,7,3,0,3,0.07966093588365553
model3d_Cf8_N400_T5_lam15_lam23_h1_cu1_pi16_pi26_e039e6,3d,8.0,fill,86,1.075,6,3,0,3,0.10530368300568682
model3d_Cf8_N400_T5_lam15_lam23_h1_cu1_pi16_pi26_e039e6,3d,8.0,fill,86,1.075,7,3,0,3,0.08711770054219414
model3d_Cf8_N400_T5_lam15_lam23_h1_cu1_pi16_pi26_e039e6,3d,8.0,fill,87,1.0875,6,3,0,3,0.11766572173243617
model3d_Cf8_N400_T5_lam15_lam23_h1_cu1_pi16_pi26_e039e6,3d,8.0,fill,87,1.0875,7,3,0,3,0.09455488273381008
model3d_Cf8_N400_T5_lam15_lam23_h1_cu1_pi16_pi26_e039e6,3d,8.0,fill,88,1.1,6,3,0,3,0.12995883145323717
model3d_Cf8_N400_T5_lam15_lam23_h1_cu1_pi16_pi26_e039e6,3d,8.0,fill,88,1.1,7,3,0,3,0.10193630719010471
model3d_Cf8_N400_T5_lam15_lam23_h1_cu1_pi16_pi26_e039e6,3d,8.0,fill,89,1.1125,6,3,0,3,0.14211094869526164
model3d_Cf8_N400_T5_lam15_lam23_h1_cu1_pi16_pi26_e039e6,3d,8.0,fill,89,1.1125,7,3,0,3,0.10922915257010146
model3d_Cf8_N400_T5_lam15_lam23_h1_cu1_pi16_pi26_e039e6,3d,8.0,fill,90,1.125,6,3,0,3,0.1540615185485663
model3d_Cf8_N400_T5_lam15_lam23_h1_cu1_pi16_pi26_e039e6,3d,8.0,fill,90,1.125,7,3,0,3,0.11640392879834138
model3d_Cf8_N400_T5_lam15_lam23_h1_cu1_pi16_pi26_e039e6,3d,8.0,fill,91,1.1375,6,3,0,3,0.16576027202857802
model3d_Cf8_N400_T5_lam15_lam23_h1_cu1_pi16_pi26_e039e6,3d,8.0,fill,91,1.1375,7,3,0,3,0.12343441463501392
model3d_Cf8_N400_T5_lam15_lam23_h1_cu1_pi16_pi26_e039e6,3d,8.0,fill,92,1.15,6,3,0,3,0.17716609684573115
model3d_Cf8_N400_T5_lam15_lam23_h1_cu1_pi16_pi26_e039e6,3d,8.0,fill,92,1.15,7,3,0,3,0.1302975627751195
model3d_Cf8_N400_T5_lam15_lam23_h1_cu1_pi16_pi26_e039e6,3d,8.0,fill,93,1.1625,6,3,0,3,0.1882459987462255
model3d_Cf8_N400_T5_lam15_lam23_h1_cu1_pi16_pi26_e039e6,3d,8.0,fill,93,1.1625,7,3,0,3,0.13697337900115514
model3d_Cf8_N400_T5_lam15_lam23_h1_cu1_pi16_pi26_e039e6,3d,8.0,fill,94,1.175,6,3,0,3,0.19897414985832285
model3d_Cf8_N400_T5_lam15_lam23_h1_cu1_pi16_pi26_e039e6,3d,8.0,fill,94,1.175,7,3,0,3,0.14344478117332926
model3d_Cf8_N400_T5_lam15_lam23_h1_cu1_pi16_pi26_e039e6,3d,8.0,fill,95,1.1875,6,3,0,3,0.20933101995927217
model3d_Cf8_N400_T5_lam15_lam23_h1_cu1_pi16_pi26_e039e6,3d,8.0,fill,95,1.1875,7,3,0,3,0.14969744314201705
model3d_Cf8_N400_T5_lam15_lam23_h1_cu1_pi16_pi26_e039e6,3d,8.0,fill,96,1.2,6,3,0,3,0.21930258623135046
model3d_Cf8_N400_T5_lam15_lam23_h1_cu1_pi16_pi26_e039e6,3d,8.0,fill,96,1.2,7,3,0,3,0.1557196280132871
model3d_Cf8_N400_T5_lam15_lam23_h1_cu1_pi16_pi26_e039e6,3d,8.0,fill,97,1.2125,6,3,0,3,0.22887961686819835
model3d_Cf8_N400_T5_lam15_lam23_h1_cu1_pi16_pi26_e039e6,3d,8.0,fill,97,1.2125,7,3,0,3,0.16150201459387858
model3d_Cf8_N400_T5_lam15_lam23_h1_cu1_pi16_pi26_e039e6,3d,8.0,fill,98,1.225,6,3,0,3,0.23805702379733162
model3d_Cf8_N400_T5_lam15_lam23_h1_cu1_pi16_pi26_e039e6,3d,8.0,fill,98,1.225,7,3,0,3,0.1670375202874439
model3d_Cf8_N400_T5_lam15_lam23_h1_cu1_pi16_pi26_e039e6,3d,8.0,fill,99,1.2375,6,3,0,3,0.24683327977938774
model3d_Cf8_N400_T5_lam15_lam23_h1_cu1_pi16_pi26_e039e6,3d,8.0,fill,99,1.2375,7,3,0,3,0.17232112321014625
model3d_Cf8_N400_T5_lam15_lam23_h1_cu1_pi16_pi26_e039e6,3d,8.0,fill,100,1.25,6,3,0,3,0.25520989520845916
model3d_Cf8_N400_T5_lam15_lam23_h1_cu1_pi16_pi26_e039e6,3d,8.0,fill,100,1.25,7,3,0,3,0.17734968583830124
model3d_Cf8_N400_T5_lam15_lam23_h1_cu1_pi16_pi26_e039e6,3d,8.0,fill,101,1.2625,6,3,0,3,0.26319095005606385
model3d_Cf8_N400_T5_lam15_lam23_h1_cu1_pi16_pi26_e039e6,3d,8.0,fill,101,1.2625,7,3,0,3,0.18212178209365248
model3d_Cf8_N400_T5_lam15_lam23_h1_cu1_pi16_pi26_e039e6,3d,8.0,fill,102,1.275,6,3,0,3,0.27078267655969057
model3d_Cf8_N400_T5_lam15_lam23_h1_cu1_pi16_pi26_e039e6,3d,8.0,fill,102,1.275,7,3,0,3,0.18663752940891243
model3d_Cf8_N400_T5_lam15_lam23_h1_cu1_pi16_pi26_e039e6,3d,8.0,fill,103,1.2875,6,3,0,3,0.2779930884450792
model3d_Cf8_N400_T5_lam15_lam23_h1_cu1_pi16_pi26_e039e6,3d,8.0,fill,103,1.2875,7,3,0,3,0.19089842699619197
model3d_Cf8_N400_T5_lam15_lam23_h1_cu1_pi16_pi26_e039e6,3d,8.0,fill,104,1.3,6,3,0,3,0.28483165267961397
model3d_Cf8_N400_T5_lam15_lam23_h1_cu1_pi16_pi26_e039e6,3d,8.0,fill,104,1.3,7,3,0,3,0.194907201259511
model3d_Cf8_N400_T5_lam15_lam23_h1_cu1_pi16_pi26_e039e6,3d,8.0,fill,105,1.3125,6,3,0,3,0.2913089999760814
model3d_Cf8_N400_T5_lam15_lam23_h1_cu1_pi16_pi26_e039e6,3d,8.0,fill,105,1.3125,7,3,0,3,0.19866765904859562
model3d_Cf8_N400_T5_lam15_lam23_h1_cu1_pi16_pi26_e039e6,3d,8.0,fill,106,1.325,6,3,0,3,0.2974366704942497
model3d_Cf8_N400_T5_lam15_lam23_h1_cu1_pi16_pi26_e039e6,3d,8.0,fill,106,1.325,7,3,0,3,0.20218454923920604
model3d_Cf8_N400_T5_lam15_lam23_h1_cu1_pi16_pi26_e039e6,3d,8.0,fill,107,1.3375,6,3,0,3,0.30322689141922865
model3d_Cf8_N400_T5_lam15_lam23_h1_cu1_pi16_pi26_e039e6,3d,8.0,fill,107,1.3375,7,3,0,3,0.20546343294422797
model3d_Cf8_N400_T5_lam15_lam23_h1_cu1_pi16_pi26_e039e6,3d,8.0,fill,108,1.35,6,3,0,3,0.3086923833246402
model3d_Cf8_N400_T5_lam15_lam23_h1_cu1_pi16_pi26_e039e6,3d,8.0,fill,108,1.35,7,3,0,3,0.20851056250625533
model3d_Cf8_N400_T5_lam15_lam23_h1_cu1_pi16_pi26_e039e6,3d,8.0,fill,109,1.3625,6,3,0,3,0.3138461924539584
model3d_Cf8_N400_T5_lam15_lam23_h1_cu1_pi16_pi26_e039e6,3d,8.0,fill,109,1.3625,7,3,0,3,0.21133276929268163
model3d_Cf8_N400_T5_lam15_lam23_h1_cu1_pi16_pi26_e039e6,3d,8.0,fill,110,1.375,6,3,0,3,0.31870154627196
model3d_Cf8_N400_T5_lam15_lam23_h1_cu1_pi16_pi26_e039e6,3d,8.0,fill,110,1.375,7,3,0,3,0.21393736020737464
model3d_Cf8_N400_T5_lam15_lam23_h1_cu1_pi16_pi26_e039e6,3d,8.0,fill,111,1.3875,6,3,0,3,0.3232717298481802
model3d_Cf8_N400_T5_lam15_lam23_h1_cu1_pi16_pi26_e039e6,3d,8.0,fill,111,1.3875,7,3,0,3,0.216332022744659
model3d_Cf8_N400_T5_lam15_lam23_h1_cu1_pi16_pi26_e039e6,3d,8.0,fill,112,1.4,6,3,0,3,0.32756998083516464
model3d_Cf8_N400_T5_lam15_lam23_h1_cu1_pi16_pi26_e039e6,3d,8.0,fill,112,1.4,7,3,0,3,0.2185247383412019
model3d_Cf8_N400_T5_lam15_lam23_h1_cu1_pi16_pi26_e039e6,3d,8.0,fill,113,1.4125,6,3,0,3,0.33160940099445924
model3d_Cf8_N400_T5_lam15_lam23_h1_cu1_pi16_pi26_e039e6,3d,8.0,fill,113,1.4125,7,3,0,3,0.22052370372473007
model3d_Cf8_N400_T5_lam15_lam23_h1_cu1_pi16_pi26_e039e6,3d,8.0,fill,114,1.425,6,3,0,3,0.3354028824029882
model3d_Cf8_N400_T5_lam15_lam23_h1_cu1_pi16_pi26_e039e6,3d,8.0,fill,114,1.425,7,3,0,3,0.22233725991682718
model3d_Cf8_N400_T5_lam15_lam23_h1_cu1_pi16_pi26_e039e6,3d,8.0,fill,115,1.4375,6,3,0,3,0.3389630466410338
model3d_Cf8_N400_T5_lam15_lam23_h1_cu1_pi16_pi26_e039e6,3d,8.0,fill,115,1.4375,7,3,0,3,0.22397382851507786
model3d_Cf8_N400_T5_lam15_lam23_h1_cu1_pi16_pi26_e039e6,3d,8.0,fill,116,1.45,6,3,0,3,0.3423021954201815
model3d_Cf8_N400_T5_lam15_lam23_h1_cu1_pi16_pi26_e039e6,3d,8.0,fill,116,1.45,7,3,0,3,0.22544185485833879
model3d_Cf8_N400_T5_lam15_lam23_h1_cu1_pi16_pi26_e039e6,3d,8.0,fill,117,1.4625,6,3,0,3,0.34543227125657694
model3d_Cf8_N400_T5_lam15_lam23_h1_cu1_pi16_pi26_e039e6,3d,8.0,fill,117,1.4625,7,3,0,3,0.22674975766579308
model3d_Cf8_N400_T5_lam15_lam23_h1_cu1_pi16_pi26_e039e6,3d,8.0,fill,118,1.475,6,3,0,3,0.34836482693015114
model3d_Cf8_N400_T5_lam15_lam23_h1_cu1_pi16_pi26_e039e6,3d,8.0,fill,118,1.475,7,3,0,3,0.22790588473405649
model3d_Cf8_N400_T5_lam15_lam23_h1_cu1_pi16_pi26_e039e6,3d,8.0,fill,119,1.4875,6,3,0,3,0.351111002596582
model3d_Cf8_N400_T5_lam15_lam23_h1_cu1_pi16_pi26_e039e6,3d,8.0,fill,119,1.4875,7,3,0,3,0.22891847427595735
model3d_Cf8_N400_T5_lam15_lam23_h1_cu1_pi16_pi26_e039e6,3d,8.0,fill,120,1.5,6,3,0,3,0.3536815095337431
model3d_Cf8_N400_T5_lam15_lam23_h1_cu1_pi16_pi26_e039e6,3d,8.0,fill,120,1.5,7,3,0,3,0.2297956214893091
model3d_Cf8_N400_T5_lam15_lam23_h1_cu1_pi16_pi26_e039e6,3d,8.0,fill,121,1.5125,6,3,0,3,0.3560866196109629
model3d_Cf8_N400_T5_lam15_lam23_h1_cu1_pi16_pi26_e039e6,3d,8.0,fill,121,1.5125,7,3,0,3,0.2305452499522218
model3d_Cf8_N400_T5_lam15_lam23_h1_cu1_pi16_pi26_e039e6,3d,8.0,fill,122,1.525,6,3,0,3,0.3583361596665
model3d_Cf8_N400_T5_lam15_lam23_h1_cu1_pi16_pi26_e039e6,3d,8.0,fill,122,1.525,7,3,0,3,0.23117508745289683
model3d_Cf8_N400_T5_lam15_lam23_h1_cu1_pi16_pi26_e039e6,3d,8.0,fill,123,1.5375,6,3,0,3,0.3604395100673372
model3d_Cf8_N400_T5_lam15_lam23_h1_cu1_pi16_pi26_e039e6,3d,8.0,fill,123,1.5375,7,3,0,3,0.23169264587604488
model3d_Cf8_N400_T5_lam15_lam23_h1_cu1_pi16_pi26_e039e6,3d,8.0,fill,124,1.55,6,3,0,3,0.36240560680636946
model3d_Cf8_N400_T5_lam15_lam23_h1_cu1_pi16_pi26_e039e6,3d,8.0,fill,124,1.55,7,3,0,3,0.23210520478389185
model3d_Cf8_N400_T5_lam15_lam23_h1_cu1_pi16_pi26_e039e6,3d,8.0,fill,125,1.5625,6,3,0,3,0.36424294656547573
model3d_Cf8_N400_T5_lam15_lam23_h1_cu1_pi16_pi26_e039e6,3d,8.0,fill,125,1.5625,7,3,0,3,0.23241979834700288
model3d_Cf8_N400_T5_lam15_lam23_h1_cu1_pi16_pi26_e039e6,3d,8.0,fill,126,1.575,6,3,0,3,0.36595959423961233
model3d_Cf8_N400_T5_lam15_lam23_h1_cu1_pi16_pi26_e039e6,3d,8.0,fill,126,1.575,7,3,0,3,0.23264320529838045
model3d_Cf8_N400_T5_lam15_lam23_h1_cu1_pi16_pi26_e039e6,3d,8.0,fill,127,1.5875,6,3,0,3,0.36756319247735547
model3d_Cf8_N400_T5_lam15_lam23_h1_cu1_pi16_pi26_e039e6,3d,8.0,fill,127,1.5875,7,3,0,3,0.23278194160291577
model3d_Cf8_N400_T5_lam15_lam23_h1_cu1_pi16_pi26_e039e6,3d,8.0,fill,128,1.6,6,3,0,3,0.36906097284752803
model3d_Cf8_N400_T5_lam15_lam23_h1_cu1_pi16_pi26_e039e6,3d,8.0,fill,128,1.6,7,3,0,3,0.23284225555394755
model3d_Cf8_N400_T5_lam15_lam23_h1_cu1_pi16_pi26_e039e6,3d,8.0,fill,129,1.6125,6,3,0,3,0.3704597682907007
model3d_Cf8_N400_T5_lam15_lam23_h1_cu1_pi16_pi26_e039e6,3d,8.0,fill,129,1.6125,7,3,0,3,0.23283012502668043
model3d_Cf8_N400_T5_lam15_lam23_h1_cu1_pi16_pi26_e039e6,3d,8.0,fill,130,1.625,6,3,0,3,0.3717660265581202
model3d_Cf8_N400_T5_lam15_lam23_h1_cu1_pi16_pi26_e039e6,3d,8.0,fill,130,1.625,7,3,0,3,0.232751256638295
model3d_Cf8_N400_T5_lam15_lam23_h1_cu1_pi16_pi26_e039e6,3d,8.0,fill,131,1.6375,6,3,0,3,0.37298582438011607
model3d_Cf8_N400_T5_lam15_lam23_h1_cu1_pi16_pi26_e039e6,3d,8.0,fill,131,1.6375,7,3,0,3,0.23261108658201834
model3d_Cf8_N400_T5_lam15_lam23_h1_cu1_pi16_pi26_e039e6,3d,8.0,fill,132,1.65,6,3,0,3,0.3741248821412526
model3d_Cf8_N400_T5_lam15_lam23_h1_cu1_pi16_pi26_e039e6,3d,8.0,fill,132,1.65,7,3,0,3,0.2324147829208556
model3d_Cf8_N400_T5_lam15_lam23_h1_cu1_pi16_pi26_e039e6,3d,8.0,fill,133,1.6625,6,3,0,3,0.37518857887083357
model3d_Cf8_N400_T5_lam15_lam23_h1_cu1_pi16_pi26_e039e6,3d,8.0,fill,133,1.6625,7,3,0,3,0.23216724914410491
model3d_Cf8_N400_T5_lam15_lam23_h1_cu1_pi16_pi26_e039e6,3d,8.0,fill,134,1.675,6,3,0,3,0.37618196738541343
model3d_Cf8_N400_T5_lam15_lam23_h1_cu1_pi16_pi26_e039e6,3d,8.0,fill,134,1.675,7,3,0,3,0.23187312880591548
model3d_Cf8_N400_T5_lam15_lam23_h1_cu1_pi16_pi26_e039e6,3d,8.0,fill,135,1.6875,6,3,0,3,0.37710978944462425
model3d_Cf8_N400_T5_lam15_lam23_h1_cu1_pi16_pi26_e039e6,3d,8.0,fill,135,1.6875,7,3,0,3,0.23153681108132673
model3d_Cf8_N400_T5_lam15_lam23_h1_cu1_pi16_pi26_e039e6,3d,8.0,fill,136,1.7,6,3,0,3,0.3779764908037606
model3d_Cf8_N400_T5_lam15_lam23_h1_cu1_pi16_pi26_e039e6,3d,8.0,fill,136,1.7,7,3,0,3,0.23116243709005602
model3d_Cf8_N400_T5_lam15_lam23_h1_cu1_pi16_pi26_e039e6,3d,8.0,fill,137,1.7125,6,3,0,3,0.3787862360658423
model3d_Cf8_N400_T5_lam15_lam23_h1_cu1_pi16_pi26_e039e6,3d,8.0,fill,137,1.7125,7,3,0,3,0.23075390685249175
model3d_Cf8_N400_T5_lam15_lam23_h1_cu1_pi16_pi26_e039e6,3d,8.0,fill,138,1.725,6,3,0,3,0.379542923252842
model3d_Cf8_N400_T5_lam15_lam23_h1_cu1_pi16_pi26_e039e6,3d,8.0,fill,138,1.725,7,3,0,3,0.23031488675579226
model3d_Cf8_N400_T5_lam15_lam23_h1_cu1_pi16_pi26_e039e6,3d,8.0,fill,139,1.7375,6,3,0,3,0.38025019803096427
model3d_Cf8_N400_T5_lam15_lam23_h1_cu1_pi16_pi26_e039e6,3d,8.0,fill,139,1.7375,7,3,0,3,0.22984881741988517
model3d_Cf8_N400_T5_lam15_lam23_h1_cu1_pi16_pi26_e039e6,3d,8.0,fill,140,1.75,6,3,0,3,0.38091146753784244
model3d_Cf8_N400_T5_lam15_lam23_h1_cu1_pi16_pi26_e039e6,3d,8.0,fill,140,1.75,7,3,0,3,0.2293589218657459
model3d_Cf8_N400_T5_lam15_lam23_h1_cu1_pi16_pi26_e039e6,3d,8.0,fill,141,1.7625,6,3,0,3,0.3815299137705921
model3d_Cf8_N400_T5_lam15_lam23_h1_cu1_pi16_pi26_e039e6,3d,8.0,fill,141,1.7625,7,3,0,3,0.22884821389787646
model3d_Cf8_N400_T5_lam15_lam23_h1_cu1_pi16_pi26_e039e6,3d,8.0,fill,142,1.775,6,3,0,3,0.3821085065043093
model3d_Cf8_N400_T5_lam15_lam23_h1_cu1_pi16_pi26_e039e6,3d,8.0,fill,142,1.775,7,3,0,3,0.2283195066241177
model3d_Cf8_N400_T5_lam15_lam23_h1_cu1_pi16_pi26_e039e6,3d,8.0,fill,143,1.7875,6,3,0,3,0.382650015718383
model3d_Cf8_N400_T5_lam15_lam23_h1_cu1_pi16_pi26_e039e6,3d,8.0,fill,143,1.7875,7,3,0,3,0.22777542104406479
model3d_Cf8_N400_T5_lam15_lam23_h1_cu1_pi16_pi26_e039e6,3d,8.0,fill,144,1.8,6,3,0,3,0.3831570235157642
model3d_Cf8_N400_T5_lam15_lam23_h1_cu1_pi16_pi26_e039e6,3d,8.0,fill,144,1.8,7,3,0,3,0.2272183946466555
model3d_Cf8_N400_T5_lam15_lam23_h1_cu1_pi16_pi26_e039e6,3d,8.0,fill,145,1.8125,6,3,0,3,0.38363193552660846
model3d_Cf8_N400_T5_lam15_lam23_h1_cu1_pi16_pi26_e039e6,3d,8.0,fill,145,1.8125,7,3,0,3,0.2266506899645293
model3d_Cf8_N400_T5_lam15_lam23_h1_cu1_pi16_pi26_e039e6,3d,8.0,fill,146,1.825,6,3,0,3,0.38407699179278154
model3d_Cf8_N400_T5_lam15_lam23_h1_cu1_pi16_pi26_e039e6,3d,8.0,fill,146,1.825,7,3,0,3,0.22607440304057036
model3d_Cf8_N400_T5_lam15_lam23_h1_cu1_pi16_pi26_e039e6,3d,8.0,fill,147,1.8375,6,3,0,3,0.3844942771347064
model3d_Cf8_N400_T5_lam15_lam23_h1_cu1_pi16_pi26_e039e6,3d,8.0,fill,147,1.8375,7,3,0,3,0.22549147176752626
model3d_Cf8_N400_T5_lam15_lam23_h1_cu1_pi16_pi26_e039e6,3d,8.0,fill,148,1.85,6,3,0,3,0.38488573100525514
model3d_Cf8_N400_T5_lam15_lam23_h1_cu1_pi16_pi26_e039e6,3d,8.0,fill,148,1.85,7,3,0,3,0.22490368406884897
model3d_Cf8_N400_T5_lam15_lam23_h1_cu1_pi16_pi26_e039e6,3d,8.0,fill,149,1.8625,6,3,0,3,0.3852531568389992
model3d_Cf8_N400_T5_lam15_lam23_h1_cu1_pi16_pi26_e039e6,3d,8.0,fill,149,1.8625,7,3,0,3,0.2243126858924569
model3d_Cf8_N400_T5_lam15_lam23_h1_cu1_pi16_pi26_e039e6,3d,8.0,fill,150,1.875,6,3,0,3,0.385598230907263
model3d_Cf8_N400_T5_lam15_lam23_h1_cu1_pi16_pi26_e039e6,3d,8.0,fill,150,1.875,7,3,0,3,0.22371998899535583
model3d_Cf8_N400_T5_lam15_lam23_h1_cu1_pi16_pi26_e039e6,3d,8.0,fill,151,1.8875,6,3,0,3,0.3859225106921258
model3d_Cf8_N400_T5_lam15_lam23_h1_cu1_pi16_pi26_e039e6,3d,8.0,fill,151,1.8875,7,3,0,3,0.22312697850061625
model3d_Cf8_N400_T5_lam15_lam23_h1_cu1_pi16_pi26_e039e6,3d,8.0,fill,152,1.9,6,3,0,3,0.38622744279309984
model3d_Cf8_N400_T5_lam15_lam23_h1_cu1_pi16_pi26_e039e6,3d,8.0,fill,152,1.9,7,3,0,3,0.22253492021208388
model3d_Cf8_N400_T5_lam15_lam23_h1_cu1_pi16_pi26_e039e6,3d,8.0,fill,153,1.9125,6,3,0,3,0.3865143703827698
model3d_Cf8_N400_T5_lam15_lam23_h1_cu1_pi16_pi26_e039e6,3d,8.0,fill,153,1.9125,7,3,0,3,0.22194496767579608
model3d_Cf8_N400_T5_lam15_lam23_h1_cu1_pi16_pi26_e039e6,3d,8.0,fill,154,1.925,6,3,0,3,0.3867845402274668
model3d_Cf8_N400_T5_lam15_lam23_h1_cu1_pi16_pi26_e039e6,3d,8.0,fill,154,1.925,7,3,0,3,0.2213581689797195
model3d_Cf8_N400_T5_lam15_lam23_h1_cu1_pi16_pi26_e039e6,3d,8.0,fill,155,1.9375,6,3,0,3,0.38703910929041285
model3d_Cf8_N400_T5_lam15_lam23_h1_cu1_pi16_pi26_e039e6,3d,8.0,fill,155,1.9375,7,3,0,3,0.22077547328697733
model3d_Cf8_N400_T5_lam15_lam23_h1_cu1_pi16_pi26_e039e6,3d,8.0,fill,156,1.95,6,3,0,3,0.38727915093500087
model3d_Cf8_N400_T5_lam15_lam23_h1_cu1_pi16_pi26_e039e6,3d,8.0,fill,156,1.95,7,3,0,3,0.22019773709871515
model3d_Cf8_N400_T5_lam15_lam23_h1_cu1_pi16_pi26_e039e6,3d,8.0,fill,157,1.9625,6,3,0,3,0.38750566074581627
model3d_Cf8_N400_T5_lam15_lam23_h1_cu1_pi16_pi26_e039e6,3d,8.0,fill,157,1.9625,7,3,0,3,0.21962573024609355
model3d_Cf8_N400_T5_lam15_lam23_h1_cu1_pi16_pi26_e039e6,3d,8.0,fill,158,1.975,6,3,0,3,0.38771956198537794
model3d_Cf8_N400_T5_lam15_lam23_h1_cu1_pi16_pi26_e039e6,3d,8.0,fill,158,1.975,7,3,0,3,0.2190601416118625
model3d_Cf8_N400_T5_lam15_lam23_h1_cu1_pi16_pi26_e039e6,3d,8.0,fill,159,1.9875,6,3,0,3,0.38792171070463155
model3d_Cf8_N400_T5_lam15_lam23_h1_cu1_pi16_pi26_e039e6,3d,8.0,fill,159,1.9875,7,3,0,3,0.218501584584061
model3d_Cf8_N400_T5_lam15_lam23_h1_cu1_pi16_pi26_e039e6,3d,8.0,fill,160,2.0,6,3,0,3,0.3881129005239927
model3d_Cf8_N400_T5_lam15_lam23_h1_cu1_pi16_pi26_e039e6,3d,8.0,fill,160,2.0,7,3,0,3,0.21795060224498286
model3d_Cf8_N400_T5_lam15_lam23_h1_cu1_pi16_pi26_e039e6,3d,8.0,fill,161,2.0125,6,3,0,3,0.38829386710315816
model3d_Cf8_N400_T5_lam15_lam23_h1_cu1_pi16_pi26_e039e6,3d,8.0,fill,161,2.0125,7,3,0,3,0.21740767230059532
model3d_Cf8_N400_T5_lam15_lam23_h1_cu1_pi16_pi26_e039e6,3d,8.0,fill,162,2.025,6,3,0,3,0.3884652923155869
model3d_Cf8_N400_T5_lam15_lam23_h1_cu1_pi16_pi26_e039e6,3d,8.0,fill,162,2.025,7,3,0,3,0.21687321175564023
model3d_Cf8_N400_T5_lam15_lam23_h1_cu1_pi16_pi26_e039e6,3d,8.0,fill,163,2.0375,6,3,0,3,0.38862780814444875
model3d_Cf8_N400_T5_lam15_lam23_h1_cu1_pi16_pi26_e039e6,3d,8.0,fill,163,2.0375,7,3,0,3,0.21634758134108267
model3d_Cf8_N400_T5_lam15_lam23_h1_cu1_pi16_pi26_e039e6,3d,8.0,fill,164,2.05,6,3,0,3,0.3887820003156861
model3d_Cf8_N400_T5_lam15_lam23_h1_cu1_pi16_pi26_e039e6,3d,8.0,fill,164,2.05,7,3,0,3,0.2158310897006288
model3d_Cf8_N400_T5_lam15_lam23_h1_cu1_pi16_pi26_e039e6,3d,8.0,fill,165,2.0625,6,3,0,3,0.38892841168365067
model3d_Cf8_N400_T5_lam15_lam23_h1_cu1_pi16_pi26_e039e6,3d,8.0,fill,165,2.0625,7,3,0,3,0.21532399734425667
model3d_Cf8_N400_T5_lam15_lam23_h1_cu1_pi16_pi26_e039e6,3d,8.0,fill,166,2.075,6,3,0,3,0.38906754538353994
model3d_Cf8_N400_T5_lam15_lam23_h1_cu1_pi16_pi26_e039e6,3d,8.0,fill,166,2.075,7,3,0,3,0.21482652037610706
model3d_Cf8_N400_T5_lam15_lam23_h1_cu1_pi16_pi26_e039e6,3d,8.0,fill,167,2.0875,6,3,0,3,0.3891998677651429
model3d_Cf8_N400_T5_lam15_lam23_h1_cu1_pi16_pi26_e039e6,3d,8.0,fill,167,2.0875,7,3,0,3,0.21433883400550258
model3d_Cf8_N400_T5_lam15_lam23_h1_cu1_pi16_pi26_e039e6,3d,8.0,fill,168,2.1,6,3,0,3,0.38932581112116793
model3d_Cf8_N400_T5_lam15_lam23_h1_cu1_pi16_pi26_e039e6,3d,8.0,fill,168,2.1,7,3,0,3,0.21386107584886815
model3d_Cf8_N400_T5_lam15_lam23_h1_cu1_pi16_pi26_e039e6,3d,8.0,fill,169,2.1125,6,3,0,3,0.38944577622278587
model3d_Cf8_N400_T5_lam15_lam23_h1_cu1_pi16_pi26_e039e6,3d,8.0,fill,169,2.1125,7,3,0,3,0.2133933490315627
model3d_Cf8_N400_T5_lam15_lam23_h1_cu1_pi16_pi26_e039e6,3d,8.0,fill,170,2.125,6,3,0,3,0.3895601346750084
model3d_Cf8_N400_T5_lam15_lam23_h1_cu1_pi16_pi26_e039e6,3d,8.0,fill,170,2.125,7,3,0,3,0.21293572509783587
model3d_Cf8_N400_T5_lam15_lam23_h1_cu1_pi16_pi26_e039e6,3d,8.0,fill,171,2.1375,6,3,0,3,0.3896692311030847
model3d_Cf8_N400_T5_lam15_lam23_h1_cu1_pi16_pi26_e039e6,3d,8.0,fill,171,2.1375,7,3,0,3,0.21248824673736522
model3d_Cf8_N400_T5_lam15_lam23_h1_cu1_pi16_pi26_e039e6,3d,8.0,fill,172,2.15,6,3,0,3,0.38977338518120064
model3d_Cf8_N400_T5_lam15_lam23_h1_cu1_pi16_pi26_e039e6,3d,8.0,fill,172,2.15,7,3,0,3,0.21205093033721312
model3d_Cf8_N400_T5_lam15_lam23_h1_cu1_pi16_pi26_e039e6,3d,8.0,fill,173,2.1625,6,3,0,3,0.38987289351368304
model3d_Cf8_N400_T5_lam15_lam23_h1_cu1_pi16_pi26_e039e6,3d,8.0,fill,173,2.1625,7,3,0,3,0.21162376836703345
model3d_Cf8_N400_T5_lam15_lam23_h1_cu1_pi16_pi26_e039e6,3d,8.0,fill,174,2.175,6,3,0,3,0.38996803137881386
model3d_Cf8_N400_T5_lam15_lam23_h1_cu1_pi16_pi26_e039e6,3d,8.0,fill,174,2.175,7,3,0,3,0.2112067316061399
model3d_Cf8_N400_T5_lam15_lam23_h1_cu1_pi16_pi26_e039e6,3d,8.0,fill,175,2.1875,6,3,0,3,0.39005905434426325
model3d_Cf8_N400_T5_lam15_lam23_h1_cu1_pi16_pi26_e039e6,3d,8.0,fill,175,2.1875,7,3,0,3,0.21079977122025184
model3d_Cf8_N400_T5_lam15_lam23_h1_cu1_pi16_pi26_e039e6,3d,8.0,fill,176,2.2,6,3,0,3,0.3901461997629383
model3d_Cf8_N400_T5_lam15_lam23_h1_cu1_pi16_pi26_e039e6,3d,8.0,fill,176,2.2,7,3,0,3,0.21040282069576222
model3d_Cf8_N400_T5_lam15_lam23_h1_cu1_pi16_pi26_e039e6,3d,8.0,fill,177,2.2125,6,3,0,3,0.39022968815778825
model3d_Cf8_N400_T5_lam15_lam23_h1_cu1_pi16_pi26_e039e6,3d,8.0,fill,177,2.2125,7,3,0,3,0.21001579763915856
model3d_Cf8_N400_T5_lam15_lam23_h1_cu1_pi16_pi26_e039e6,3d,8.0,fill,178,2.225,6,3,0,3,0.39030972450281354
model3d_Cf8_N400_T5_lam15_lam23_h1_cu1_pi16_pi26_e039e6,3d,8.0,fill,178,2.225,7,3,0,3,0.20963860544904378
model3d_Cf8_N400_T5_lam15_lam23_h1_cu1_pi16_pi26_e039e6,3d,8.0,fill,179,2.2375,6,3,0,3,0.39038649940792425
model3d_Cf8_N400_T5_lam15_lam23_h1_cu1_pi16_pi26_e039e6,3d,8.0,fill,179,2.2375,7,3,0,3,0.20927113486770565
model3d_Cf8_N400_T5_lam15_lam23_h1_cu1_pi16_pi26_e039e6,3d,8.0,fill,180,2.25,6,3,0,3,0.3904601902143554
model3d_Cf8_N400_T5_lam15_lam23_h1_cu1_pi16_pi26_e039e6,3d,8.0,fill,180,2.25,7,3,0,3,0.20891326541922695
model3d_Cf8_N400_T5_lam15_lam23_h1_cu1_pi16_pi26_e039e6,3d,8.0,fill,181,2.2625,6,3,0,3,0.39053096200687776
model3d_Cf8_N400_T5_lam15_lam23_h1_cu1_pi16_pi26_e039e6,3d,8.0,fill,181,2.2625,7,3,0,3,0.2085648667406872
model3d_Cf8_N400_T5_lam15_lam23_h1_cu1_pi16_pi26_e039e6,3d,8.0,fill,182,2.275,6,3,0,3,0.39059896854908516
model3d_Cf8_N400_T5_lam15_lam23_h1_cu1_pi16_pi26_e039e6,3d,8.0,fill,182,2.275,7,3,0,3,0.2082257998128938
model3d_Cf8_N400_T5_lam15_lam23_h1_cu1_pi16_pi26_e039e6,3d,8.0,fill,183,2.2875,6,3,0,3,0.3906643531469882
model3d_Cf8_N400_T5_lam15_lam23_h1_cu1_pi16_pi26_e039e6,3d,8.0,fill,183,2.2875,7,3,0,3,0.20789591809651142
model3d_Cf8_N400_T5_lam15_lam23_h1_cu1_pi16_pi26_e039e6,3d,8.0,fill,184,2.3,6,3,0,3,0.3907272494463996
model3d_Cf8_N400_T5_lam15_lam23_h1_cu1_pi16_pi26_e039e6,3d,8.0,fill,184,2.3,7,3,0,3,0.20757506857948727
model3d_Cf8_N400_T5_lam15_lam23_h1_cu1_pi16_pi26_e039e6,3d,8.0,fill,185,2.3125,6,3,0,3,0.3907877821688004
model3d_Cf8_N400_T5_lam15_lam23_h1_cu1_pi16_pi26_e039e6,3d,8.0,fill,185,2.3125,7,3,0,3,0.20726309274144228
model3d_Cf8_N400_T5_lam15_lam23_h1_cu1_pi16_pi26_e039e6,3d,8.0,fill,186,2.325,6,3,0,3,0.3908460677904486
model3d_Cf8_N400_T5_lam15_lam23_h1_cu1_pi16_pi26_e039e6,3d,8.0,fill,186,2.325,7,3,0,3,0.20695982744004482
model3d_Cf8_N400_T5_lam15_lam23_h1_cu1_pi16_pi26_e039e6,3d,8.0,fill,187,2.3375,6,3,0,3,0.39090221516866563
model3d_Cf8_N400_T5_lam15_lam23_h1_cu1_pi16_pi26_e039e6,3d,8.0,fill,187,2.3375,7,3,0,3,0.20666510572451102
model3d_Cf8_N400_T5_lam15_lam23_h1_cu1_pi16_pi26_e039e6,3d,8.0,fill,188,2.35,6,3,0,3,0.39095632611949327
model3d_Cf8_N400_T5_lam15_lam23_h1_cu1_pi16_pi26_e039e6,3d,8.0,fill,188,2.35,7,3,0,3,0.20637875758100677
model3d_Cf8_N400_T5_lam15_lam23_h1_cu1_pi16_pi26_e039e6,3d,8.0,fill,189,2.3625,6,3,0,3,0.3910084959502882
model3d_Cf8_N400_T5_lam15_lam23_h1_cu1_pi16_pi26_e039e6,3d,8.0,fill,189,2.3625,7,3,0,3,0.20610061061445606
model3d_Cf8_N400_T5_lam15_lam23_h1_cu1_pi16_pi26_e039e6,3d,8.0,fill,190,2.375,6,3,0,3,0.39105881395066433
model3d_Cf8_N400_T5_lam15_lam23_h1_cu1_pi16_pi26_e039e6,3d,8.0,fill,190,2.375,7,3,0,3,0.20583049067096226
model3d_Cf8_N400_T5_lam15_lam23_h1_cu1_pi16_pi26_e039e6,3d,8.0,fill,191,2.3875,6,3,0,3,0.3911073638448386
model3d_Cf8_N400_T5_lam15_lam23_h1_cu1_pi16_pi26_e039e6,3d,8.0,fill,191,2.3875,7,3,0,3,0.20556822240486383
model3d_Cf8_N400_T5_lam15_lam23_h1_cu1_pi16_pi26_e039e6,3d,8.0,fill,192,2.4,6,3,0,3,0.39115422420869095
model3d_Cf8_N400_T5_lam15_lam23_h1_cu1_pi16_pi26_e039e6,3d,8.0,fill,192,2.4,7,3,0,3,0.20531362979451728
model3d_Cf8_N400_T5_lam15_lam23_h1_cu1_pi16_pi26_e039e6,3d,8.0,fill,193,2.4125,6,3,0,3,0.39119946885368506
model3d_Cf8_N400_T5_lam15_lam23_h1_cu1_pi16_pi26_e039e6,3d,8.0,fill,193,2.4125,7,3,0,3,0.20506653660997642
model3d_Cf8_N400_T5_lam15_lam23_h1_cu1_pi16_pi26_e039e6,3d,8.0,fill,194,2.425,6,3,0,3,0.39124316718080365
model3d_Cf8_N400_T5_lam15_lam23_h1_cu1_pi16_pi26_e039e6,3d,8.0,fill,194,2.425,7,3,0,3,0.20482676683620582
model3d_Cf8_N400_T5_lam15_lam23_h1_cu1_pi16_pi26_e039e6,3d,8.0,fill,195,2.4375,6,3,0,3,0.3912853845063893
model3d_Cf8_N400_T5_lam15_lam23_h1_cu1_pi16_pi26_e039e6,3d,8.0,fill,195,2.4375,7,3,0,3,0.20459414505521067
model3d_Cf8_N400_T5_lam15_lam23_h1_cu1_pi16_pi26_e039e6,3d,8.0,fill,196,2.45,6,3,0,3,0.3913261823622065
model3d_Cf8_N400_T5_lam15_lam23_h1_cu1_pi16_pi26_e039e6,3d,8.0,fill,196,2.45,7,3,0,3,0.20436849678958424
model3d_Cf8_N400_T5_lam15_lam23_h1_cu1_pi16_pi26_e039e6,3d,8.0,fill,197,2.4625,6,3,0,3,0.39136561877197096
model3d_Cf8_N400_T5_lam15_lam23_h1_cu1_pi16_pi26_e039e6,3d,8.0,fill,197,2.4625,7,3,0,3,0.2041496488107981
model3d_Cf8_N400_T5_lam15_lam23_h1_cu1_pi16_pi26_e039e6,3d,8.0,fill,198,2.475,6,3,0,3,0.39140374850568094
model3d_Cf8_N400_T5_lam15_lam23_h1_cu1_pi16_pi26_e039e6,3d,8.0,fill,198,2.475,7,3,0,3,0.2039374294146512
model3d_Cf8_N400_T5_lam15_lam23_h1_cu1_pi16_pi26_e039e6,3d,8.0,fill,199,2.4875,6,3,0,3,0.3914406233140255
model3d_Cf8_N400_T5_lam15_lam23_h1_cu1_pi16_pi26_e039e6,3d,8.0,fill,199,2.4875,7,3,0,3,0.20373166866620807
model3d_Cf8_N400_T5_lam15_lam23_h1_cu1_pi16_pi26_e039e6,3d,8.0,fill,200,2.5,6,3,0,3,0.39147629214417634
model3d_Cf8_N400_T5_lam15_lam23_h1_cu1_pi16_pi26_e039e6,3d,8.0,fill,200,2.5,7,3,0,3,0.2035321986170402
model3d_Cf8_N400_T5_lam15_lam23_h1_cu1_pi16_pi26_e039e6,3d,8.0,fill,201,2.5125,6,3,0,3,0.3915108013384838
model3d_Cf8_N400_T5_lam15_lam23_h1_cu1_pi16_pi26_e039e6,3d,8.0,fill,201,2.5125,7,3,0,3,0.20333885349639047
model3d_Cf8_N400_T5_lam15_lam23_h1_cu1_pi16_pi26_e039e6,3d,8.0,fill,202,2.525,6,3,0,3,0.3915441948172713
model3d_Cf8_N400_T5_lam15_lam23_h1_cu1_pi16_pi26_e039e6,3d,8.0,fill,202,2.525,7,3,0,3,0.20315146987864807
model3d_Cf8_N400_T5_lam15_lam23_h1_cu1_pi16_pi26_e039e6,3d,8.0,fill,203,2.5375,6,3,0,3,0.3915765142475607
model3d_Cf8_N400_T5_lam15_lam23_h1_cu1_pi16_pi26_e039e6,3d,8.0,fill,203,2.5375,7,3,0,3,0.20296988682892447
model3d_Cf8_N400_T5_lam15_lam23_h1_cu1_pi16_pi26_e039e6,3d,8.0,fill,204,2.55,6,3,0,3,0.3916077991980558
model3d_Cf8_N400_T5_lam15_lam23_h1_cu1_pi16_pi26_e039e6,3d,8.0,fill,204,2.55,7,3,0,3,0.2027939460285637
model3d_Cf8_N400_T5_lam15_lam23_h1_cu1_pi16_pi26_e039e6,3d,8.0,fill,205,2.5625,6,3,0,3,0.3916380872821321
model3d_Cf8_N400_T5_lam15_lam23_h1_cu1_pi16_pi26_e039e6,3d,8.0,fill,205,2.5625,7,3,0,3,0.2026234918821217
model3d_Cf8_N400_T5_lam15_lam23_h1_cu1_pi16_pi26_e039e6,3d,8.0,fill,206,2.575,6,3,0,3,0.39166741428934415
model3d_Cf8_N400_T5_lam15_lam23_h1_cu1_pi16_pi26_e039e6,3d,8.0,fill,206,2.575,7,3,0,3,0.20245837160743463
model3d_Cf8_N400_T5_lam15_lam23_h1_cu1_pi16_pi26_e039e6,3d,8.0,fill,207,2.5875,6,3,0,3,0.3916958143070417
model3d_Cf8_N400_T5_lam15_lam23_h1_cu1_pi16_pi26_e039e6,3d,8.0,fill,207,2.5875,7,3,0,3,0.2022984353104107
model3d_Cf8_N400_T5_lam15_lam23_h1_cu1_pi16_pi26_e039e6,3d,8.0,fill,208,2.6,6,3,0,3,0.39172331983183994
model3d_Cf8_N400_T5_lam15_lam23_h1_cu1_pi16_pi26_e039e6,3d,8.0,fill,208,2.6,7,3,0,3,0.2021435360453836
model3d_Cf8_N400_T5_lam15_lam23_h1_cu1_pi16_pi26_e039e6,3d,8.0,fill,209,2.6125,6,3,0,3,0.39174996187281863
model3d_Cf8_N400_T5_lam15_lam23_h1_cu1_pi16_pi26_e039e6,3d,8.0,fill,209,2.6125,7,3,0,3,0.20199352986281838
model3d_Cf8_N400_T5_lam15_lam23_h1_cu1_pi16_pi26_e039e6,3d,8.0,fill,210,2.625,6,3,0,3,0.39177577004653585
model3d_Cf8_N400_T5_lam15_lam23_h1_cu1_pi16_pi26_e039e6,3d,8.0,fill,210,2.625,7,3,0,3,0.20184827584509435
model3d_Cf8_N400_T5_lam15_lam23_h1_cu1_pi16_pi26_e039e6,3d,8.0,fill,211,2.6375,6,3,0,3,0.3918007726646806
model3d_Cf8_N400_T5_lam15_lam23_h1_cu1_pi16_pi26_e039e6,3d,8.0,fill,211,2.6375,7,3,0,3,0.20170763613185727
model3d_Cf8_N400_T5_lam15_lam23_h1_cu1_pi16_pi26_e039e6,3d,8.0,fill,212,2.65,6,3,0,3,0.3918249968149041
model3d_Cf8_N400_T5_lam15_lam23_h1_cu1_pi16_pi26_e039e6,3d,8.0,fill,212,2.65,7,3,0,3,0.20157147593533864
model3d_Cf8_N400_T5_lam15_lam23_h1_cu1_pi16_pi26_e039e6,3d,8.0,fill,213,2.6625,6,3,0,3,0.39184846843542687
model3d_Cf8_N400_T5_lam15_lam23_h1_cu1_pi16_pi26_e039e6,3d,8.0,fill,213,2.6625,7,3,0,3,0.20143966354737586
model3d_Cf8_N400_T5_lam15_lam23_h1_cu1_pi16_pi26_e039e6,3d,8.0,fill,214,2.675,6,3,0,3,0.3918712123841033
model3d_Cf8_N400_T5_lam15_lam23_h1_cu1_pi16_pi26_e039e6,3d,8.0,fill,214,2.675,7,3,0,3,0.20131207033816167
model3d_Cf8_N400_T5_lam15_lam23_h1_cu1_pi16_pi26_e039e6,3d,8.0,fill,215,2.6875,6,3,0,3,0.391893252502058
model3d_Cf8_N400_T5_lam15_lam23_h1_cu1_pi16_pi26_e039e6,3d,8.0,fill,215,2.6875,7,3,0,3,0.2011885707480019
model3d_Cf8_N400_T5_lam15_lam23_h1_cu1_pi16_pi26_e039e6,3d,8.0,fill,216,2.7,6,3,0,3,0.3919146116723482
model3d_Cf8_N400_T5_lam15_lam23_h1_cu1_pi16_pi26_e039e6,3d,8.0,fill,216,2.7,7,3,0,3,0.20106904227259292
model3d_Cf8_N400_T5_lam15_lam23_h1_cu1_pi16_pi26_e039e6,3d,8.0,fill,217,2.7125,6,3,0,3,0.39193531187478925
model3d_Cf8_N400_T5_lam15_lam23_h1_cu1_pi16_pi26_e039e6,3d,8.0,fill,217,2.7125,7,3,0,3,0.20095336544298448
model3d_Cf8_N400_T5_lam15_lam23_h1_cu1_pi16_pi26_e039e6,3d,8.0,fill,218,2.725,6,3,0,3,0.39195537423603355
model3d_Cf8_N400_T5_lam15_lam23_h1_cu1_pi16_pi26_e039e6,3d,8.0,fill,218,2.725,7,3,0,3,0.20084142379977266
model3d_Cf8_N400_T5_lam15_lam23_h1_cu1_pi16_pi26_e039e6,3d,8.0,fill,219,2.7375,6,3,0,3,0.3919748190763528
model3d_Cf8_N400_T5_lam15_lam23_h1_cu1_pi16_pi26_e039e6,3d,8.0,fill,219,2.7375,7,3,0,3,0.20073310386322873
model3d_Cf8_N400_T5_lam15_lam23_h1_cu1_pi16_pi26_e039e6,3d,8.0,fill,220,2.75,6,3,0,3,0.39199366595300944
model3d_Cf8_N400_T5_lam15_lam23_h1_cu1_pi16_pi26_e039e6,3d,8.0,fill,220,2.75,7,3,0,3,0.2006282950994489
model3d_Cf8_N400_T5_lam15_lam23_h1_cu1_pi16_pi26_e039e6,3d,8.0,fill,221,2.7625,6,3,0,3,0.3920119337002461
model3d_Cf8_N400_T5_lam15_lam23_h1_cu1_pi16_pi26_e039e6,3d,8.0,fill,221,2.7625,7,3,0,3,0.2005268898826955
model3d_Cf8_N400_T5_lam15_lam23_h1_cu1_pi16_pi26_e039e6,3d,8.0,fill,222,2.775,6,3,0,3,0.3920296404663475
model3d_Cf8_N400_T5_lam15_lam23_h1_cu1_pi16_pi26_e039e6,3d,8.0,fill,222,2.775,7,3,0,3,0.20042878345489612
model3d_Cf8_N400_T5_lam15_lam23_h1_cu1_pi16_pi26_e039e6,3d,8.0,fill,223,2.7875,6,3,0,3,0.3920468037486273
model3d_Cf8_N400_T5_lam15_lam23_h1_cu1_pi16_pi26_e039e6,3d,8.0,fill,223,2.7875,7,3,0,3,0.20033387388221513
model3d_Cf8_N400_T5_lam15_lam23_h1_cu1_pi16_pi26_e039e6,3d,8.0,fill,224,2.8,6,3,0,3,0.392063440425261
model3d_Cf8_N400_T5_lam15_lam23_h1_cu1_pi16_pi26_e039e6,3d,8.0,fill,224,2.8,7,3,0,3,0.2002420620096359
model3d_Cf8_N400_T5_lam15_lam23_h1_cu1_pi16_pi26_e039e6,3d,8.0,fill,225,2.8125,6,3,0,3,0.3920795667852701
model3d_Cf8_N400_T5_lam15_lam23_h1_cu1_pi16_pi26_e039e6,3d,8.0,fill,225,2.8125,7,3,0,3,0.20015325141341123
model3d_Cf8_N400_T5_lam15_lam23_h1_cu1_pi16_pi26_e039e6,3d,8.0,fill,226,2.825,6,3,0,3,0.3920951985564898
model3d_Cf8_N400_T5_lam15_lam23_h1_cu1_pi16_pi26_e039e6,3d,8.0,fill,226,2.825,7,3,0,3,0.20006734835189377
model3d_Cf8_N400_T5_lam15_lam23_h1_cu1_pi16_pi26_e039e6,3d,8.0,fill,227,2.8375,6,3,0,3,0.3921103509315458
model3d_Cf8_N400_T5_lam15_lam23_h1_cu1_pi16_pi26_e039e6,3d,8.0,fill,227,2.8375,7,3,0,3,0.19998426171480332
model3d_Cf8_N400_T5_lam15_lam23_h1_cu1_pi16_pi26_e039e6,3d,8.0,fill,228,2.85,6,3,0,3,0.3921250385920132
model3d_Cf8_N400_T5_lam15_lam23_h1_cu1_pi16_pi26_e039e6,3d,8.0,fill,228,2.85,7,3,0,3,0.19990390297181193
model3d_Cf8_N400_T5_lam15_lam23_h1_cu1_pi16_pi26_e039e6,3d,8.0,fill,229,2.8625,6,3,0,3,0.39213927573123897
model3d_Cf8_N400_T5_lam15_lam23_h1_cu1_pi16_pi26_e039e6,3d,8.0,fill,229,2.8625,7,3,0,3,0.19982618611990688
model3d_Cf8_N400_T5_lam15_lam23_h1_cu1_pi16_pi26_e039e6,3d,8.0,fill,230,2.875,6,3,0,3,0.3921530760754024
model3d_Cf8_N400_T5_lam15_lam23_h1_cu1_pi16_pi26_e039e6,3d,8.0,fill,230,2.875,7,3,0,3,0.19975102763012842
model3d_Cf8_N400_T5_lam15_lam23_h1_cu1_pi16_pi26_e039e6,3d,8.0,fill,231,2.8875,6,3,0,3,0.3921664529036377
model3d_Cf8_N400_T5_lam15_lam23_h1_cu1_pi16_pi26_e039e6,3d,8.0,fill,231,2.8875,7,3,0,3,0.1996783463940517
model3d_Cf8_N400_T5_lam15_lam23_h1_cu1_pi16_pi26_e039e6,3d,8.0,fill,232,2.9,6,3,0,3,0.3921794190662524
model3d_Cf8_N400_T5_lam15_lam23_h1_cu1_pi16_pi26_e039e6,3d,8.0,fill,232,2.9,7,3,0,3,0.1996080636698423
model3d_Cf8_N400_T5_lam15_lam23_h1_cu1_pi16_pi26_e039e6,3d,8.0,fill,233,2.9125,6,3,0,3,0.3921919870026329
model3d_Cf8_N400_T5_lam15_lam23_h1_cu1_pi16_pi26_e039e6,3d,8.0,fill,233,2.9125,7,3,0,3,0.19954010302794245
model3d_Cf8_N400_T5_lam15_lam23_h1_cu1_pi16_pi26_e039e6,3d,8.0,fill,234,2.925,6,3,0,3,0.3922041687574733
model3d_Cf8_N400_T5_lam15_lam23_h1_cu1_pi16_pi26_e039e6,3d,8.0,fill,234,2.925,7,3,0,3,0.1994743902973255
model3d_Cf8_N400_T5_lam15_lam23_h1_cu1_pi16_pi26_e039e6,3d,8.0,fill,235,2.9375,6,3,0,3,0.3922159759962369
model3d_Cf8_N400_T5_lam15_lam23_h1_cu1_pi16_pi26_e039e6,3d,8.0,fill,235,2.9375,7,3,0,3,0.199410853511381
model3d_Cf8_N400_T5_lam15_lam23_h1_cu1_pi16_pi26_e039e6,3d,8.0,fill,236,2.95,6,3,0,3,0.39222742001990696
model3d_Cf8_N400_T5_lam15_lam23_h1_cu1_pi16_pi26_e039e6,3d,8.0,fill,236,2.95,7,3,0,3,0.19934942285431134
model3d_Cf8_N400_T5_lam15_lam23_h1_cu1_pi16_pi26_e039e6,3d,8.0,fill,237,2.9625,6,3,0,3,0.39223851177854385
model3d_Cf8_N400_T5_lam15_lam23_h1_cu1_pi16_pi26_e039e6,3d,8.0,fill,237,2.9625,7,3,0,3,0.199290030607699
model3d_Cf8_N400_T5_lam15_lam23_h1_cu1_pi16_pi26_e039e6,3d,8.0,fill,238,2.975,6,3,0,3,0.39224926188435916
model3d_Cf8_N400_T5_lam15_lam23_h1_cu1_pi16_pi26_e039e6,3d,8.0,fill,238,2.975,7,3,0,3,0.19923261109784107
model3d_Cf8_N400_T5_lam15_lam23_h1_cu1_pi16_pi26_e039e6,3d,8.0,fill,239,2.9875,6,3,0,3,0.3922596806241927
model3d_Cf8_N400_T5_lam15_lam23_h1_cu1_pi16_pi26_e039e6,3d,8.0,fill,239,2.9875,7,3,0,3,0.1991771006433396
model3d_Cf8_N400_T5_lam15_lam23_h1_cu1_pi16_pi26_e039e6,3d,8.0,fill,240,3.0,6,3,0,3,0.39226977797085283
model3d_Cf8_N400_T5_lam15_lam23_h1_cu1_pi16_pi26_e039e6,3d,8.0,fill,240,3.0,7,3,0,3,0.19912343750323203
model3d_Cf8_N400_T5_lam15_lam23_h1_cu1_pi16_pi26_e039e6,3d,8.0,fill,241,3.0125,6,3,0,3,0.3922795635944283
model3d_Cf8_N400_T5_lam15_lam23_h1_cu1_pi16_pi26_e039e6,3d,8.0,fill,241,3.0125,7,3,0,3,0.19907156182605945
model3d_Cf8_N400_T5_lam15_lam23_h1_cu1_pi16_pi26_e039e6,3d,8.0,fill,242,3.025,6,3,0,3,0.39228904687260524
model3d_Cf8_N400_T5_lam15_lam23_h1_cu1_pi16_pi26_e039e6,3d,8.0,fill,242,3.025,7,3,0,3,0.19902141559947495
model3d_Cf8_N400_T5_lam15_lam23_h1_cu1_pi16_pi26_e039e6,3d,8.0,fill,243,3.0375,6,3,0,3,0.39229823690078547
model3d_Cf8_N400_T5_lam15_lam23_h1_cu1_pi16_pi26_e039e6,3d,8.0,fill,243,3.0375,7,3,0,3,0.19897294260064768
model3d_Cf8_N400_T5_lam15_lam23_h1_cu1_pi16_pi26_e039e6,3d,8.0,fill,244,3.05,6,3,0,3,0.3923071425014655
model3d_Cf8_N400_T5_lam15_lam23_h1_cu1_pi16_pi26_e039e6,3d,8.0,fill,244,3.05,7,3,0,3,0.19892608834749126
model3d_Cf8_N400_T5_lam15_lam23_h1_cu1_pi16_pi26_e039e6,3d,8.0,fill,245,3.0625,6,3,0,3,0.39231577223341674
model3d_Cf8_N400_T5_lam15_lam23_h1_cu1_pi16_pi26_e039e6,3d,8.0,fill,245,3.0625,7,3,0,3,0.19888080005057418
model3d_Cf8_N400_T5_lam15_lam23_h1_cu1_pi16_pi26_e039e6,3d,8.0,fill,246,3.075,6,3,0,3,0.39232413440015534
model3d_Cf8_N400_T5_lam15_lam23_h1_cu1_pi16_pi26_e039e6,3d,8.0,fill,246,3.075,7,3,0,3,0.19883702656639457
model3d_Cf8_N400_T5_lam15_lam23_h1_cu1_pi16_pi26_e039e6,3d,8.0,fill,247,3.0875,6,3,0,3,0.39233223705838327
model3d_Cf8_N400_T5_lam15_lam23_h1_cu1_pi16_pi26_e039e6,3d,8.0,fill,247,3.0875,7,3,0,3,0.19879471835076856
model3d_Cf8_N400_T5_lam15_lam23_h1_cu1_pi16_pi26_e039e6,3d,8.0,fill,248,3.1,6,3,0,3,0.39234008802580433
model3d_Cf8_N400_T5_lam15_lam23_h1_cu1_pi16_pi26_e039e6,3d,8.0,fill,248,3.1,7,3,0,3,0.1987538274137819
model3d_Cf8_N400_T5_lam15_lam23_h1_cu1_pi16_pi26_e039e6,3d,8.0,fill,249,3.1125,6,3,0,3,0.39234769488862753
model3d_Cf8_N400_T5_lam15_lam23_h1_cu1_pi16_pi26_e039e6,3d,8.0,fill,249,3.1125,7,3,0,3,0.19871430727545203
model3d_Cf8_N400_T5_lam15_lam23_h1_cu1_pi16_pi26_e039e6,3d,8.0,fill,250,3.125,6,3,0,3,0.39235506500878614
model3d_Cf8_N400_T5_lam15_lam23_h1_cu1_pi16_pi26_e039e6,3d,8.0,fill,250,3.125,7,3,0,3,0.19867611292224296
model3d_Cf8_N400_T5_lam15_lam23_h1_cu1_pi16_pi26_e039e6,3d,8.0,fill,251,3.1375,6,3,0,3,0.3923622055311
model3d_Cf8_N400_T5_lam15_lam23_h1_cu1_pi16_pi26_e039e6,3d,8.0,fill,251,3.1375,7,3,0,3,0.19863920076466002
model3d_Cf8_N400_T5_lam15_lam23_h1_cu1_pi16_pi26_e039e6,3d,8.0,fill,252,3.15,6,3,0,3,0.39236912338981256
model3d_Cf8_N400_T5_lam15_lam23_h1_cu1_pi16_pi26_e039e6,3d,8.0,fill,252,3.15,7,3,0,3,0.1986035285956973
model3d_Cf8_N400_T5_lam15_lam23_h1_cu1_pi16_pi26_e039e6,3d,8.0,fill,253,3.1625,6,3,0,3,0.3923758253148719
model3d_Cf8_N400_T5_lam15_lam23_h1_cu1_pi16_pi26_e039e6,3d,8.0,fill,253,3.1625,7,3,0,3,0.19856905555022308
model3d_Cf8_N400_T5_lam15_lam23_h1_cu1_pi16_pi26_e039e6,3d,8.0,fill,254,3.175,6,3,0,3,0.3923823178383259
model3d_Cf8_N400_T5_lam15_lam23_h1_cu1_pi16_pi26_e039e6,3d,8.0,fill,254,3.175,7,3,0,3,0.19853574206547364
model3d_Cf8_N400_T5_lam15_lam23_h1_cu1_pi16_pi26_e039e6,3d,8.0,fill,255,3.1875,6,3,0,3,0.39238860730014835
model3d_Cf8_N400_T5_lam15_lam23_h1_cu1_pi16_pi26_e039e6,3d,8.0,fill,255,3.1875,7,3,0,3,0.19850354984234286
model3d_Cf8_N400_T5_lam15_lam23_h1_cu1_pi16_pi26_e039e6,3d,8.0,fill,256,3.2,6,3,0,3,0.3923946998540373
model3d_Cf8_N400_T5_lam15_lam23_h1_cu1_pi16_pi26_e039e6,3d,8.0,fill,256,3.2,7,3,0,3,0.1984724418075814
model3d_Cf8_N400_T5_lam15_lam23_h1_cu1_pi16_pi26_e039e6,3d,8.0,fill,257,3.2125,6,3,0,3,0.39240060147281497
model3d_Cf8_N400_T5_lam15_lam23_h1_cu1_pi16_pi26_e039e6,3d,8.0,fill,257,3.2125,7,3,0,3,0.19844238207716103
model3d_Cf8_N400_T5_lam15_lam23_h1_cu1_pi16_pi26_e039e6,3d,8.0,fill,258,3.225,6,3,0,3,0.3924063179538848
model3d_Cf8_N400_T5_lam15_lam23_h1_cu1_pi16_pi26_e039e6,3d,8.0,fill,258,3.225,7,3,0,3,0.1984133359203497
model3d_Cf8_N400_T5_lam15_lam23_h1_cu1_pi16_pi26_e039e6,3d,8.0,fill,259,3.2375,6,3,0,3,0.3924118549244042
model3d_Cf8_N400_T5_lam15_lam23_h1_cu1_pi16_pi26_e039e6,3d,8.0,fill,259,3.2375,7,3,0,3,0.1983852697247528
model3d_Cf8_N400_T5_lam15_lam23_h1_cu1_pi16_pi26_e039e6,3d,8.0,fill,260,3.25,6,3,0,3,0.392417217846031
model3d_Cf8_N400_T5_lam15_lam23_h1_cu1_pi16_pi26_e039e6,3d,8.0,fill,260,3.25,7,3,0,3,0.1983581509623491
model3d_Cf8_N400_T5_lam15_lam23_h1_cu1_pi16_pi26_e039e6,3d,8.0,fill,261,3.2625,6,3,0,3,0.3924224120200108
model3d_Cf8_N400_T5_lam15_lam23_h1_cu1_pi16_pi26_e039e6,3d,8.0,fill,261,3.2625,7,3,0,3,0.19833194815626598
model3d_Cf8_N400_T5_lam15_lam23_h1_cu1_pi16_pi26_e039e6,3d,8.0,fill,262,3.275,6,3,0,3,0.3924274425916394
model3d_Cf8_N400_T5_lam15_lam23_h1_cu1_pi16_pi26_e039e6,3d,8.0,fill,262,3.275,7,3,0,3,0.19830663084869116
model3d_Cf8_N400_T5_lam15_lam23_h1_cu1_pi16_pi26_e039e6,3d,8.0,fill,263,3.2875,6,3,0,3,0.3924323145549238
model3d_Cf8_N400_T5_lam15_lam23_h1_cu1_pi16_pi26_e039e6,3d,8.0,fill,263,3.2875,7,3,0,3,0.19828216956929623
model3d_Cf8_N400_T5_lam15_lam23_h1_cu1_pi16_pi26_e039e6,3d,8.0,fill,264,3.3,6,3,0,3,0.3924370327567601
model3d_Cf8_N400_T5_lam15_lam23_h1_cu1_pi16_pi26_e039e6,3d,8.0,fill,264,3.3,7,3,0,3,0.19825853580488229
model3d_Cf8_N400_T5_lam15_lam23_h1_cu1_pi16_pi26_e039e6,3d,8.0,fill,265,3.3125,6,3,0,3,0.3924416019012824
model3d_Cf8_N400_T5_lam15_lam23_h1_cu1_pi16_pi26_e039e6,3d,8.0,fill,265,3.3125,7,3,0,3,0.19823570196962237
model3d_Cf8_N400_T5_lam15_lam23_h1_cu1_pi16_pi26_e039e6,3d,8.0,fill,266,3.325,6,3,0,3,0.3924460265539551
model3d_Cf8_N400_T5_lam15_lam23_h1_cu1_pi16_pi26_e039e6,3d,8.0,fill,266,3.325,7,3,0,3,0.19821364137635555
model3d_Cf8_N400_T5_lam15_lam23_h1_cu1_pi16_pi26_e039e6,3d,8.0,fill,267,3.3375,6,3,0,3,0.39245031114549533
model3d_Cf8_N400_T5_lam15_lam23_h1_cu1_pi16_pi26_e039e6,3d,8.0,fill,267,3.3375,7,3,0,3,0.19819232820819366
model3d_Cf8_N400_T5_lam15_lam23_h1_cu1_pi16_pi26_e039e6,3d,8.0,fill,268,3.35,6,3,0,3,0.39245445997576667
model3d_Cf8_N400_T5_lam15_lam23_h1_cu1_pi16_pi26_e039e6,3d,8.0,fill,268,3.35,7,3,0,3,0.19817173749169115
model3d_Cf8_N400_T5_lam15_lam23_h1_cu1_pi16_pi26_e039e6,3d,8.0,fill,269,3.3625,6,3,0,3,0.3924584772175592
model3d_Cf8_N400_T5_lam15_lam23_h1_cu1_pi16_pi26_e039e6,3d,8.0,fill,269,3.3625,7,3,0,3,0.19815184507012873
model3d_Cf8_N400_T5_lam15_lam23_h1_cu1_pi16_pi26_e039e6,3d,8.0,fill,270,3.375,6,3,0,3,0.39246236692000025
model3d_Cf8_N400_T5_lam15_lam23_h1_cu1_pi16_pi26_e039e6,3d,8.0,fill,270,3.375,7,3,0,3,0.19813262757787697
model3d_Cf8_N400_T5_lam15_lam23_h1_cu1_pi16_pi26_e039e6,3d,8.0,fill,271,3.3875,6,3,0,3,0.3924661330124195
model3d_Cf8_N400_T5_lam15_lam23_h1_cu1_pi16_pi26_e039e6,3d,8.0,fill,271,3.3875,7,3,0,3,0.19811406241544205
model3d_Cf8_N400_T5_lam15_lam23_h1_cu1_pi16_pi26_e039e6,3d,8.0,fill,272,3.4,6,3,0,3,0.3924697793074188
model3d_Cf8_N400_T5_lam15_lam23_h1_cu1_pi16_pi26_e039e6,3d,8.0,fill,272,3.4,7,3,0,3,0.19809612772516516
model3d_Cf8_N400_T5_lam15_lam23_h1_cu1_pi16_pi26_e039e6,3d,8.0,fill,273,3.4125,6,3,0,3,0.392473309504453
model3d_Cf8_N400_T5_lam15_lam23_h1_cu1_pi16_pi26_e039e6,3d,8.0,fill,273,3.4125,7,3,0,3,0.19807880236763253
model3d_Cf8_N400_T5_lam15_lam23_h1_cu1_pi16_pi26_e039e6,3d,8.0,fill,274,3.425,6,3,0,3,0.3924767271929568
model3d_Cf8_N400_T5_lam15_lam23_h1_cu1_pi16_pi26_e039e6,3d,8.0,fill,274,3.425,7,3,0,3,0.19806206589908015
model3d_Cf8_N400_T5_lam15_lam23_h1_cu1_pi16_pi26_e039e6,3d,8.0,fill,275,3.4375,6,3,0,3,0.3924800358554421
model3d_Cf8_N400_T5_lam15_lam23_h1_cu1_pi16_pi26_e039e6,3d,8.0,fill,275,3.4375,7,3,0,3,0.1980458985490543
model3d_Cf8_N400_T5_lam15_lam23_h1_cu1_pi16_pi26_e039e6,3d,8.0,fill,276,3.45,6,3,0,3,0.39248323887071024
model3d_Cf8_N400_T5_lam15_lam23_h1_cu1_pi16_pi26_e039e6,3d,8.0,fill,276,3.45,7,3,0,3,0.19803028119889632
model3d_Cf8_N400_T5_lam15_lam23_h1_cu1_pi16_pi26_e039e6,3d,8.0,fill,277,3.4625,6,3,0,3,0.39248633951643797
model3d_Cf8_N400_T5_lam15_lam23_h1_cu1_pi16_pi26_e039e6,3d,8.0,fill,277,3.4625,7,3,0,3,0.1980151953610232
model3d_Cf8_N400_T5_lam15_lam23_h1_cu1_pi16_pi26_e039e6,3d,8.0,fill,278,3.475,6,3,0,3,0.39248934097255983
model3d_Cf8_N400_T5_lam15_lam23_h1_cu1_pi16_pi26_e039e6,3d,8.0,fill,278,3.475,7,3,0,3,0.19800062315852074
model3d_Cf8_N400_T5_lam15_lam23_h1_cu1_pi16_pi26_e039e6,3d,8.0,fill,279,3.4875,6,3,0,3,0.3924922463237408
model3d_Cf8_N400_T5_lam15_lam23_h1_cu1_pi16_pi26_e039e6,3d,8.0,fill,279,3.4875,7,3,0,3,0.19798654730581688
model3d_Cf8_N400_T5_lam15_lam23_h1_cu1_pi16_pi26_e039e6,3d,8.0,fill,280,3.5,6,3,0,3,0.39249505856207634
model3d_Cf8_N400_T5_lam15_lam23_h1_cu1_pi16_pi26_e039e6,3d,8.0,fill,280,3.5,7,3,0,3,0.19797295108924118
model3d_Cf8_N400_T5_lam15_lam23_h1_cu1_pi16_pi26_e039e6,3d,8.0,fill,281,3.5125,6,3,0,3,0.39249778058993456
model3d_Cf8_N400_T5_lam15_lam23_h1_cu1_pi16_pi26_e039e6,3d,8.0,fill,281,3.5125,7,3,0,3,0.1979598183490623
model3d_Cf8_N400_T5_lam15_lam23_h1_cu1_pi16_pi26_e039e6,3d,8.0,fill,282,3.525,6,3,0,3,0.39250041522228685
model3d_Cf8_N400_T5_lam15_lam23_h1_cu1_pi16_pi26_e039e6,3d,8.0,fill,282,3.525,7,3,0,3,0.19794713346112758
model3d_Cf8_N400_T5_lam15_lam23_h1_cu1_pi16_pi26_e039e6,3d,8.0,fill,283,3.5375,6,3,0,3,0.3925029651895784
model3d_Cf8_N400_T5_lam15_lam23_h1_cu1_pi16_pi26_e039e6,3d,8.0,fill,283,3.5375,7,3,0,3,0.1979348813199806
model3d_Cf8_N400_T5_lam15_lam23_h1_cu1_pi16_pi26_e039e6,3d,8.0,fill,284,3.55,6,3,0,3,0.39250543313971775
model3d_Cf8_N400_T5_lam15_lam23_h1_cu1_pi16_pi26_e039e6,3d,8.0,fill,284,3.55,7,3,0,3,0.19792304732177968
model3d_Cf8_N400_T5_lam15_lam23_h1_cu1_pi16_pi26_e039e6,3d,8.0,fill,285,3.5625,6,3,0,3,0.3925078216406064
model3d_Cf8_N400_T5_lam15_lam23_h1_cu1_pi16_pi26_e039e6,3d,8.0,fill,285,3.5625,7,3,0,3,0.19791161734809748
model3d_Cf8_N400_T5_lam15_lam23_h1_cu1_pi16_pi26_e039e6,3d,8.0,fill,286,3.575,6,3,0,3,0.392510133182725
model3d_Cf8_N400_T5_lam15_lam23_h1_cu1_pi16_pi26_e039e6,3d,8.0,fill,286,3.575,7,3,0,3,0.19790057775014702
model3d_Cf8_N400_T5_lam15_lam23_h1_cu1_pi16_pi26_e039e6,3d,8.0,fill,287,3.5875,6,3,0,3,0.39251237018095253
model3d_Cf8_N400_T5_lam15_lam23_h1_cu1_pi16_pi26_e039e6,3d,8.0,fill,287,3.5875,7,3,0,3,0.1978899153336613
model3d_Cf8_N400_T5_lam15_lam23_h1_cu1_pi16_pi26_e039e6,3d,8.0,fill,288,3.6,6,3,0,3,0.39251453497695366
model3d_Cf8_N400_T5_lam15_lam23_h1_cu1_pi16_pi26_e039e6,3d,8.0,fill,288,3.6,7,3,0,3,0.19787961734380133
model3d_Cf8_N400_T5_lam15_lam23_h1_cu1_pi16_pi26_e039e6,3d,8.0,fill,289,3.6125,6,3,0,3,0.39251662984122504
model3d_Cf8_N400_T5_lam15_lam23_h1_cu1_pi16_pi26_e039e6,3d,8.0,fill,289,3.6125,7,3,0,3,0.19786967145120116
model3d_Cf8_N400_T5_lam15_lam23_h1_cu1_pi16_pi26_e039e6,3d,8.0,fill,290,3.625,6,3,0,3,0.39251865697514177
model3d_Cf8_N400_T5_lam15_lam23_h1_cu1_pi16_pi26_e039e6,3d,8.0,fill,290,3.625,7,3,0,3,0.19786006573747272
model3d_Cf8_N400_T5_lam15_lam23_h1_cu1_pi16_pi26_e039e6,3d,8.0,fill,291,3.6375,6,3,0,3,0.3925206185131742
model3d_Cf8_N400_T5_lam15_lam23_h1_cu1_pi16_pi26_e039e6,3d,8.0,fill,291,3.6375,7,3,0,3,0.19785078868261508
model3d_Cf8_N400_T5_lam15_lam23_h1_cu1_pi16_pi26_e039e6,3d,8.0,fill,292,3.65,6,3,0,3,0.39252251652447967
model3d_Cf8_N400_T5_lam15_lam23_h1_cu1_pi16_pi26_e039e6,3d,8.0,fill,292,3.65,7,3,0,3,0.1978418291510593
model3d_Cf8_N400_T5_lam15_lam23_h1_cu1_pi16_pi26_e039e6,3d,8.0,fill,293,3.6625,6,3,0,3,0.39252435301500554
model3d_Cf8_N400_T5_lam15_lam23_h1_cu1_pi16_pi26_e039e6,3d,8.0,fill,293,3.6625,7,3,0,3,0.1978331763798451
model3d_Cf8_N400_T5_lam15_lam23_h1_cu1_pi16_pi26_e039e6,3d,8.0,fill,294,3.675,6,3,0,3,0.3925261299293652
model3d_Cf8_N400_T5_lam15_lam23_h1_cu1_pi16_pi26_e039e6,3d,8.0,fill,294,3.675,7,3,0,3,0.197824819965831
model3d_Cf8_N400_T5_lam15_lam23_h1_cu1_pi16_pi26_e039e6,3d,8.0,fill,295,3.6875,6,3,0,3,0.392527849152259
model3d_Cf8_N400_T5_lam15_lam23_h1_cu1_pi16_pi26_e039e6,3d,8.0,fill,295,3.6875,7,3,0,3,0.19781674985421205
model3d_Cf8_N400_T5_lam15_lam23_h1_cu1_pi16_pi26_e039e6,3d,8.0,fill,296,3.7,6,3,0,3,0.39252951251097556
model3d_Cf8_N400_T5_lam15_lam23_h1_cu1_pi16_pi26_e039e6,3d,8.0,fill,296,3.7,7,3,0,3,0.1978089563268668
model3d_Cf8_N400_T5_lam15_lam23_h1_cu1_pi16_pi26_e039e6,3d,8.0,fill,297,3.7125,6,3,0,3,0.39253112177624416
model3d_Cf8_N400_T5_lam15_lam23_h1_cu1_pi16_pi26_e039e6,3d,8.0,fill,297,3.7125,7,3,0,3,0.197801429991614
model3d_Cf8_N400_T5_lam15_lam23_h1_cu1_pi16_pi26_e039e6,3d,8.0,fill,298,3.725,6,3,0,3,0.392532678664395
model3d_Cf8_N400_T5_lam15_lam23_h1_cu1_pi16_pi26_e039e6,3d,8.0,fill,298,3.725,7,3,0,3,0.19779416177095754
model3d_Cf8_N400_T5_lam15_lam23_h1_cu1_pi16_pi26_e039e6,3d,8.0,fill,299,3.7375,6,3,0,3,0.3925341848387802
model3d_Cf8_N400_T5_lam15_lam23_h1_cu1_pi16_pi26_e039e6,3d,8.0,fill,299,3.7375,7,3,0,3,0.19778714289196841
model3d_Cf8_N400_T5_lam15_lam23_h1_cu1_pi16_pi26_e039e6,3d,8.0,fill,300,3.75,6,3,0,3,0.39253564191108126
model3d_Cf8_N400_T5_lam15_lam23_h1_cu1_pi16_pi26_e039e6,3d,8.0,fill,300,3.75,7,3,0,3,0.197780364876337
model3d_Cf8_N400_T5_lam15_lam23_h1_cu1_pi16_pi26_e039e6,3d,8.0,fill,301,3.7625,6,3,0,3,0.3925370514436395
model3d_Cf8_N400_T5_lam15_lam23_h1_cu1_pi16_pi26_e039e6,3d,8.0,fill,301,3.7625,7,3,0,3,0.1977738195304255
model3d_Cf8_N400_T5_lam15_lam23_h1_cu1_pi16_pi26_e039e6,3d,8.0,fill,302,3.775,6,3,0,3,0.39253841494991093
model3d_Cf8_N400_T5_lam15_lam23_h1_cu1_pi16_pi26_e039e6,3d,8.0,fill,302,3.775,7,3,0,3,0.19776749893600254
model3d_Cf8_N400_T5_lam15_lam23_h1_cu1_pi16_pi26_e039e6,3d,8.0,fill,303,3.7875,6,3,0,3,0.3925397338963421
model3d_Cf8_N400_T5_lam15_lam23_h1_cu1_pi16_pi26_e039e6,3d,8.0,fill,303,3.7875,7,3,0,3,0.19776139544103444
model3d_Cf8_N400_T5_lam15_lam23_h1_cu1_pi16_pi26_e039e6,3d,8.0,fill,304,3.8,6,3,0,3,0.39254100970407535
model3d_Cf8_N400_T5_lam15_lam23_h1_cu1_pi16_pi26_e039e6,3d,8.0,fill,304,3.8,7,3,0,3,0.19775550165087452
model3d_Cf8_N400_T5_lam15_lam23_h1_cu1_pi16_pi26_e039e6,3d,8.0,fill,305,3.8125,6,3,0,3,0.39254224374963087
model3d_Cf8_N400_T5_lam15_lam23_h1_cu1_pi16_pi26_e039e6,3d,8.0,fill,305,3.8125,7,3,0,3,0.19774981041979345
model3d_Cf8_N400_T5_lam15_lam23_h1_cu1_pi16_pi26_e039e6,3d,8.0,fill,306,3.825,6,3,0,3,0.3925434373667258
model3d_Cf8_N400_T5_lam15_lam23_h1_cu1_pi16_pi26_e039e6,3d,8.0,fill,306,3.825,7,3,0,3,0.19774431484256638
model3d_Cf8_N400_T5_lam15_lam23_h1_cu1_pi16_pi26_e039e6,3d,8.0,fill,307,3.8375,6,3,0,3,0.3925445918471837
model3d_Cf8_N400_T5_lam15_lam23_h1_cu1_pi16_pi26_e039e6,3d,8.0,fill,307,3.8375,7,3,0,3,0.19773900824668544
model3d_Cf8_N400_T5_lam15_lam23_h1_cu1_pi16_pi26_e039e6,3d,8.0,fill,308,3.85,6,3,0,3,0.3925457084426398
model3d_Cf8_N400_T5_lam15_lam23_h1_cu1_pi16_pi26_e039e6,3d,8.0,fill,308,3.85,7,3,0,3,0.19773388418440163
model3d_Cf8_N400_T5_lam15_lam23_h1_cu1_pi16_pi26_e039e6,3d,8.0,fill,309,3.8625,6,3,0,3,0.39254678836528
model3d_Cf8_N400_T5_lam15_lam23_h1_cu1_pi16_pi26_e039e6,3d,8.0,fill,309,3.8625,7,3,0,3,0.1977289364252215
model3d_Cf8_N400_T5_lam15_lam23_h1_cu1_pi16_pi26_e039e6,3d,8.0,fill,310,3.875,6,3,0,3,0.3925478327890346
model3d_Cf8_N400_T5_lam15_lam23_h1_cu1_pi16_pi26_e039e6,3d,8.0,fill,310,3.875,7,3,0,3,0.19772415894902906
model3d_Cf8_N400_T5_lam15_lam23_h1_cu1_pi16_pi26_e039e6,3d,8.0,fill,311,3.8875,6,3,0,3,0.39254884285099934
model3d_Cf8_N400_T5_lam15_lam23_h1_cu1_pi16_pi26_e039e6,3d,8.0,fill,311,3.8875,7,3,0,3,0.19771954593869623
model3d_Cf8_N400_T5_lam15_lam23_h1_cu1_pi16_pi26_e039e6,3d,8.0,fill,312,3.9,6,3,0,3,0.3925498196522881
model3d_Cf8_N400_T5_lam15_lam23_h1_cu1_pi16_pi26_e039e6,3d,8.0,fill,312,3.9,7,3,0,3,0.19771509177331836
model3d_Cf8_N400_T5_lam15_lam23_h1_cu1_pi16_pi26_e039e6,3d,8.0,fill,313,3.9125,6,3,0,3,0.39255076425928337
model3d_Cf8_N400_T5_lam15_lam23_h1_cu1_pi16_pi26_e039e6,3d,8.0,fill,313,3.9125,7,3,0,3,0.19771079102184785
model3d_Cf8_N400_T5_lam15_lam23_h1_cu1_pi16_pi26_e039e6,3d,8.0,fill,314,3.925,6,3,0,3,0.3925516777043754
model3d_Cf8_N400_T5_lam15_lam23_h1_cu1_pi16_pi26_e039e6,3d,8.0,fill,314,3.925,7,3,0,3,0.1977066384367845
model3d_Cf8_N400_T5_lam15_lam23_h1_cu1_pi16_pi26_e039e6,3d,8.0,fill,315,3.9375,6,3,0,3,0.3925525609872693
model3d_Cf8_N400_T5_lam15_lam23_h1_cu1_pi16_pi26_e039e6,3d,8.0,fill,315,3.9375,7,3,0,3,0.1977026289476953
model3d_Cf8_N400_T5_lam15_lam23_h1_cu1_pi16_pi26_e039e6,3d,8.0,fill,316,3.95,6,3,0,3,0.39255341507555386
model3d_Cf8_N400_T5_lam15_lam23_h1_cu1_pi16_pi26_e039e6,3d,8.0,fill,316,3.95,7,3,0,3,0.19769875765553024
model3d_Cf8_N400_T5_lam15_lam23_h1_cu1_pi16_pi26_e039e6,3d,8.0,fill,317,3.9625,6,3,0,3,0.3925542409062359
model3d_Cf8_N400_T5_lam15_lam23_h1_cu1_pi16_pi26_e039e6,3d,8.0,fill,317,3.9625,7,3,0,3,0.19769501982688098
model3d_Cf8_N400_T5_lam15_lam23_h1_cu1_pi16_pi26_e039e6,3d,8.0,fill,318,3.975,6,3,0,3,0.39255503938625225
model3d_Cf8_N400_T5_lam15_lam23_h1_cu1_pi16_pi26_e039e6,3d,8.0,fill,318,3.975,7,3,0,3,0.19769141088823972
model3d_Cf8_N400_T5_lam15_lam23_h1_cu1_pi16_pi26_e039e6,3d,8.0,fill,319,3.9875,6,3,0,3,0.3925558113932084
model3d_Cf8_N400_T5_lam15_lam23_h1_cu1_pi16_pi26_e039e6,3d,8.0,fill,319,3.9875,7,3,0,3,0.19768792642082644
model3d_Cf8_N400_T5_lam15_lam23_h1_cu1_pi16_pi26_e039e6,3d,8.0,fill,320,4.0,6,3,0,3,0.39255655777662923
model3d_Cf8_N400_T5_lam15_lam23_h1_cu1_pi16_pi26_e039e6,3d,8.0,fill,320,4.0,7,3,0,3,0.19768456215513197
model3d_Cf8_N400_T5_lam15_lam23_h1_cu1_pi16_pi26_e039e6,3d,8.0,fill,321,4.0125,6,3,0,3,0.392557279358698
model3d_Cf8_N400_T5_lam15_lam23_h1_cu1_pi16_pi26_e039e6,3d,8.0,fill,321,4.0125,7,3,0,3,0.19768131396637045
model3d_Cf8_N400_T5_lam15_lam23_h1_cu1_pi16_pi26_e039e6,3d,8.0,fill,322,4.025,6,3,0,3,0.3925579769345404
model3d_Cf8_N400_T5_lam15_lam23_h1_cu1_pi16_pi26_e039e6,3d,8.0,fill,322,4.025,7,3,0,3,0.19767817786902242
model3d_Cf8_N400_T5_lam15_lam23_h1_cu1_pi16_pi26_e039e6,3d,8.0,fill,323,4.0375,6,3,0,3,0.39255865127375955
model3d_Cf8_N400_T5_lam15_lam23_h1_cu1_pi16_pi26_e039e6,3d,8.0,fill,323,4.0375,7,3,0,3,0.19767515001257152
model3d_Cf8_N400_T5_lam15_lam23_h1_cu1_pi16_pi26_e039e6,3d,8.0,fill,324,4.05,6,3,0,3,0.3925593031208905
model3d_Cf8_N400_T5_lam15_lam23_h1_cu1_pi16_pi26_e039e6,3d,8.0,fill,324,4.05,7,3,0,3,0.19767222667644546
model3d_Cf8_N400_T5_lam15_lam23_h1_cu1_pi16_pi26_e039e6,3d,8.0,fill,325,4.0625,6,3,0,3,0.3925599331959688
model3d_Cf8_N400_T5_lam15_lam23_h1_cu1_pi16_pi26_e039e6,3d,8.0,fill,325,4.0625,7,3,0,3,0.19766940426615065
model3d_Cf8_N400_T5_lam15_lam23_h1_cu1_pi16_pi26_e039e6,3d,8.0,fill,326,4.075,6,3,0,3,0.39256054219532643
model3d_Cf8_N400_T5_lam15_lam23_h1_cu1_pi16_pi26_e039e6,3d,8.0,fill,326,4.075,7,3,0,3,0.19766667930872472
model3d_Cf8_N400_T5_lam15_lam23_h1_cu1_pi16_pi26_e039e6,3d,8.0,fill,327,4.0875,6,3,0,3,0.3925611307923873
model3d_Cf8_N400_T5_lam15_lam23_h1_cu1_pi16_pi26_e039e6,3d,8.0,fill,327,4.0875,7,3,0,3,0.19766404844870067
model3d_Cf8_N400_T5_lam15_lam23_h1_cu1_pi16_pi26_e039e6,3d,8.0,fill,328,4.1,6,3,0,3,0.3925616996381791
model3d_Cf8_N400_T5_lam15_lam23_h1_cu1_pi16_pi26_e039e6,3d,8.0,fill,328,4.1,7,3,0,3,0.19766150844384356
model3d_Cf8_N400_T5_lam15_lam23_h1_cu1_pi16_pi26_e039e6,3d,8.0,fill,329,4.1125,6,3,0,3,0.3925622493620722
model3d_Cf8_N400_T5_lam15_lam23_h1_cu1_pi16_pi26_e039e6,3d,8.0,fill,329,4.1125,7,3,0,3,0.19765905616185364
model3d_Cf8_N400_T5_lam15_lam23_h1_cu1_pi16_pi26_e039e6,3d,8.0,fill,330,4.125,6,3,0,3,0.3925627805721774
model3d_Cf8_N400_T5_lam15_lam23_h1_cu1_pi16_pi26_e039e6,3d,8.0,fill,330,4.125,7,3,0,3,0.1976566885758757
model3d_Cf8_N400_T5_lam15_lam23_h1_cu1_pi16_pi26_e039e6,3d,8.0,fill,331,4.1375,6,3,0,3,0.39256329385636946
model3d_Cf8_N400_T5_lam15_lam23_h1_cu1_pi16_pi26_e039e6,3d,8.0,fill,331,4.1375,7,3,0,3,0.1976544027616569
model3d_Cf8_N400_T5_lam15_lam23_h1_cu1_pi16_pi26_e039e6,3d,8.0,fill,332,4.15,6,3,0,3,0.39256378978262774
model3d_Cf8_N400_T5_lam15_lam23_h1_cu1_pi16_pi26_e039e6,3d,8.0,fill,332,4.15,7,3,0,3,0.1976521958935109
model3d_Cf8_N400_T5_lam15_lam23_h1_cu1_pi16_pi26_e039e6,3d,8.0,fill,333,4.1625,6,3,0,3,0.3925642688992639
model3d_Cf8_N400_T5_lam15_lam23_h1_cu1_pi16_pi26_e039e6,3d,8.0,fill,333,4.1625,7,3,0,3,0.19765006524107775
model3d_Cf8_N400_T5_lam15_lam23_h1_cu1_pi16_pi26_e039e6,3d,8.0,fill,334,4.175,6,3,0,3,0.39256473173594486
model3d_Cf8_N400_T5_lam15_lam23_h1_cu1_pi16_pi26_e039e6,3d,8.0,fill,334,4.175,7,3,0,3,0.19764800816608386
model3d_Cf8_N400_T5_lam15_lam23_h1_cu1_pi16_pi26_e039e6,3d,8.0,fill,335,4.1875,6,3,0,3,0.3925651788040341
model3d_Cf8_N400_T5_lam15_lam23_h1_cu1_pi16_pi26_e039e6,3d,8.0,fill,335,4.1875,7,3,0,3,0.19764602211921556
model3d_Cf8_N400_T5_lam15_lam23_h1_cu1_pi16_pi26_e039e6,3d,8.0,fill,336,4.2,6,3,0,3,0.39256561059710293
model3d_Cf8_N400_T5_lam15_lam23_h1_cu1_pi16_pi26_e039e6,3d,8.0,fill,336,4.2,7,3,0,3,0.19764410463682225
model3d_Cf8_N400_T5_lam15_lam23_h1_cu1_pi16_pi26_e039e6,3d,8.0,fill,337,4.2125,6,3,0,3,0.39256602759121506
model3d_Cf8_N400_T5_lam15_lam23_h1_cu1_pi16_pi26_e039e6,3d,8.0,fill,337,4.2125,7,3,0,3,0.1976422533383584
model3d_Cf8_N400_T5_lam15_lam23_h1_cu1_pi16_pi26_e039e6,3d,8.0,fill,338,4.225,6,3,0,3,0.39256643024572213
model3d_Cf8_N400_T5_lam15_lam23_h1_cu1_pi16_pi26_e039e6,3d,8.0,fill,338,4.225,7,3,0,3,0.1976404659230866
model3d_Cf8_N400_T5_lam15_lam23_h1_cu1_pi16_pi26_e039e6,3d,8.0,fill,339,4.2375,6,3,0,3,0.39256681900326384
model3d_Cf8_N400_T5_lam15_lam23_h1_cu1_pi16_pi26_e039e6,3d,8.0,fill,339,4.2375,7,3,0,3,0.1976387401675197
model3d_Cf8_N400_T5_lam15_lam23_h1_cu1_pi16_pi26_e039e6,3d,8.0,fill,340,4.25,6,3,0,3,0.3925671942907911
model3d_Cf8_N400_T5_lam15_lam23_h1_cu1_pi16_pi26_e039e6,3d,8.0,fill,340,4.25,7,3,0,3,0.19763707392252172
model3d_Cf8_N400_T5_lam15_lam23_h1_cu1_pi16_pi26_e039e6,3d,8.0,fill,341,4.2625,6,3,0,3,0.39256755651939557
model3d_Cf8_N400_T5_lam15_lam23_h1_cu1_pi16_pi26_e039e6,3d,8.0,fill,341,4.2625,7,3,0,3,0.19763546511103414
model3d_Cf8_N400_T5_lam15_lam23_h1_cu1_pi16_pi26_e039e6,3d,8.0,fill,342,4.275,6,3,0,3,0.39256790608504843
model3d_Cf8_N400_T5_lam15_lam23_h1_cu1_pi16_pi26_e039e6,3d,8.0,fill,342,4.275,7,3,0,3,0.19763391172517686
model3d_Cf8_N400_T5_lam15_lam23_h1_cu1_pi16_pi26_e039e6,3d,8.0,fill,343,4.2875,6,3,0,3,0.3925682433686575
model3d_Cf8_N400_T5_lam15_lam23_h1_cu1_pi16_pi26_e039e6,3d,8.0,fill,343,4.2875,7,3,0,3,0.19763241182425872
model3d_Cf8_N400_T5_lam15_lam23_h1_cu1_pi16_pi26_e039e6,3d,8.0,fill,344,4.3,6,3,0,3,0.3925685687368059
model3d_Cf8_N400_T5_lam15_lam23_h1_cu1_pi16_pi26_e039e6,3d,8.0,fill,344,4.3,7,3,0,3,0.19763096353187848
model3d_Cf8_N400_T5_lam15_lam23_h1_cu1_pi16_pi26_e039e6,3d,8.0,fill,345,4.3125,6,3,0,3,0.39256888254186606
model3d_Cf8_N400_T5_lam15_lam23_h1_cu1_pi16_pi26_e039e6,3d,8.0,fill,345,4.3125,7,3,0,3,0.1976295650338784
model3d_Cf8_N400_T5_lam15_lam23_h1_cu1_pi16_pi26_e039e6,3d,8.0,fill,346,4.325,6,3,0,3,0.39256918512228367
model3d_Cf8_N400_T5_lam15_lam23_h1_cu1_pi16_pi26_e039e6,3d,8.0,fill,346,4.325,7,3,0,3,0.19762821457624113
model3d_Cf8_N400_T5_lam15_lam23_h1_cu1_pi16_pi26_e039e6,3d,8.0,fill,347,4.3375,6,3,0,3,0.39256947680303256
model3d_Cf8_N400_T5_lam15_lam23_h1_cu1_pi16_pi26_e039e6,3d,8.0,fill,347,4.3375,7,3,0,3,0.1976269104627022
model3d_Cf8_N400_T5_lam15_lam23_h1_cu1_pi16_pi26_e039e6,3d,8.0,fill,348,4.35,6,3,0,3,0.39256975789561466
model3d_Cf8_N400_T5_lam15_lam23_h1_cu1_pi16_pi26_e039e6,3d,8.0,fill,348,4.35,7,3,0,3,0.1976256510529879
model3d_Cf8_N400_T5_lam15_lam23_h1_cu1_pi16_pi26_e039e6,3d,8.0,fill,349,4.3625,6,3,0,3,0.3925700286988558
model3d_Cf8_N400_T5_lam15_lam23_h1_cu1_pi16_pi26_e039e6,3d,8.0,fill,349,4.3625,7,3,0,3,0.19762443476014369
model3d_Cf8_N400_T5_lam15_lam23_h1_cu1_pi16_pi26_e039e6,3d,8.0,fill,350,4.375,6,3,0,3,0.39257028949867845
model3d_Cf8_N400_T5_lam15_lam23_h1_cu1_pi16_pi26_e039e6,3d,8.0,fill,350,4.375,7,3,0,3,0.19762326004928354
model3d_Cf8_N400_T5_lam15_lam23_h1_cu1_pi16_pi26_e039e6,3d,8.0,fill,351,4.3875,6,3,0,3,0.39257054056844254
model3d_Cf8_N400_T5_lam15_lam23_h1_cu1_pi16_pi26_e039e6,3d,8.0,fill,351,4.3875,7,3,0,3,0.1976221254351458
model3d_Cf8_N400_T5_lam15_lam23_h1_cu1_pi16_pi26_e039e6,3d,8.0,fill,352,4.4,6,3,0,3,0.39257078216928676
model3d_Cf8_N400_T5_lam15_lam23_h1_cu1_pi16_pi26_e039e6,3d,8.0,fill,352,4.4,7,3,0,3,0.19762102948084248
model3d_Cf8_N400_T5_lam15_lam23_h1_cu1_pi16_pi26_e039e6,3d,8.0,fill,353,4.4125,6,3,0,3,0.39257101455052634
model3d_Cf8_N400_T5_lam15_lam23_h1_cu1_pi16_pi26_e039e6,3d,8.0,fill,353,4.4125,7,3,0,3,0.19761997079541516
model3d_Cf8_N400_T5_lam15_lam23_h1_cu1_pi16_pi26_e039e6,3d,8.0,fill,354,4.425,6,3,0,3,0.39257123794931204
model3d_Cf8_N400_T5_lam15_lam23_h1_cu1_pi16_pi26_e039e6,3d,8.0,fill,354,4.425,7,3,0,3,0.19761894803230007
model3d_Cf8_N400_T5_lam15_lam23_h1_cu1_pi16_pi26_e039e6,3d,8.0,fill,355,4.4375,6,3,0,3,0.39257145259125537
model3d_Cf8_N400_T5_lam15_lam23_h1_cu1_pi16_pi26_e039e6,3d,8.0,fill,355,4.4375,7,3,0,3,0.1976179598879071
model3d_Cf8_N400_T5_lam15_lam23_h1_cu1_pi16_pi26_e039e6,3d,8.0,fill,356,4.45,6,3,0,3,0.39257165869054234
model3d_Cf8_N400_T5_lam15_lam23_h1_cu1_pi16_pi26_e039e6,3d,8.0,fill,356,4.45,7,3,0,3,0.1976170050996302
model3d_Cf8_N400_T5_lam15_lam23_h1_cu1_pi16_pi26_e039e6,3d,8.0,fill,357,4.4625,6,3,0,3,0.3925718564498766
model3d_Cf8_N400_T5_lam15_lam23_h1_cu1_pi16_pi26_e039e6,3d,8.0,fill,357,4.4625,7,3,0,3,0.1976160824445401
model3d_Cf8_N400_T5_lam15_lam23_h1_cu1_pi16_pi26_e039e6,3d,8.0,fill,358,4.475,6,3,0,3,0.39257204606087726
model3d_Cf8_N400_T5_lam15_lam23_h1_cu1_pi16_pi26_e039e6,3d,8.0,fill,358,4.475,7,3,0,3,0.19761519073728095
model3d_Cf8_N400_T5_lam15_lam23_h1_cu1_pi16_pi26_e039e6,3d,8.0,fill,359,4.4875,6,3,0,3,0.3925722277041359
model3d_Cf8_N400_T5_lam15_lam23_h1_cu1_pi16_pi26_e039e6,3d,8.0,fill,359,4.4875,7,3,0,3,0.1976143288293315
model3d_Cf8_N400_T5_lam15_lam23_h1_cu1_pi16_pi26_e039e6,3d,8.0,fill,360,4.5,6,3,0,3,0.39257240154904594
model3d_Cf8_N400_T5_lam15_lam23_h1_cu1_pi16_pi26_e039e6,3d,8.0,fill,360,4.5,7,3,0,3,0.1976134956070723
model3d_Cf8_N400_T5_lam15_lam23_h1_cu1_pi16_pi26_e039e6,3d,8.0,fill,361,4.5125,6,3,0,3,0.39257256775442784
model3d_Cf8_N400_T5_lam15_lam23_h1_cu1_pi16_pi26_e039e6,3d,8.0,fill,361,4.5125,7,3,0,3,0.1976126899903079
model3d_Cf8_N400_T5_lam15_lam23_h1_cu1_pi16_pi26_e039e6,3d,8.0,fill,362,4.525,6,3,0,3,0.39257272646824504
model3d_Cf8_N400_T5_lam15_lam23_h1_cu1_pi16_pi26_e039e6,3d,8.0,fill,362,4.525,7,3,0,3,0.19761191093101615
model3d_Cf8_N400_T5_lam15_lam23_h1_cu1_pi16_pi26_e039e6,3d,8.0,fill,363,4.5375,6,3,0,3,0.39257287782760386
model3d_Cf8_N400_T5_lam15_lam23_h1_cu1_pi16_pi26_e039e6,3d,8.0,fill,363,4.5375,7,3,0,3,0.19761115741192725
model3d_Cf8_N400_T5_lam15_lam23_h1_cu1_pi16_pi26_e039e6,3d,8.0,fill,364,4.55,6,3,0,3,0.3925730219590946
model3d_Cf8_N400_T5_lam15_lam23_h1_cu1_pi16_pi26_e039e6,3d,8.0,fill,364,4.55,7,3,0,3,0.19761042844521626
model3d_Cf8_N400_T5_lam15_lam23_h1_cu1_pi16_pi26_e039e6,3d,8.0,fill,365,4.5625,6,3,0,3,0.392573158978621
model3d_Cf8_N400_T5_lam15_lam23_h1_cu1_pi16_pi26_e039e6,3d,8.0,fill,365,4.5625,7,3,0,3,0.19760972307108204
model3d_Cf8_N400_T5_lam15_lam23_h1_cu1_pi16_pi26_e039e6,3d,8.0,fill,366,4.575,6,3,0,3,0.39257328899174126
model3d_Cf8_N400_T5_lam15_lam23_h1_cu1_pi16_pi26_e039e6,3d,8.0,fill,366,4.575,7,3,0,3,0.19760904035689464
model3d_Cf8_N400_T5_lam15_lam23_h1_cu1_pi16_pi26_e039e6,3d,8.0,fill,367,4.5875,6,3,0,3,0.3925734120930997
model3d_Cf8_N400_T5_lam15_lam23_h1_cu1_pi16_pi26_e039e6,3d,8.0,fill,367,4.5875,7,3,0,3,0.19760837939537623
model3d_Cf8_N400_T5_lam15_lam23_h1_cu1_pi16_pi26_e039e6,3d,8.0,fill,368,4.6,6,3,0,3,0.39257352836705195
model3d_Cf8_N400_T5_lam15_lam23_h1_cu1_pi16_pi26_e039e6,3d,8.0,fill,368,4.6,7,3,0,3,0.1976077393036917
model3d_Cf8_N400_T5_lam15_lam23_h1_cu1_pi16_pi26_e039e6,3d,8.0,fill,369,4.6125,6,3,0,3,0.39257363788726707
model3d_Cf8_N400_T5_lam15_lam23_h1_cu1_pi16_pi26_e039e6,3d,8.0,fill,369,4.6125,7,3,0,3,0.19760711922242535
model3d_Cf8_N400_T5_lam15_lam23_h1_cu1_pi16_pi26_e039e6,3d,8.0,fill,370,4.625,6,3,0,3,0.39257374071684126
model3d_Cf8_N400_T5_lam15_lam23_h1_cu1_pi16_pi26_e039e6,3d,8.0,fill,370,4.625,7,3,0,3,0.19760651831415998
model3d_Cf8_N400_T5_lam15_lam23_h1_cu1_pi16_pi26_e039e6,3d,8.0,fill,371,4.6375,6,3,0,3,0.3925738369081273
model3d_Cf8_N400_T5_lam15_lam23_h1_cu1_pi16_pi26_e039e6,3d,8.0,fill,371,4.6375,7,3,0,3,0.19760593576222618
model3d_Cf8_N400_T5_lam15_lam23_h1_cu1_pi16_pi26_e039e6,3d,8.0,fill,372,4.65,6,3,0,3,0.39257392650279144
model3d_Cf8_N400_T5_lam15_lam23_h1_cu1_pi16_pi26_e039e6,3d,8.0,fill,372,4.65,7,3,0,3,0.19760537076984974
model3d_Cf8_N400_T5_lam15_lam23_h1_cu1_pi16_pi26_e039e6,3d,8.0,fill,373,4.6625,6,3,0,3,0.3925740095317565
model3d_Cf8_N400_T5_lam15_lam23_h1_cu1_pi16_pi26_e039e6,3d,8.0,fill,373,4.6625,7,3,0,3,0.19760482255912848
model3d_Cf8_N400_T5_lam15_lam23_h1_cu1_pi16_pi26_e039e6,3d,8.0,fill,374,4.675,6,3,0,3,0.392574086015145
model3d_Cf8_N400_T5_lam15_lam23_h1_cu1_pi16_pi26_e039e6,3d,8.0,fill,374,4.675,7,3,0,3,0.19760429036966798
model3d_Cf8_N400_T5_lam15_lam23_h1_cu1_pi16_pi26_e039e6,3d,8.0,fill,375,4.6875,6,3,0,3,0.3925741559619951
model3d_Cf8_N400_T5_lam15_lam23_h1_cu1_pi16_pi26_e039e6,3d,8.0,fill,375,4.6875,7,3,0,3,0.1976037734576721
model3d_Cf8_N400_T5_lam15_lam23_h1_cu1_pi16_pi26_e039e6,3d,8.0,fill,376,4.7,6,3,0,3,0.3925742193702604
model3d_Cf8_N400_T5_lam15_lam23_h1_cu1_pi16_pi26_e039e6,3d,8.0,fill,376,4.7,7,3,0,3,0.1976032710947493
model3d_Cf8_N400_T5_lam15_lam23_h1_cu1_pi16_pi26_e039e6,3d,8.0,fill,377,4.7125,6,3,0,3,0.3925742762266964
model3d_Cf8_N400_T5_lam15_lam23_h1_cu1_pi16_pi26_e039e6,3d,8.0,fill,377,4.7125,7,3,0,3,0.19760278256717356
model3d_Cf8_N400_T5_lam15_lam23_h1_cu1_pi16_pi26_e039e6,3d,8.0,fill,378,4.725,6,3,0,3,0.3925743265068036
model3d_Cf8_N400_T5_lam15_lam23_h1_cu1_pi16_pi26_e039e6,3d,8.0,fill,378,4.725,7,3,0,3,0.197602307174634
model3d_Cf8_N400_T5_lam15_lam23_h1_cu1_pi16_pi26_e039e6,3d,8.0,fill,379,4.7375,6,3,0,3,0.392574370174259
model3d_Cf8_N400_T5_lam15_lam23_h1_cu1_pi16_pi26_e039e6,3d,8.0,fill,379,4.7375,7,3,0,3,0.19760184422921157
model3d_Cf8_N400_T5_lam15_lam23_h1_cu1_pi16_pi26_e039e6,3d,8.0,fill,380,4.75,6,3,0,3,0.3925744071813142
model3d_Cf8_N400_T5_lam15_lam23_h1_cu1_pi16_pi26_e039e6,3d,8.0,fill,380,4.75,7,3,0,3,0.19760139305469693
model3d_Cf8_N400_T5_lam15_lam23_h1_cu1_pi16_pi26_e039e6,3d,8.0,fill,381,4.7625,6,3,0,3,0.3925744374681699
model3d_Cf8_N400_T5_lam15_lam23_h1_cu1_pi16_pi26_e039e6,3d,8.0,fill,381,4.7625,7,3,0,3,0.1976009529849989
model3d_Cf8_N400_T5_lam15_lam23_h1_cu1_pi16_pi26_e039e6,3d,8.0,fill,382,4.775,6,3,0,3,0.3925744609628623
model3d_Cf8_N400_T5_lam15_lam23_h1_cu1_pi16_pi26_e039e6,3d,8.0,fill,382,4.775,7,3,0,3,0.19760052336386025
model3d_Cf8_N400_T5_lam15_lam23_h1_cu1_pi16_pi26_e039e6,3d,8.0,fill,383,4.7875,6,3,0,3,0.3925744775811495
model3d_Cf8_N400_T5_lam15_lam23_h1_cu1_pi16_pi26_e039e6,3d,8.0,fill,383,4.7875,7,3,0,3,0.1976001035434365
model3d_Cf8_N400_T5_lam15_lam23_h1_cu1_pi16_pi26_e039e6,3d,8.0,fill,384,4.8,6,3,0,3,0.39257448722628396
model3d_Cf8_N400_T5_lam15_lam23_h1_cu1_pi16_pi26_e039e6,3d,8.0,fill,384,4.8,7,3,0,3,0.19759969288338652
model3d_Cf8_N400_T5_lam15_lam23_h1_cu1_pi16_pi26_e039e6,3d,8.0,fill,385,4.8125,6,3,0,3,0.3925744897885579
model3d_Cf8_N400_T5_lam15_lam23_h1_cu1_pi16_pi26_e039e6,3d,8.0,fill,385,4.8125,7,3,0,3,0.19759929075019045
model3d_Cf8_N400_T5_lam15_lam23_h1_cu1_pi16_pi26_e039e6,3d,8.0,fill,386,4.825,6,3,0,3,0.39257448514507587
model3d_Cf8_N400_T5_lam15_lam23_h1_cu1_pi16_pi26_e039e6,3d,8.0,fill,386,4.825,7,3,0,3,0.19759889651589901
model3d_Cf8_N400_T5_lam15_lam23_h1_cu1_pi16_pi26_e039e6,3d,8.0,fill,387,4.8375,6,3,0,3,0.39257447315969785
model3d_Cf8_N400_T5_lam15_lam23_h1_cu1_pi16_pi26_e039e6,3d,8.0,fill,387,4.8375,7,3,0,3,0.19759850955728098
model3d_Cf8_N400_T5_lam15_lam23_h1_cu1_pi16_pi26_e039e6,3d,8.0,fill,388,4.85,6,3,0,3,0.3925744536823572
model3d_Cf8_N400_T5_lam15_lam23_h1_cu1_pi16_pi26_e039e6,3d,8.0,fill,388,4.85,7,3,0,3,0.19759812925474307
model3d_Cf8_N400_T5_lam15_lam23_h1_cu1_pi16_pi26_e039e6,3d,8.0,fill,389,4.8625,6,3,0,3,0.3925744265490039
model3d_Cf8_N400_T5_lam15_lam23_h1_cu1_pi16_pi26_e039e6,3d,8.0,fill,389,4.8625,7,3,0,3,0.19759775499187526
model3d_Cf8_N400_T5_lam15_lam23_h1_cu1_pi16_pi26_e039e6,3d,8.0,fill,390,4.875,6,3,0,3,0.39257439158132
model3d_Cf8_N400_T5_lam15_lam23_h1_cu1_pi16_pi26_e039e6,3d,8.0,fill,390,4.875,7,3,0,3,0.1975973861538023
model3d_Cf8_N400_T5_lam15_lam23_h1_cu1_pi16_pi26_e039e6,3d,8.0,fill,391,4.8875,6,3,0,3,0.39257434858598117
model3d_Cf8_N400_T5_lam15_lam23_h1_cu1_pi16_pi26_e039e6,3d,8.0,fill,391,4.8875,7,3,0,3,0.19759702212661523
model3d_Cf8_N400_T5_lam15_lam23_h1_cu1_pi16_pi26_e039e6,3d,8.0,fill,392,4.9,6,3,0,3,0.39257429735459937
model3d_Cf8_N400_T5_lam15_lam23_h1_cu1_pi16_pi26_e039e6,3d,8.0,fill,392,4.9,7,3,0,3,0.19759666229651884
model3d_Cf8_N400_T5_lam15_lam23_h1_cu1_pi16_pi26_e039e6,3d,8.0,fill,393,4.9125,6,3,0,3,0.3925742376633252
model3d_Cf8_N400_T5_lam15_lam23_h1_cu1_pi16_pi26_e039e6,3d,8.0,fill,393,4.9125,7,3,0,3,0.19759630604869471
model3d_Cf8_N400_T5_lam15_lam23_h1_cu1_pi16_pi26_e039e6,3d,8.0,fill,394,4.925,6,3,0,3,0.39257416927205213
model3d_Cf8_N400_T5_lam15_lam23_h1_cu1_pi16_pi26_e039e6,3d,8.0,fill,394,4.925,7,3,0,3,0.19759595276627806
model3d_Cf8_N400_T5_lam15_lam23_h1_cu1_pi16_pi26_e039e6,3d,8.0,fill,395,4.9375,6,3,0,3,0.39257409192464365
model3d_Cf8_N400_T5_lam15_lam23_h1_cu1_pi16_pi26_e039e6,3d,8.0,fill,395,4.9375,7,3,0,3,0.19759560182956193
model3d_Cf8_N400_T5_lam15_lam23_h1_cu1_pi16_pi26_e039e6,3d,8.0,fill,396,4.95,6,3,0,3,0.39257400534756925
model3d_Cf8_N400_T5_lam15_lam23_h1_cu1_pi16_pi26_e039e6,3d,8.0,fill,396,4.95,7,3,0,3,0.19759525261486033
model3d_Cf8_N400_T5_lam15_lam23_h1_cu1_pi16_pi26_e039e6,3d,8.0,fill,397,4.9625,6,3,0,3,0.39257390925035907
model3d_Cf8_N400_T5_lam15_lam23_h1_cu1_pi16_pi26_e039e6,3d,8.0,fill,397,4.9625,7,3,0,3,0.19759490449388295
model3d_Cf8_N400_T5_lam15_lam23_h1_cu1_pi16_pi26_e039e6,3d,8.0,fill,398,4.975,6,3,0,3,0.3925738033243533
model3d_Cf8_N400_T5_lam15_lam23_h1_cu1_pi16_pi26_e039e6,3d,8.0,fill,398,4.975,7,3,0,3,0.1975945568322004
model3d_Cf8_N400_T5_lam15_lam23_h1_cu1_pi16_pi26_e039e6,3d,8.0,fill,399,4.9875,6,3,0,3,0.39257368724281605
model3d_Cf8_N400_T5_lam15_lam23_h1_cu1_pi16_pi26_e039e6,3d,8.0,fill,399,4.9875,7,3,0,3,0.19759420898850522
model3d_Cf8_N400_T5_lam15_lam23_h1_cu1_pi16_pi26_e039e6,3d,8.0,fill,400,5.0,6,3,0,3,0.3925735606599119
model3d_Cf8_N400_T5_lam15_lam23_h1_cu1_pi16_pi26_e039e6,3d,8.0,fill,400,5.0,7,3,0,3,0.19759386031387294
model3d_Cf8_N400_T5_lam15_lam23_h1_cu1_pi16_pi26_e039e6,3d,8.0,remove,46,0.575,5,3,3,0,0.04999715157643081
model3d_Cf8_N400_T5_lam15_lam23_h1_cu1_pi16_pi26_e039e6,3d,8.0,remove,46,0.575,6,3,3,0,0.012098257506423238
model3d_Cf8_N400_T5_lam15_lam23_h1_cu1_pi16_pi26_e039e6,3d,8.0,remove,71,0.8875,3,3,3,0,0.0779850228700596
model3d_Cf8_N400_T5_lam15_lam23_h1_cu1_pi16_pi26_e039e6,3d,8.0,remove,71,0.8875,4,3,3,0,0.1892107076304015
model3d_Cf8_N400_T5_lam15_lam23_h1_cu1_pi16_pi26_e039e6,3d,8.0,remove,71,0.8875,5,3,3,0,0.08081425425282163
model3d_Cf8_N400_T5_lam15_lam23_h1_cu1_pi16_pi26_e039e6,3d,8.0,remove,71,0.8875,6,3,3,0,0.009238045494374347
model3d_Cf8_N400_T5_lam15_lam23_h1_cu1_pi16_pi26_e039e6,3d,8.0,remove,72,0.9,3,3,3,0,0.1492398641738113
model3d_Cf8_N400_T5_lam15_lam23_h1_cu1_pi16_pi26_e039e6,3d,8.0,remove,72,0.9,4,3,3,0,0.3620481313192556
model3d_Cf8_N400_T5_lam15_lam23_h1_cu1_pi16_pi26_e039e6,3d,8.0,remove,72,0.9,5,3,3,0,0.15923860161815995
model3d_Cf8_N400_T5_lam15_lam23_h1_cu1_pi16_pi26_e039e6,3d,8.0,remove,72,0.9,6,3,3,0,0.017812106271492212
model3d_Cf8_N400_T5_lam15_lam23_h1_cu1_pi16_pi26_e039e6,3d,8.0,remove,73,0.9125,3,3,3,0,0.21440595470041046
model3d_Cf8_N400_T5_lam15_lam23_h1_cu1_pi16_pi26_e039e6,3d,8.0,remove,73,0.9125,4,3,3,0,0.5199113420845762
model3d_Cf8_N400_T5_lam15_lam23_h1_cu1_pi16_pi26_e039e6,3d,8.0,remove,73,0.9125,5,3,3,0,0.23493655581678397
model3d_Cf8_N400_T5_lam15_lam23_h1_cu1_pi16_pi26_e039e6,3d,8.0,remove,73,0.9125,6,3,3,0,0.025780128022368842
model3d_Cf8_N400_T5_lam15_lam23_h1_cu1_pi16_pi26_e039e6,3d,8.0,remove,74,0.925,3,3,3,0,0.27406144888665906
model3d_Cf8_N400_T5_lam15_lam23_h1_cu1_pi16_pi26_e039e6,3d,8.0,remove,74,0.925,4,3,3,0,0.6640830278309622
model3d_Cf8_N400_T5_lam15_lam23_h1_cu1_pi16_pi26_e039e6,3d,8.0,remove,74,0.925,5,3,3,0,0.307656829482557
model3d_Cf8_N400_T5_lam15_lam23_h1_cu1_pi16_pi26_e039e6,3d,8.0,remove,74,0.925,6,3,3,0,0.03319296188021781
model3d_Cf8_N400_T5_lam15_lam23_h1_cu1_pi16_pi26_e039e6,3d,8.0,remove,75,0.9375,3,3,3,0,0.32872753186746806
model3d_Cf8_N400_T5_lam15_lam23_h1_cu1_pi16_pi26_e039e6,3d,8.0,remove,75,0.9375,4,3,3,0,0.7957387786601835
model3d_Cf8_N400_T5_lam15_lam23_h1_cu1_pi16_pi26_e039e6,3d,8.0,remove,75,0.9375,5,3,3,0,0.3772204643497723
model3d_Cf8_N400_T5_lam15_lam23_h1_cu1_pi16_pi26_e039e6,3d,8.0,remove,76,0.95,3,3,3,0,0.37887409614630485
model3d_Cf8_N400_T5_lam15_lam23_h1_cu1_pi16_pi26_e039e6,3d,8.0,remove,76,0.95,4,3,3,0,0.9159556794202963
model3d_Cf8_N400_T5_lam15_lam23_h1_cu1_pi16_pi26_e039e6,3d,8.0,remove,76,0.95,5,3,3,0,0.44350959682413915
model3d_Cf8_N400_T5_lam15_lam23_h1_cu1_pi16_pi26_e039e6,3d,8.0,remove,77,0.9625,3,3,3,0,0.4249248509282282
model3d_Cf8_N400_T5_lam15_lam23_h1_cu1_pi16_pi26_e039e6,3d,8.0,remove,77,0.9625,4,3,3,0,1.0257202551580633
model3d_Cf8_N400_T5_lam15_lam23_h1_cu1_pi16_pi26_e039e6,3d,8.0,remove,77,0.9625,5,3,3,0,0.5064576693847513
model3d_Cf8_N400_T5_lam15_lam23_h1_cu1_pi16_pi26_e039e6,3d,8.0,remove,78,0.975,3,3,3,0,0.46726192085291274
model3d_Cf8_N400_T5_lam15_lam23_h1_cu1_pi16_pi26_e039e6,3d,8.0,remove,78,0.975,4,3,3,0,1.125935812936092
model3d_Cf8_N400_T5_lam15_lam23_h1_cu1_pi16_pi26_e039e6,3d,8.0,remove,78,0.975,5,3,3,0,0.5660409189348279
model3d_Cf8_N400_T5_lam15_lam23_h1_cu1_pi16_pi26_e039e6,3d,8.0,remove,79,0.9875,3,3,3,0,0.5062299851908421
model3d_Cf8_N400_T5_lam15_lam23_h1_cu1_pi16_pi26_e039e6,3d,8.0,remove,79,0.9875,4,3,3,0,1.217429221256591
model3d_Cf8_N400_T5_lam15_lam23_h1_cu1_pi16_pi26_e039e6,3d,8.0,remove,79,0.9875,5,3,3,0,0.6222709917389686
model3d_Cf8_N400_T5_lam15_lam23_h1_cu1_pi16_pi26_e039e6,3d,8.0,remove,80,1.0,3,3,3,0,0.5421400034585062
model3d_Cf8_N400_T5_lam15_lam23_h1_cu1_pi16_pi26_e039e6,3d,8.0,remove,80,1.0,4,3,3,0,1.300957166123382
model3d_Cf8_N400_T5_lam15_lam23_h1_cu1_pi16_pi26_e039e6,3d,8.0,remove,80,1.0,5,3,3,0,0.6751885511698319
model3d_Cf8_N400_T5_lam15_lam23_h1_cu1_pi16_pi26_e039e6,3d,8.0,remove,81,1.0125,3,3,3,0,0.5752725688125722
model3d_Cf8_N400_T5_lam15_lam23_h1_cu1_pi16_pi26_e039e6,3d,8.0,remove,81,1.0125,4,3,3,0,1.3772119205929876
model3d_Cf8_N400_T5_lam15_lam23_h1_cu1_pi16_pi26_e039e6,3d,8.0,remove,81,1.0125,5,3,3,0,0.7248577593303587
model3d_Cf8_N400_T5_lam15_lam23_h1_cu1_pi16_pi26_e039e6,3d,8.0,remove,82,1.025,3,3,3,0,0.6058809264460621
model3d_Cf8_N400_T5_lam15_lam23_h1_cu1_pi16_pi26_e039e6,3d,8.0,remove,82,1.025,4,3,3,0,1.4468266625307074
model3d_Cf8_N400_T5_lam15_lam23_h1_cu1_pi16_pi26_e039e6,3d,8.0,remove,82,1.025,5,3,3,0,0.7713615268951131
model3d_Cf8_N400_T5_lam15_lam23_h1_cu1_pi16_pi26_e039e6,3d,8.0,remove,83,1.0375,3,3,3,0,0.634193690486903
model3d_Cf8_N400_T5_lam15_lam23_h1_cu1_pi16_pi26_e039e6,3d,8.0,remove,83,1.0375,4,3,3,0,1.5103803732109071
model3d_Cf8_N400_T5_lam15_lam23_h1_cu1_pi16_pi26_e039e6,3d,8.0,remove,83,1.0375,5,3,3,0,0.8147974373832128
model3d_Cf8_N400_T5_lam15_lam23_h1_cu1_pi16_pi26_e039e6,3d,8.0,remove,84,1.05,3,3,3,0,0.6604172895486471
model3d_Cf8_N400_T5_lam15_lam23_h1_cu1_pi16_pi26_e039e6,3d,8.0,remove,84,1.05,4,3,3,0,1.5684023473924427
model3d_Cf8_N400_T5_lam15_lam23_h1_cu1_pi16_pi26_e039e6,3d,8.0,remove,84,1.05,5,3,3,0,0.8552742626802292
model3d_Cf8_N400_T5_lam15_lam23_h1_cu1_pi16_pi26_e039e6,3d,8.0,remove,85,1.0625,3,3,3,0,0.684738168067625
model3d_Cf8_N400_T5_lam15_lam23_h1_cu1_pi16_pi26_e039e6,3d,8.0,remove,85,1.0625,4,3,3,0,1.6213763435665385
model3d_Cf8_N400_T5_lam15_lam23_h1_cu1_pi16_pi26_e039e6,3d,8.0,remove,85,1.0625,5,3,3,0,0.8929089960944481
model3d_Cf8_N400_T5_lam15_lam23_h1_cu1_pi16_pi26_e039e6,3d,8.0,remove,86,1.075,3,3,3,0,0.7073247678469272
model3d_Cf8_N400_T5_lam15_lam23_h1_cu1_pi16_pi26_e039e6,3d,8.0,remove,86,1.075,4,3,3,0,1.6697444012218625
model3d_Cf8_N400_T5_lam15_lam23_h1_cu1_pi16_pi26_e039e6,3d,8.0,remove,86,1.075,5,3,3,0,0.9278243376825301
model3d_Cf8_N400_T5_lam15_lam23_h1_cu1_pi16_pi26_e039e6,3d,8.0,remove,87,1.0875,3,3,3,0,0.728329311785366
model3d_Cf8_N400_T5_lam15_lam23_h1_cu1_pi16_pi26_e039e6,3d,8.0,remove,87,1.0875,4,3,3,0,1.7139103502017718
model3d_Cf8_N400_T5_lam15_lam23_h1_cu1_pi16_pi26_e039e6,3d,8.0,remove,87,1.0875,5,3,3,0,0.9601465741137076
model3d_Cf8_N400_T5_lam15_lam23_h1_cu1_pi16_pi26_e039e6,3d,8.0,remove,88,1.1,3,3,3,0,0.7478894095709165
model3d_Cf8_N400_T5_lam15_lam23_h1_cu1_pi16_pi26_e039e6,3d,8.0,remove,88,1.1,4,3,3,0,1.7542430355448317
model3d_Cf8_N400_T5_lam15_lam23_h1_cu1_pi16_pi26_e039e6,3d,8.0,remove,88,1.1,5,3,3,0,0.9900038020568047
model3d_Cf8_N400_T5_lam15_lam23_h1_cu1_pi16_pi26_e039e6,3d,8.0,remove,89,1.1125,3,3,3,0,0.7661295031404052
model3d_Cf8_N400_T5_lam15_lam23_h1_cu1_pi16_pi26_e039e6,3d,8.0,remove,89,1.1125,4,3,3,0,1.7910792796016324
model3d_Cf8_N400_T5_lam15_lam23_h1_cu1_pi16_pi26_e039e6,3d,8.0,remove,89,1.1125,5,3,3,0,1.0175244500540686
model3d_Cf8_N400_T5_lam15_lam23_h1_cu1_pi16_pi26_e039e6,3d,8.0,remove,90,1.125,3,3,3,0,0.783162167926271
model3d_Cf8_N400_T5_lam15_lam23_h1_cu1_pi16_pi26_e039e6,3d,8.0,remove,90,1.125,4,3,3,0,1.8247266017083845
model3d_Cf8_N400_T5_lam15_lam23_h1_cu1_pi16_pi26_e039e6,3d,8.0,remove,90,1.125,5,3,3,0,1.04283605916806
model3d_Cf8_N400_T5_lam15_lam23_h1_cu1_pi16_pi26_e039e6,3d,8.0,remove,91,1.1375,3,3,3,0,0.7990892843090762
model3d_Cf8_N400_T5_lam15_lam23_h1_cu1_pi16_pi26_e039e6,3d,8.0,remove,91,1.1375,4,3,3,0,1.8554657142702098
model3d_Cf8_N400_T5_lam15_lam23_h1_cu1_pi16_pi26_e039e6,3d,8.0,remove,91,1.1375,5,3,3,0,1.0660642874208435
model3d_Cf8_N400_T5_lam15_lam23_h1_cu1_pi16_pi26_e039e6,3d,8.0,remove,92,1.15,3,3,3,0,0.8140030922522143
model3d_Cf8_N400_T5_lam15_lam23_h1_cu1_pi16_pi26_e039e6,3d,8.0,remove,92,1.15,4,3,3,0,1.8835528127614012
model3d_Cf8_N400_T5_lam15_lam23_h1_cu1_pi16_pi26_e039e6,3d,8.0,remove,92,1.15,5,3,3,0,1.087332107250539
model3d_Cf8_N400_T5_lam15_lam23_h1_cu1_pi16_pi26_e039e6,3d,8.0,remove,93,1.1625,3,3,3,0,0.8279871407974895
model3d_Cf8_N400_T5_lam15_lam23_h1_cu1_pi16_pi26_e039e6,3d,8.0,remove,93,1.1625,4,3,3,0,1.9092216758854548
model3d_Cf8_N400_T5_lam15_lam23_h1_cu1_pi16_pi26_e039e6,3d,8.0,remove,93,1.1625,5,3,3,0,1.1067591689457998
model3d_Cf8_N400_T5_lam15_lam23_h1_cu1_pi16_pi26_e039e6,3d,8.0,remove,94,1.175,3,3,3,0,0.8411171429319353
model3d_Cf8_N400_T5_lam15_lam23_h1_cu1_pi16_pi26_e039e6,3d,8.0,remove,94,1.175,4,3,3,0,1.9326855909510101
model3d_Cf8_N400_T5_lam15_lam23_h1_cu1_pi16_pi26_e039e6,3d,8.0,remove,94,1.175,5,3,3,0,1.1244613063323996
model3d_Cf8_N400_T5_lam15_lam23_h1_cu1_pi16_pi26_e039e6,3d,8.0,remove,95,1.1875,3,3,3,0,0.8534617452852231
model3d_Cf8_N400_T5_lam15_lam23_h1_cu1_pi16_pi26_e039e6,3d,8.0,remove,95,1.1875,4,3,3,0,1.9541391184072765
model3d_Cf8_N400_T5_lam15_lam23_h1_cu1_pi16_pi26_e039e6,3d,8.0,remove,95,1.1875,5,3,3,0,1.1405501639242601
model3d_Cf8_N400_T5_lam15_lam23_h1_cu1_pi16_pi26_e039e6,3d,8.0,remove,96,1.2,3,3,3,0,0.8650832211708916
model3d_Cf8_N400_T5_lam15_lam23_h1_cu1_pi16_pi26_e039e6,3d,8.0,remove,96,1.2,4,3,3,0,1.973759708442735
model3d_Cf8_N400_T5_lam15_lam23_h1_cu1_pi16_pi26_e039e6,3d,8.0,remove,96,1.2,5,3,3,0,1.1551329273538045
model3d_Cf8_N400_T5_lam15_lam23_h1_cu1_pi16_pi26_e039e6,3d,8.0,remove,97,1.2125,3,3,3,0,0.8760380946328183
model3d_Cf8_N400_T5_lam15_lam23_h1_cu1_pi16_pi26_e039e6,3d,8.0,remove,97,1.2125,4,3,3,0,1.9917091815793313
model3d_Cf8_N400_T5_lam15_lam23_h1_cu1_pi16_pi26_e039e6,3d,8.0,remove,97,1.2125,5,3,3,0,1.1683121411997206
model3d_Cf8_N400_T5_lam15_lam23_h1_cu1_pi16_pi26_e039e6,3d,8.0,remove,98,1.225,3,3,3,0,0.8863777023926502
model3d_Cf8_N400_T5_lam15_lam23_h1_cu1_pi16_pi26_e039e6,3d,8.0,remove,98,1.225,4,3,3,0,2.0081350842875665
model3d_Cf8_N400_T5_lam15_lam23_h1_cu1_pi16_pi26_e039e6,3d,8.0,remove,98,1.225,5,3,3,0,1.1801856003663644
model3d_Cf8_N400_T5_lam15_lam23_h1_cu1_pi16_pi26_e039e6,3d,8.0,remove,99,1.2375,3,3,3,0,0.8961486999034776
model3d_Cf8_N400_T5_lam15_lam23_h1_cu1_pi16_pi26_e039e6,3d,8.0,remove,99,1.2375,4,3,3,0,2.0231719298040574
model3d_Cf8_N400_T5_lam15_lam23_h1_cu1_pi16_pi26_e039e6,3d,8.0,remove,99,1.2375,5,3,3,0,1.190846302968147
model3d_Cf8_N400_T5_lam15_lam23_h1_cu1_pi16_pi26_e039e6,3d,8.0,remove,100,1.25,3,3,3,0,0.9053935170952201
model3d_Cf8_N400_T5_lam15_lam23_h1_cu1_pi16_pi26_e039e6,3d,8.0,remove,100,1.25,4,3,3,0,2.0369423335466124
model3d_Cf8_N400_T5_lam15_lam23_h1_cu1_pi16_pi26_e039e6,3d,8.0,remove,100,1.25,5,3,3,0,1.2003824542589214
model3d_Cf8_N400_T5_lam15_lam23_h1_cu1_pi16_pi26_e039e6,3d,8.0,remove,101,1.2625,3,3,3,0,0.9141507688377359
model3d_Cf8_N400_T5_lam15_lam23_h1_cu1_pi16_pi26_e039e6,3d,8.0,remove,101,1.2625,4,3,3,0,2.0495580517917276
model3d_Cf8_N400_T5_lam15_lam23_h1_cu1_pi16_pi26_e039e6,3d,8.0,remove,101,1.2625,5,3,3,0,1.208877512545591
model3d_Cf8_N400_T5_lam15_lam23_h1_cu1_pi16_pi26_e039e6,3d,8.0,remove,102,1.275,3,3,3,0,0.9224556246456075
model3d_Cf8_N400_T5_lam15_lam23_h1_cu1_pi16_pi26_e039e6,3d,8.0,remove,102,1.275,4,3,3,0,2.0611209316011028
model3d_Cf8_N400_T5_lam15_lam23_h1_cu1_pi16_pi26_e039e6,3d,8.0,remove,102,1.275,5,3,3,0,1.2164102692566985
model3d_Cf8_N400_T5_lam15_lam23_h1_cu1_pi16_pi26_e039e6,3d,8.0,remove,103,1.2875,3,3,3,0,0.9303401416957158
model3d_Cf8_N400_T5_lam15_lam23_h1_cu1_pi16_pi26_e039e6,3d,8.0,remove,103,1.2875,4,3,3,0,2.0717237793539383
model3d_Cf8_N400_T5_lam15_lam23_h1_cu1_pi16_pi26_e039e6,3d,8.0,remove,103,1.2875,5,3,3,0,1.2230549564195456
model3d_Cf8_N400_T5_lam15_lam23_h1_cu1_pi16_pi26_e039e6,3d,8.0,remove,104,1.3,3,3,3,0,0.9378335648217799
model3d_Cf8_N400_T5_lam15_lam23_h1_cu1_pi16_pi26_e039e6,3d,8.0,remove,104,1.3,4,3,3,0,2.0814511546587937
model3d_Cf8_N400_T5_lam15_lam23_h1_cu1_pi16_pi26_e039e6,3d,8.0,remove,104,1.3,5,3,3,0,1.2288813757506745
model3d_Cf8_N400_T5_lam15_lam23_h1_cu1_pi16_pi26_e039e6,3d,8.0,remove,105,1.3125,3,3,3,0,0.9449625967832915
model3d_Cf8_N400_T5_lam15_lam23_h1_cu1_pi16_pi26_e039e6,3d,8.0,remove,105,1.3125,4,3,3,0,2.090380095878132
model3d_Cf8_N400_T5_lam15_lam23_h1_cu1_pi16_pi26_e039e6,3d,8.0,remove,105,1.3125,5,3,3,0,1.233955044398094
model3d_Cf8_N400_T5_lam15_lam23_h1_cu1_pi16_pi26_e039e6,3d,8.0,remove,106,1.325,3,3,3,0,0.951751641776923
model3d_Cf8_N400_T5_lam15_lam23_h1_cu1_pi16_pi26_e039e6,3d,8.0,remove,106,1.325,4,3,3,0,2.098580782998937
model3d_Cf8_N400_T5_lam15_lam23_h1_cu1_pi16_pi26_e039e6,3d,8.0,remove,106,1.325,5,3,3,0,1.2383373531045478
model3d_Cf8_N400_T5_lam15_lam23_h1_cu1_pi16_pi26_e039e6,3d,8.0,remove,107,1.3375,3,3,3,0,0.9582230248610699
model3d_Cf8_N400_T5_lam15_lam23_h1_cu1_pi16_pi26_e039e6,3d,8.0,remove,107,1.3375,4,3,3,0,2.1061171431200805
model3d_Cf8_N400_T5_lam15_lam23_h1_cu1_pi16_pi26_e039e6,3d,8.0,remove,107,1.3375,5,3,3,0,1.242085733199076
model3d_Cf8_N400_T5_lam15_lam23_h1_cu1_pi16_pi26_e039e6,3d,8.0,remove,108,1.35,3,3,3,0,0.9643971896977703
model3d_Cf8_N400_T5_lam15_lam23_h1_cu1_pi16_pi26_e039e6,3d,8.0,remove,108,1.35,4,3,3,0,2.113047403400209
model3d_Cf8_N400_T5_lam15_lam23_h1_cu1_pi16_pi26_e039e6,3d,8.0,remove,108,1.35,5,3,3,0,1.2452538293816602
model3d_Cf8_N400_T5_lam15_lam23_h1_cu1_pi16_pi26_e039e6,3d,8.0,remove,109,1.3625,3,3,3,0,0.9702928767750834
model3d_Cf8_N400_T5_lam15_lam23_h1_cu1_pi16_pi26_e039e6,3d,8.0,remove,109,1.3625,4,3,3,0,2.1194245959152056
model3d_Cf8_N400_T5_lam15_lam23_h1_cu1_pi16_pi26_e039e6,3d,8.0,remove,109,1.3625,5,3,3,0,1.2478916757511413
model3d_Cf8_N400_T5_lam15_lam23_h1_cu1_pi16_pi26_e039e6,3d,8.0,remove,110,1.375,3,3,3,0,0.9759272840574837
model3d_Cf8_N400_T5_lam15_lam23_h1_cu1_pi16_pi26_e039e6,3d,8.0,remove,110,1.375,4,3,3,0,2.1252970185100537
model3d_Cf8_N400_T5_lam15_lam23_h1_cu1_pi16_pi26_e039e6,3d,8.0,remove,110,1.375,5,3,3,0,1.2500458729490305
model3d_Cf8_N400_T5_lam15_lam23_h1_cu1_pi16_pi26_e039e6,3d,8.0,remove,111,1.3875,3,3,3,0,0.9813162118162211
model3d_Cf8_N400_T5_lam15_lam23_h1_cu1_pi16_pi26_e039e6,3d,8.0,remove,111,1.3875,4,3,3,0,2.1307086553944927
model3d_Cf8_N400_T5_lam15_lam23_h1_cu1_pi16_pi26_e039e6,3d,8.0,remove,111,1.3875,5,3,3,0,1.2517597646574785
model3d_Cf8_N400_T5_lam15_lam23_h1_cu1_pi16_pi26_e039e6,3d,8.0,remove,112,1.4,3,3,3,0,0.9864741932173047
model3d_Cf8_N400_T5_lam15_lam23_h1_cu1_pi16_pi26_e039e6,3d,8.0,remove,112,1.4,4,3,3,0,2.1356995609220633
model3d_Cf8_N400_T5_lam15_lam23_h1_cu1_pi16_pi26_e039e6,3d,8.0,remove,112,1.4,5,3,3,0,1.2530736120072845
model3d_Cf8_N400_T5_lam15_lam23_h1_cu1_pi16_pi26_e039e6,3d,8.0,remove,113,1.4125,3,3,3,0,0.9914146120861389
model3d_Cf8_N400_T5_lam15_lam23_h1_cu1_pi16_pi26_e039e6,3d,8.0,remove,113,1.4125,4,3,3,0,2.140306209707262
model3d_Cf8_N400_T5_lam15_lam23_h1_cu1_pi16_pi26_e039e6,3d,8.0,remove,113,1.4125,5,3,3,0,1.2540247647251093
model3d_Cf8_N400_T5_lam15_lam23_h1_cu1_pi16_pi26_e039e6,3d,8.0,remove,114,1.425,3,3,3,0,0.9961498091267273
model3d_Cf8_N400_T5_lam15_lam23_h1_cu1_pi16_pi26_e039e6,3d,8.0,remove,114,1.425,4,3,3,0,2.1445618159728426
model3d_Cf8_N400_T5_lam15_lam23_h1_cu1_pi16_pi26_e039e6,3d,8.0,remove,114,1.425,5,3,3,0,1.2546478280848845
model3d_Cf8_N400_T5_lam15_lam23_h1_cu1_pi16_pi26_e039e6,3d,8.0,remove,115,1.4375,3,3,3,0,1.0006911777450327
model3d_Cf8_N400_T5_lam15_lam23_h1_cu1_pi16_pi26_e039e6,3d,8.0,remove,115,1.4375,4,3,3,0,2.1484966247777706
model3d_Cf8_N400_T5_lam15_lam23_h1_cu1_pi16_pi26_e039e6,3d,8.0,remove,115,1.4375,5,3,3,0,1.2549748249304429
model3d_Cf8_N400_T5_lam15_lam23_h1_cu1_pi16_pi26_e039e6,3d,8.0,remove,116,1.45,3,3,3,0,1.0050492505115045
model3d_Cf8_N400_T5_lam15_lam23_h1_cu1_pi16_pi26_e039e6,3d,8.0,remove,116,1.45,4,3,3,0,2.1521381775543844
model3d_Cf8_N400_T5_lam15_lam23_h1_cu1_pi16_pi26_e039e6,3d,8.0,remove,116,1.45,5,3,3,0,1.2550353522093118
model3d_Cf8_N400_T5_lam15_lam23_h1_cu1_pi16_pi26_e039e6,3d,8.0,remove,117,1.4625,3,3,3,0,1.0092337771940407
model3d_Cf8_N400_T5_lam15_lam23_h1_cu1_pi16_pi26_e039e6,3d,8.0,remove,117,1.4625,4,3,3,0,2.1555115541787444
model3d_Cf8_N400_T5_lam15_lam23_h1_cu1_pi16_pi26_e039e6,3d,8.0,remove,117,1.4625,5,3,3,0,1.254856731604903
model3d_Cf8_N400_T5_lam15_lam23_h1_cu1_pi16_pi26_e039e6,3d,8.0,remove,118,1.475,3,3,3,0,1.01325379519988
model3d_Cf8_N400_T5_lam15_lam23_h1_cu1_pi16_pi26_e039e6,3d,8.0,remove,118,1.475,4,3,3,0,2.158639593610559
model3d_Cf8_N400_T5_lam15_lam23_h1_cu1_pi16_pi26_e039e6,3d,8.0,remove,118,1.475,5,3,3,0,1.2544641539791286
model3d_Cf8_N400_T5_lam15_lam23_h1_cu1_pi16_pi26_e039e6,3d,8.0,remove,119,1.4875,3,3,3,0,1.0171176931808361
model3d_Cf8_N400_T5_lam15_lam23_h1_cu1_pi16_pi26_e039e6,3d,8.0,remove,119,1.4875,4,3,3,0,2.1615430949667243
model3d_Cf8_N400_T5_lam15_lam23_h1_cu1_pi16_pi26_e039e6,3d,8.0,remove,119,1.4875,5,3,3,0,1.2538808174428269
model3d_Cf8_N400_T5_lam15_lam23_h1_cu1_pi16_pi26_e039e6,3d,8.0,remove,120,1.5,3,3,3,0,1.0208332684809562
model3d_Cf8_N400_T5_lam15_lam23_h1_cu1_pi16_pi26_e039e6,3d,8.0,remove,120,1.5,4,3,3,0,2.164241000734151
model3d_Cf8_N400_T5_lam15_lam23_h1_cu1_pi16_pi26_e039e6,3d,8.0,remove,120,1.5,5,3,3,0,1.2531280589596108
model3d_Cf8_N400_T5_lam15_lam23_h1_cu1_pi16_pi26_e039e6,3d,8.0,remove,121,1.5125,3,3,3,0,1.0244077790380857
model3d_Cf8_N400_T5_lam15_lam23_h1_cu1_pi16_pi26_e039e6,3d,8.0,remove,121,1.5125,4,3,3,0,2.1667505636822426
model3d_Cf8_N400_T5_lam15_lam23_h1_cu1_pi16_pi26_e039e6,3d,8.0,remove,121,1.5125,5,3,3,0,1.2522254794623677
model3d_Cf8_N400_T5_lam15_lam23_h1_cu1_pi16_pi26_e039e6,3d,8.0,remove,122,1.525,3,3,3,0,1.0278479902890894
model3d_Cf8_N400_T5_lam15_lam23_h1_cu1_pi16_pi26_e039e6,3d,8.0,remove,122,1.525,4,3,3,0,2.1690874989019164
model3d_Cf8_N400_T5_lam15_lam23_h1_cu1_pi16_pi26_e039e6,3d,8.0,remove,122,1.525,5,3,3,0,1.2511910625222527
model3d_Cf8_N400_T5_lam15_lam23_h1_cu1_pi16_pi26_e039e6,3d,8.0,remove,123,1.5375,3,3,3,0,1.0311602175745236
model3d_Cf8_N400_T5_lam15_lam23_h1_cu1_pi16_pi26_e039e6,3d,8.0,remove,123,1.5375,4,3,3,0,2.1712661222762506
model3d_Cf8_N400_T5_lam15_lam23_h1_cu1_pi16_pi26_e039e6,3d,8.0,remove,123,1.5375,5,3,3,0,1.2500412866596022
model3d_Cf8_N400_T5_lam15_lam23_h1_cu1_pi16_pi26_e039e6,3d,8.0,remove,124,1.55,3,3,3,0,1.0343503644879917
model3d_Cf8_N400_T5_lam15_lam23_h1_cu1_pi16_pi26_e039e6,3d,8.0,remove,124,1.55,4,3,3,0,2.1732994765752807
model3d_Cf8_N400_T5_lam15_lam23_h1_cu1_pi16_pi26_e039e6,3d,8.0,remove,124,1.55,5,3,3,0,1.2487912314265444
model3d_Cf8_N400_T5_lam15_lam23_h1_cu1_pi16_pi26_e039e6,3d,8.0,remove,125,1.5625,3,3,3,0,1.0374239575716757
model3d_Cf8_N400_T5_lam15_lam23_h1_cu1_pi16_pi26_e039e6,3d,8.0,remove,125,1.5625,4,3,3,0,2.1751994462648625
model3d_Cf8_N400_T5_lam15_lam23_h1_cu1_pi16_pi26_e039e6,3d,8.0,remove,125,1.5625,5,3,3,0,1.2474546774225033
model3d_Cf8_N400_T5_lam15_lam23_h1_cu1_pi16_pi26_e039e6,3d,8.0,remove,126,1.575,3,3,3,0,1.040386177719256
model3d_Cf8_N400_T5_lam15_lam23_h1_cu1_pi16_pi26_e039e6,3d,8.0,remove,126,1.575,4,3,3,0,2.1769768620256684
model3d_Cf8_N400_T5_lam15_lam23_h1_cu1_pi16_pi26_e039e6,3d,8.0,remove,126,1.575,5,3,3,0,1.2460442004289192
model3d_Cf8_N400_T5_lam15_lam23_h1_cu1_pi16_pi26_e039e6,3d,8.0,remove,127,1.5875,3,3,3,0,1.0432418886111208
model3d_Cf8_N400_T5_lam15_lam23_h1_cu1_pi16_pi26_e039e6,3d,8.0,remove,127,1.5875,4,3,3,0,2.1786415958917615
model3d_Cf8_N400_T5_lam15_lam23_h1_cu1_pi16_pi26_e039e6,3d,8.0,remove,127,1.5875,5,3,3,0,1.2445712598681524
model3d_Cf8_N400_T5_lam15_lam23_h1_cu1_pi16_pi26_e039e6,3d,8.0,remove,128,1.6,3,3,3,0,1.0459956624748372
model3d_Cf8_N400_T5_lam15_lam23_h1_cu1_pi16_pi26_e039e6,3d,8.0,remove,128,1.6,4,3,3,0,2.180202647839536
model3d_Cf8_N400_T5_lam15_lam23_h1_cu1_pi16_pi26_e039e6,3d,8.0,remove,128,1.6,5,3,3,0,1.2430462818052348
model3d_Cf8_N400_T5_lam15_lam23_h1_cu1_pi16_pi26_e039e6,3d,8.0,remove,129,1.6125,3,3,3,0,1.0486518034339127
model3d_Cf8_N400_T5_lam15_lam23_h1_cu1_pi16_pi26_e039e6,3d,8.0,remove,129,1.6125,4,3,3,0,2.1816682245856356
model3d_Cf8_N400_T5_lam15_lam23_h1_cu1_pi16_pi26_e039e6,3d,8.0,remove,129,1.6125,5,3,3,0,1.2414787367205022
model3d_Cf8_N400_T5_lam15_lam23_h1_cu1_pi16_pi26_e039e6,3d,8.0,remove,130,1.625,3,3,3,0,1.0512143686826363
model3d_Cf8_N400_T5_lam15_lam23_h1_cu1_pi16_pi26_e039e6,3d,8.0,remove,130,1.625,4,3,3,0,2.183045811286064
model3d_Cf8_N400_T5_lam15_lam23_h1_cu1_pi16_pi26_e039e6,3d,8.0,remove,130,1.625,5,3,3,0,1.239877212286686
model3d_Cf8_N400_T5_lam15_lam23_h1_cu1_pi16_pi26_e039e6,3d,8.0,remove,131,1.6375,3,3,3,0,1.0536871876998504
model3d_Cf8_N400_T5_lam15_lam23_h1_cu1_pi16_pi26_e039e6,3d,8.0,remove,131,1.6375,4,3,3,0,2.184342236768387
model3d_Cf8_N400_T5_lam15_lam23_h1_cu1_pi16_pi26_e039e6,3d,8.0,remove,131,1.6375,5,3,3,0,1.238249481386795
model3d_Cf8_N400_T5_lam15_lam23_h1_cu1_pi16_pi26_e039e6,3d,8.0,remove,132,1.65,3,3,3,0,1.0560738796944804
model3d_Cf8_N400_T5_lam15_lam23_h1_cu1_pi16_pi26_e039e6,3d,8.0,remove,132,1.65,4,3,3,0,2.185563732873689
model3d_Cf8_N400_T5_lam15_lam23_h1_cu1_pi16_pi26_e039e6,3d,8.0,remove,132,1.65,5,3,3,0,1.2366025656092035
model3d_Cf8_N400_T5_lam15_lam23_h1_cu1_pi16_pi26_e039e6,3d,8.0,remove,133,1.6625,3,3,3,0,1.0583778694554553
model3d_Cf8_N400_T5_lam15_lam23_h1_cu1_pi16_pi26_e039e6,3d,8.0,remove,133,1.6625,4,3,3,0,2.1867159884341163
model3d_Cf8_N400_T5_lam15_lam23_h1_cu1_pi16_pi26_e039e6,3d,8.0,remove,133,1.6625,5,3,3,0,1.2349427944543692
model3d_Cf8_N400_T5_lam15_lam23_h1_cu1_pi16_pi26_e039e6,3d,8.0,remove,134,1.675,3,3,3,0,1.060602401762381
model3d_Cf8_N400_T5_lam15_lam23_h1_cu1_pi16_pi26_e039e6,3d,8.0,remove,134,1.675,4,3,3,0,2.1878041983660808
model3d_Cf8_N400_T5_lam15_lam23_h1_cu1_pi16_pi26_e039e6,3d,8.0,remove,134,1.675,5,3,3,0,1.2332758604836442
model3d_Cf8_N400_T5_lam15_lam23_h1_cu1_pi16_pi26_e039e6,3d,8.0,remove,135,1.6875,3,3,3,0,1.0627505544965459
model3d_Cf8_N400_T5_lam15_lam23_h1_cu1_pi16_pi26_e039e6,3d,8.0,remove,135,1.6875,4,3,3,0,2.1888331083162313
model3d_Cf8_N400_T5_lam15_lam23_h1_cu1_pi16_pi26_e039e6,3d,8.0,remove,135,1.6875,5,3,3,0,1.2316068706360142
model3d_Cf8_N400_T5_lam15_lam23_h1_cu1_pi16_pi26_e039e6,3d,8.0,remove,136,1.7,3,3,3,0,1.064825250579446
model3d_Cf8_N400_T5_lam15_lam23_h1_cu1_pi16_pi26_e039e6,3d,8.0,remove,136,1.7,4,3,3,0,2.189807055259351
model3d_Cf8_N400_T5_lam15_lam23_h1_cu1_pi16_pi26_e039e6,3d,8.0,remove,136,1.7,5,3,3,0,1.2299403939322389
model3d_Cf8_N400_T5_lam15_lam23_h1_cu1_pi16_pi26_e039e6,3d,8.0,remove,137,1.7125,3,3,3,0,1.0668292688520324
model3d_Cf8_N400_T5_lam15_lam23_h1_cu1_pi16_pi26_e039e6,3d,8.0,remove,137,1.7125,4,3,3,0,2.190730004411961
model3d_Cf8_N400_T5_lam15_lam23_h1_cu1_pi16_pi26_e039e6,3d,8.0,remove,137,1.7125,5,3,3,0,1.2282805057785708
model3d_Cf8_N400_T5_lam15_lam23_h1_cu1_pi16_pi26_e039e6,3d,8.0,remove,138,1.725,3,3,3,0,1.0687652539973698
model3d_Cf8_N400_T5_lam15_lam23_h1_cu1_pi16_pi26_e039e6,3d,8.0,remove,138,1.725,4,3,3,0,2.1916055827927323
model3d_Cf8_N400_T5_lam15_lam23_h1_cu1_pi16_pi26_e039e6,3d,8.0,remove,138,1.725,5,3,3,0,1.226630829075276
model3d_Cf8_N400_T5_lam15_lam23_h1_cu1_pi16_pi26_e039e6,3d,8.0,remove,139,1.7375,3,3,3,0,1.070635725599118
model3d_Cf8_N400_T5_lam15_lam23_h1_cu1_pi16_pi26_e039e6,3d,8.0,remove,139,1.7375,4,3,3,0,2.19243710973187
model3d_Cf8_N400_T5_lam15_lam23_h1_cu1_pi16_pi26_e039e6,3d,8.0,remove,139,1.7375,5,3,3,0,1.2249945723265228
model3d_Cf8_N400_T5_lam15_lam23_h1_cu1_pi16_pi26_e039e6,3d,8.0,remove,140,1.75,3,3,3,0,1.0724430864187866
model3d_Cf8_N400_T5_lam15_lam23_h1_cu1_pi16_pi26_e039e6,3d,8.0,remove,140,1.75,4,3,3,0,2.1932276246049014
model3d_Cf8_N400_T5_lam15_lam23_h1_cu1_pi16_pi26_e039e6,3d,8.0,remove,140,1.75,5,3,3,0,1.2233745649399452
model3d_Cf8_N400_T5_lam15_lam23_h1_cu1_pi16_pi26_e039e6,3d,8.0,remove,141,1.7625,3,3,3,0,1.0741896299666678
model3d_Cf8_N400_T5_lam15_lam23_h1_cu1_pi16_pi26_e039e6,3d,8.0,remove,141,1.7625,4,3,3,0,2.193979912041243
model3d_Cf8_N400_T5_lam15_lam23_h1_cu1_pi16_pi26_e039e6,3d,8.0,remove,141,1.7625,5,3,3,0,1.221773289896234
model3d_Cf8_N400_T5_lam15_lam23_h1_cu1_pi16_pi26_e039e6,3d,8.0,remove,142,1.775,3,3,3,0,1.0758775474341462
model3d_Cf8_N400_T5_lam15_lam23_h1_cu1_pi16_pi26_e039e6,3d,8.0,remove,142,1.775,4,3,3,0,2.1946965248361607
model3d_Cf8_N400_T5_lam15_lam23_h1_cu1_pi16_pi26_e039e6,3d,8.0,remove,142,1.775,5,3,3,0,1.2201929139592949
model3d_Cf8_N400_T5_lam15_lam23_h1_cu1_pi16_pi26_e039e6,3d,8.0,remove,143,1.7875,3,3,3,0,1.0775089340477706
model3d_Cf8_N400_T5_lam15_lam23_h1_cu1_pi16_pi26_e039e6,3d,8.0,remove,143,1.7875,4,3,3,0,2.195379804773779
model3d_Cf8_N400_T5_lam15_lam23_h1_cu1_pi16_pi26_e039e6,3d,8.0,remove,143,1.7875,5,3,3,0,1.218635315590518
model3d_Cf8_N400_T5_lam15_lam23_h1_cu1_pi16_pi26_e039e6,3d,8.0,remove,144,1.8,3,3,3,0,1.0790857949003225
model3d_Cf8_N400_T5_lam15_lam23_h1_cu1_pi16_pi26_e039e6,3d,8.0,remove,144,1.8,4,3,3,0,2.1960319015509526
model3d_Cf8_N400_T5_lam15_lam23_h1_cu1_pi16_pi26_e039e6,3d,8.0,remove,144,1.8,5,3,3,0,1.2171021107205462
model3d_Cf8_N400_T5_lam15_lam23_h1_cu1_pi16_pi26_e039e6,3d,8.0,remove,145,1.8125,3,3,3,0,1.0806100503078397
model3d_Cf8_N400_T5_lam15_lam23_h1_cu1_pi16_pi26_e039e6,3d,8.0,remove,145,1.8125,4,3,3,0,2.1966547899738345
model3d_Cf8_N400_T5_lam15_lam23_h1_cu1_pi16_pi26_e039e6,3d,8.0,remove,145,1.8125,5,3,3,0,1.2155946765248586
model3d_Cf8_N400_T5_lam15_lam23_h1_cu1_pi16_pi26_e039e6,3d,8.0,remove,146,1.825,3,3,3,0,1.0820835407374005
model3d_Cf8_N400_T5_lam15_lam23_h1_cu1_pi16_pi26_e039e6,3d,8.0,remove,146,1.825,4,3,3,0,2.1972502855846017
model3d_Cf8_N400_T5_lam15_lam23_h1_cu1_pi16_pi26_e039e6,3d,8.0,remove,146,1.825,5,3,3,0,1.2141141733408887
model3d_Cf8_N400_T5_lam15_lam23_h1_cu1_pi16_pi26_e039e6,3d,8.0,remove,147,1.8375,3,3,3,0,1.0835080313455165
model3d_Cf8_N400_T5_lam15_lam23_h1_cu1_pi16_pi26_e039e6,3d,8.0,remove,147,1.8375,4,3,3,0,2.1978200588608274
model3d_Cf8_N400_T5_lam15_lam23_h1_cu1_pi16_pi26_e039e6,3d,8.0,remove,147,1.8375,5,3,3,0,1.2126615648561199
model3d_Cf8_N400_T5_lam15_lam23_h1_cu1_pi16_pi26_e039e6,3d,8.0,remove,148,1.85,3,3,3,0,1.0848852161634568
model3d_Cf8_N400_T5_lam15_lam23_h1_cu1_pi16_pi26_e039e6,3d,8.0,remove,148,1.85,4,3,3,0,2.1983656481176155
model3d_Cf8_N400_T5_lam15_lam23_h1_cu1_pi16_pi26_e039e6,3d,8.0,remove,148,1.85,5,3,3,0,1.2112376366895603
model3d_Cf8_N400_T5_lam15_lam23_h1_cu1_pi16_pi26_e039e6,3d,8.0,remove,149,1.8625,3,3,3,0,1.086216721962117
model3d_Cf8_N400_T5_lam15_lam23_h1_cu1_pi16_pi26_e039e6,3d,8.0,remove,149,1.8625,4,3,3,0,2.1988884712306174
model3d_Cf8_N400_T5_lam15_lam23_h1_cu1_pi16_pi26_e039e6,3d,8.0,remove,149,1.8625,5,3,3,0,1.2098430134813896
model3d_Cf8_N400_T5_lam15_lam23_h1_cu1_pi16_pi26_e039e6,3d,8.0,remove,150,1.875,3,3,3,0,1.0875041118256803
model3d_Cf8_N400_T5_lam15_lam23_h1_cu1_pi16_pi26_e039e6,3d,8.0,remove,150,1.875,4,3,3,0,2.199389836287807
model3d_Cf8_N400_T5_lam15_lam23_h1_cu1_pi16_pi26_e039e6,3d,8.0,remove,150,1.875,5,3,3,0,1.2084781745981275
model3d_Cf8_N400_T5_lam15_lam23_h1_cu1_pi16_pi26_e039e6,3d,8.0,remove,151,1.8875,3,3,3,0,1.0887488884607421
model3d_Cf8_N400_T5_lam15_lam23_h1_cu1_pi16_pi26_e039e6,3d,8.0,remove,151,1.8875,4,3,3,0,2.1998709512676555
model3d_Cf8_N400_T5_lam15_lam23_h1_cu1_pi16_pi26_e039e6,3d,8.0,remove,151,1.8875,5,3,3,0,1.2071434685545626
model3d_Cf8_N400_T5_lam15_lam23_h1_cu1_pi16_pi26_e039e6,3d,8.0,remove,152,1.9,3,3,3,0,1.0899524972647896
model3d_Cf8_N400_T5_lam15_lam23_h1_cu1_pi16_pi26_e039e6,3d,8.0,remove,152,1.9,4,3,3,0,2.2003329328327936
model3d_Cf8_N400_T5_lam15_lam23_h1_cu1_pi16_pi26_e039e6,3d,8.0,remove,152,1.9,5,3,3,0,1.2058391262468007
model3d_Cf8_N400_T5_lam15_lam23_h1_cu1_pi16_pi26_e039e6,3d,8.0,remove,153,1.9125,3,3,3,0,1.0911163291756338
model3d_Cf8_N400_T5_lam15_lam23_h1_cu1_pi16_pi26_e039e6,3d,8.0,remove,153,1.9125,4,3,3,0,2.200776814320008
model3d_Cf8_N400_T5_lam15_lam23_h1_cu1_pi16_pi26_e039e6,3d,8.0,remove,153,1.9125,5,3,3,0,1.2045652730847678
model3d_Cf8_N400_T5_lam15_lam23_h1_cu1_pi16_pi26_e039e6,3d,8.0,remove,154,1.925,3,3,3,0,1.092241723321223
model3d_Cf8_N400_T5_lam15_lam23_h1_cu1_pi16_pi26_e039e6,3d,8.0,remove,154,1.925,4,3,3,0,2.201203553000539
model3d_Cf8_N400_T5_lam15_lam23_h1_cu1_pi16_pi26_e039e6,3d,8.0,remove,154,1.925,5,3,3,0,1.2033219401062638
model3d_Cf8_N400_T5_lam15_lam23_h1_cu1_pi16_pi26_e039e6,3d,8.0,remove,155,1.9375,3,3,3,0,1.0933299694875984
model3d_Cf8_N400_T5_lam15_lam23_h1_cu1_pi16_pi26_e039e6,3d,8.0,remove,155,1.9375,4,3,3,0,2.201614036677171
model3d_Cf8_N400_T5_lam15_lam23_h1_cu1_pi16_pi26_e039e6,3d,8.0,remove,155,1.9375,5,3,3,0,1.2021090741502007
model3d_Cf8_N400_T5_lam15_lam23_h1_cu1_pi16_pi26_e039e6,3d,8.0,remove,156,1.95,3,3,3,0,1.0943823104207269
model3d_Cf8_N400_T5_lam15_lam23_h1_cu1_pi16_pi26_e039e6,3d,8.0,remove,156,1.95,4,3,3,0,2.20200908967918
model3d_Cf8_N400_T5_lam15_lam23_h1_cu1_pi16_pi26_e039e6,3d,8.0,remove,156,1.95,5,3,3,0,1.2009265471601935
model3d_Cf8_N400_T5_lam15_lam23_h1_cu1_pi16_pi26_e039e6,3d,8.0,remove,157,1.9625,3,3,3,0,1.0953999439766449
model3d_Cf8_N400_T5_lam15_lam23_h1_cu1_pi16_pi26_e039e6,3d,8.0,remove,157,1.9625,4,3,3,0,2.2023894783104367
model3d_Cf8_N400_T5_lam15_lam23_h1_cu1_pi16_pi26_e039e6,3d,8.0,remove,157,1.9625,5,3,3,0,1.199774164685408
model3d_Cf8_N400_T5_lam15_lam23_h1_cu1_pi16_pi26_e039e6,3d,8.0,remove,158,1.975,3,3,3,0,1.0963840251329913
model3d_Cf8_N400_T5_lam15_lam23_h1_cu1_pi16_pi26_e039e6,3d,8.0,remove,158,1.975,4,3,3,0,2.202755915800978
model3d_Cf8_N400_T5_lam15_lam23_h1_cu1_pi16_pi26_e039e6,3d,8.0,remove,158,1.975,5,3,3,0,1.1986516736410522
model3d_Cf8_N400_T5_lam15_lam23_h1_cu1_pi16_pi26_e039e6,3d,8.0,remove,159,1.9875,3,3,3,0,1.0973356678734234
model3d_Cf8_N400_T5_lam15_lam23_h1_cu1_pi16_pi26_e039e6,3d,8.0,remove,159,1.9875,4,3,3,0,2.2031090668074853
model3d_Cf8_N400_T5_lam15_lam23_h1_cu1_pi16_pi26_e039e6,3d,8.0,remove,159,1.9875,5,3,3,0,1.1975587693858358
model3d_Cf8_N400_T5_lam15_lam23_h1_cu1_pi16_pi26_e039e6,3d,8.0,remove,160,2.0,3,3,3,0,1.0982559469557884
model3d_Cf8_N400_T5_lam15_lam23_h1_cu1_pi16_pi26_e039e6,3d,8.0,remove,160,2.0,4,3,3,0,2.2034495515044625
model3d_Cf8_N400_T5_lam15_lam23_h1_cu1_pi16_pi26_e039e6,3d,8.0,remove,160,2.0,5,3,3,0,1.1964951021705303
model3d_Cf8_N400_T5_lam15_lam23_h1_cu1_pi16_pi26_e039e6,3d,8.0,remove,161,2.0125,3,3,3,0,1.0991458995735854
model3d_Cf8_N400_T5_lam15_lam23_h1_cu1_pi16_pi26_e039e6,3d,8.0,remove,161,2.0125,4,3,3,0,2.203777949303614
model3d_Cf8_N400_T5_lam15_lam23_h1_cu1_pi16_pi26_e039e6,3d,8.0,remove,161,2.0125,5,3,3,0,1.1954602830071792
model3d_Cf8_N400_T5_lam15_lam23_h1_cu1_pi16_pi26_e039e6,3d,8.0,remove,162,2.025,3,3,3,0,1.1000065269192163
model3d_Cf8_N400_T5_lam15_lam23_h1_cu1_pi16_pi26_e039e6,3d,8.0,remove,162,2.025,4,3,3,0,2.204094802235801
model3d_Cf8_N400_T5_lam15_lam23_h1_cu1_pi16_pi26_e039e6,3d,8.0,remove,162,2.025,5,3,3,0,1.194453889005132
model3d_Cf8_N400_T5_lam15_lam23_h1_cu1_pi16_pi26_e039e6,3d,8.0,remove,163,2.0375,3,3,3,0,1.1008387956572818
model3d_Cf8_N400_T5_lam15_lam23_h1_cu1_pi16_pi26_e039e6,3d,8.0,remove,163,2.0375,4,3,3,0,2.2044006180266535
model3d_Cf8_N400_T5_lam15_lam23_h1_cu1_pi16_pi26_e039e6,3d,8.0,remove,163,2.0375,5,3,3,0,1.1934754682168318
model3d_Cf8_N400_T5_lam15_lam23_h1_cu1_pi16_pi26_e039e6,3d,8.0,remove,164,2.05,3,3,3,0,1.1016436393146876
model3d_Cf8_N400_T5_lam15_lam23_h1_cu1_pi16_pi26_e039e6,3d,8.0,remove,164,2.05,4,3,3,0,2.2046958728940496
model3d_Cf8_N400_T5_lam15_lam23_h1_cu1_pi16_pi26_e039e6,3d,8.0,remove,164,2.05,5,3,3,0,1.19252454403302
model3d_Cf8_N400_T5_lam15_lam23_h1_cu1_pi16_pi26_e039e6,3d,8.0,remove,165,2.0625,3,3,3,0,1.1024219595942384
model3d_Cf8_N400_T5_lam15_lam23_h1_cu1_pi16_pi26_e039e6,3d,8.0,remove,165,2.0625,4,3,3,0,2.2049810140931214
model3d_Cf8_N400_T5_lam15_lam23_h1_cu1_pi16_pi26_e039e6,3d,8.0,remove,165,2.0625,5,3,3,0,1.191600619164035
model3d_Cf8_N400_T5_lam15_lam23_h1_cu1_pi16_pi26_e039e6,3d,8.0,remove,166,2.075,3,3,3,0,1.103174627617605
model3d_Cf8_N400_T5_lam15_lam23_h1_cu1_pi16_pi26_e039e6,3d,8.0,remove,166,2.075,4,3,3,0,2.205256462232242
model3d_Cf8_N400_T5_lam15_lam23_h1_cu1_pi16_pi26_e039e6,3d,8.0,remove,166,2.075,5,3,3,0,1.1907031792411402
model3d_Cf8_N400_T5_lam15_lam23_h1_cu1_pi16_pi26_e039e6,3d,8.0,remove,167,2.0875,3,3,3,0,1.1039024851028643
model3d_Cf8_N400_T5_lam15_lam23_h1_cu1_pi16_pi26_e039e6,3d,8.0,remove,167,2.0875,4,3,3,0,2.2055226133809356
model3d_Cf8_N400_T5_lam15_lam23_h1_cu1_pi16_pi26_e039e6,3d,8.0,remove,167,2.0875,5,3,3,0,1.1898316960694615
model3d_Cf8_N400_T5_lam15_lam23_h1_cu1_pi16_pi26_e039e6,3d,8.0,remove,168,2.1,3,3,3,0,1.104606345481514
model3d_Cf8_N400_T5_lam15_lam23_h1_cu1_pi16_pi26_e039e6,3d,8.0,remove,168,2.1,4,3,3,0,2.205779840989095
model3d_Cf8_N400_T5_lam15_lam23_h1_cu1_pi16_pi26_e039e6,3d,8.0,remove,168,2.1,5,3,3,0,1.1889856305611914
model3d_Cf8_N400_T5_lam15_lam23_h1_cu1_pi16_pi26_e039e6,3d,8.0,remove,169,2.1125,3,3,3,0,1.1052869949594708
model3d_Cf8_N400_T5_lam15_lam23_h1_cu1_pi16_pi26_e039e6,3d,8.0,remove,169,2.1125,4,3,3,0,2.2060284976348328
model3d_Cf8_N400_T5_lam15_lam23_h1_cu1_pi16_pi26_e039e6,3d,8.0,remove,169,2.1125,5,3,3,0,1.1881644353762368
model3d_Cf8_N400_T5_lam15_lam23_h1_cu1_pi16_pi26_e039e6,3d,8.0,remove,170,2.125,3,3,3,0,1.1059451935258977
model3d_Cf8_N400_T5_lam15_lam23_h1_cu1_pi16_pi26_e039e6,3d,8.0,remove,170,2.125,4,3,3,0,2.2062689166168212
model3d_Cf8_N400_T5_lam15_lam23_h1_cu1_pi16_pi26_e039e6,3d,8.0,remove,170,2.125,5,3,3,0,1.187367557294806
model3d_Cf8_N400_T5_lam15_lam23_h1_cu1_pi16_pi26_e039e6,3d,8.0,remove,171,2.1375,3,3,3,0,1.1065816759135743
model3d_Cf8_N400_T5_lam15_lam23_h1_cu1_pi16_pi26_e039e6,3d,8.0,remove,171,2.1375,4,3,3,0,2.206501413405576
model3d_Cf8_N400_T5_lam15_lam23_h1_cu1_pi16_pi26_e039e6,3d,8.0,remove,171,2.1375,5,3,3,0,1.186594439344816
model3d_Cf8_N400_T5_lam15_lam23_h1_cu1_pi16_pi26_e039e6,3d,8.0,remove,172,2.15,3,3,3,0,1.107197152514118
model3d_Cf8_N400_T5_lam15_lam23_h1_cu1_pi16_pi26_e039e6,3d,8.0,remove,172,2.15,4,3,3,0,2.206726286966486
model3d_Cf8_N400_T5_lam15_lam23_h1_cu1_pi16_pi26_e039e6,3d,8.0,remove,172,2.15,5,3,3,0,1.1858445227051533
model3d_Cf8_N400_T5_lam15_lam23_h1_cu1_pi16_pi26_e039e6,3d,8.0,remove,173,2.1625,3,3,3,0,1.1077923102511846
model3d_Cf8_N400_T5_lam15_lam23_h1_cu1_pi16_pi26_e039e6,3d,8.0,remove,173,2.1625,4,3,3,0,2.206943820966785
model3d_Cf8_N400_T5_lam15_lam23_h1_cu1_pi16_pi26_e039e6,3d,8.0,remove,173,2.1625,5,3,3,0,1.185117248404083
model3d_Cf8_N400_T5_lam15_lam23_h1_cu1_pi16_pi26_e039e6,3d,8.0,remove,174,2.175,3,3,3,0,1.1083678134142332
model3d_Cf8_N400_T5_lam15_lam23_h1_cu1_pi16_pi26_e039e6,3d,8.0,remove,174,2.175,4,3,3,0,2.207154284876765
model3d_Cf8_N400_T5_lam15_lam23_h1_cu1_pi16_pi26_e039e6,3d,8.0,remove,174,2.175,5,3,3,0,1.1844120588307447
model3d_Cf8_N400_T5_lam15_lam23_h1_cu1_pi16_pi26_e039e6,3d,8.0,remove,175,2.1875,3,3,3,0,1.1089243044555417
model3d_Cf8_N400_T5_lam15_lam23_h1_cu1_pi16_pi26_e039e6,3d,8.0,remove,175,2.1875,4,3,3,0,2.207357934975434
model3d_Cf8_N400_T5_lam15_lam23_h1_cu1_pi16_pi26_e039e6,3d,8.0,remove,175,2.1875,5,3,3,0,1.1837283990760454
model3d_Cf8_N400_T5_lam15_lam23_h1_cu1_pi16_pi26_e039e6,3d,8.0,remove,176,2.2,3,3,3,0,1.1094624047527617
model3d_Cf8_N400_T5_lam15_lam23_h1_cu1_pi16_pi26_e039e6,3d,8.0,remove,176,2.2,4,3,3,0,2.2075550152688805
model3d_Cf8_N400_T5_lam15_lam23_h1_cu1_pi16_pi26_e039e6,3d,8.0,remove,176,2.2,5,3,3,0,1.1830657181181863
model3d_Cf8_N400_T5_lam15_lam23_h1_cu1_pi16_pi26_e039e6,3d,8.0,remove,177,2.2125,3,3,3,0,1.1099827153389867
model3d_Cf8_N400_T5_lam15_lam23_h1_cu1_pi16_pi26_e039e6,3d,8.0,remove,177,2.2125,4,3,3,0,2.2077457583301054
model3d_Cf8_N400_T5_lam15_lam23_h1_cu1_pi16_pi26_e039e6,3d,8.0,remove,177,2.2125,5,3,3,0,1.1824234698665919
model3d_Cf8_N400_T5_lam15_lam23_h1_cu1_pi16_pi26_e039e6,3d,8.0,remove,178,2.225,3,3,3,0,1.1104858176025516
model3d_Cf8_N400_T5_lam15_lam23_h1_cu1_pi16_pi26_e039e6,3d,8.0,remove,178,2.225,4,3,3,0,2.2079303860668347
model3d_Cf8_N400_T5_lam15_lam23_h1_cu1_pi16_pi26_e039e6,3d,8.0,remove,178,2.225,5,3,3,0,1.1818011140770324
model3d_Cf8_N400_T5_lam15_lam23_h1_cu1_pi16_pi26_e039e6,3d,8.0,remove,179,2.2375,3,3,3,0,1.1109722739581116
model3d_Cf8_N400_T5_lam15_lam23_h1_cu1_pi16_pi26_e039e6,3d,8.0,remove,179,2.2375,4,3,3,0,2.2081091104243455
model3d_Cf8_N400_T5_lam15_lam23_h1_cu1_pi16_pi26_e039e6,3d,8.0,remove,179,2.2375,5,3,3,0,1.1811981171497195
model3d_Cf8_N400_T5_lam15_lam23_h1_cu1_pi16_pi26_e039e6,3d,8.0,remove,180,2.25,3,3,3,0,1.1114426284906642
model3d_Cf8_N400_T5_lam15_lam23_h1_cu1_pi16_pi26_e039e6,3d,8.0,remove,180,2.25,4,3,3,0,2.2082821340292753
model3d_Cf8_N400_T5_lam15_lam23_h1_cu1_pi16_pi26_e039e6,3d,8.0,remove,180,2.25,5,3,3,0,1.1806139528210906
model3d_Cf8_N400_T5_lam15_lam23_h1_cu1_pi16_pi26_e039e6,3d,8.0,remove,181,2.2625,3,3,3,0,1.111897407574304
model3d_Cf8_N400_T5_lam15_lam23_h1_cu1_pi16_pi26_e039e6,3d,8.0,remove,181,2.2625,4,3,3,0,2.2084496507796842
model3d_Cf8_N400_T5_lam15_lam23_h1_cu1_pi16_pi26_e039e6,3d,8.0,remove,181,2.2625,5,3,3,0,1.1800481027590877
model3d_Cf8_N400_T5_lam15_lam23_h1_cu1_pi16_pi26_e039e6,3d,8.0,remove,182,2.275,3,3,3,0,1.1123371204664068
model3d_Cf8_N400_T5_lam15_lam23_h1_cu1_pi16_pi26_e039e6,3d,8.0,remove,182,2.275,4,3,3,0,2.2086118463862334
model3d_Cf8_N400_T5_lam15_lam23_h1_cu1_pi16_pi26_e039e6,3d,8.0,remove,182,2.275,5,3,3,0,1.1795000570710954
model3d_Cf8_N400_T5_lam15_lam23_h1_cu1_pi16_pi26_e039e6,3d,8.0,remove,183,2.2875,3,3,3,0,1.1127622598797018
model3d_Cf8_N400_T5_lam15_lam23_h1_cu1_pi16_pi26_e039e6,3d,8.0,remove,183,2.2875,4,3,3,0,2.208768898869323
model3d_Cf8_N400_T5_lam15_lam23_h1_cu1_pi16_pi26_e039e6,3d,8.0,remove,183,2.2875,5,3,3,0,1.1789693147327824
model3d_Cf8_N400_T5_lam15_lam23_h1_cu1_pi16_pi26_e039e6,3d,8.0,remove,184,2.3,3,3,3,0,1.1131733025320614
model3d_Cf8_N400_T5_lam15_lam23_h1_cu1_pi16_pi26_e039e6,3d,8.0,remove,184,2.3,4,3,3,0,2.208920979015687
model3d_Cf8_N400_T5_lam15_lam23_h1_cu1_pi16_pi26_e039e6,3d,8.0,remove,184,2.3,5,3,3,0,1.1784553839454617
model3d_Cf8_N400_T5_lam15_lam23_h1_cu1_pi16_pi26_e039e6,3d,8.0,remove,185,2.3125,3,3,3,0,1.1135707096762246
model3d_Cf8_N400_T5_lam15_lam23_h1_cu1_pi16_pi26_e039e6,3d,8.0,remove,185,2.3125,4,3,3,0,2.2090682507985946
model3d_Cf8_N400_T5_lam15_lam23_h1_cu1_pi16_pi26_e039e6,3d,8.0,remove,185,2.3125,5,3,3,0,1.177957782428976
model3d_Cf8_N400_T5_lam15_lam23_h1_cu1_pi16_pi26_e039e6,3d,8.0,remove,186,2.325,3,3,3,0,1.1139549276097114
model3d_Cf8_N400_T5_lam15_lam23_h1_cu1_pi16_pi26_e039e6,3d,8.0,remove,186,2.325,4,3,3,0,2.2092108717646113
model3d_Cf8_N400_T5_lam15_lam23_h1_cu1_pi16_pi26_e039e6,3d,8.0,remove,186,2.325,5,3,3,0,1.1774760376562767
model3d_Cf8_N400_T5_lam15_lam23_h1_cu1_pi16_pi26_e039e6,3d,8.0,remove,187,2.3375,3,3,3,0,1.1143263881662904
model3d_Cf8_N400_T5_lam15_lam23_h1_cu1_pi16_pi26_e039e6,3d,8.0,remove,187,2.3375,4,3,3,0,2.209348993390307
model3d_Cf8_N400_T5_lam15_lam23_h1_cu1_pi16_pi26_e039e6,3d,8.0,remove,187,2.3375,5,3,3,0,1.1770096870358628
model3d_Cf8_N400_T5_lam15_lam23_h1_cu1_pi16_pi26_e039e6,3d,8.0,remove,188,2.35,3,3,3,0,1.1146855091899397
model3d_Cf8_N400_T5_lam15_lam23_h1_cu1_pi16_pi26_e039e6,3d,8.0,remove,188,2.35,4,3,3,0,2.2094827614111523
model3d_Cf8_N400_T5_lam15_lam23_h1_cu1_pi16_pi26_e039e6,3d,8.0,remove,188,2.35,5,3,3,0,1.1765582780470396
model3d_Cf8_N400_T5_lam15_lam23_h1_cu1_pi16_pi26_e039e6,3d,8.0,remove,189,2.3625,3,3,3,0,1.115032694991669
model3d_Cf8_N400_T5_lam15_lam23_h1_cu1_pi16_pi26_e039e6,3d,8.0,remove,189,2.3625,4,3,3,0,2.2096123161256855
model3d_Cf8_N400_T5_lam15_lam23_h1_cu1_pi16_pi26_e039e6,3d,8.0,remove,189,2.3625,5,3,3,0,1.1761213683331988
model3d_Cf8_N400_T5_lam15_lam23_h1_cu1_pi16_pi26_e039e6,3d,8.0,remove,190,2.375,3,3,3,0,1.1153683367903682
model3d_Cf8_N400_T5_lam15_lam23_h1_cu1_pi16_pi26_e039e6,3d,8.0,remove,190,2.375,4,3,3,0,2.209737792676492
model3d_Cf8_N400_T5_lam15_lam23_h1_cu1_pi16_pi26_e039e6,3d,8.0,remove,190,2.375,5,3,3,0,1.1756985257571557
model3d_Cf8_N400_T5_lam15_lam23_h1_cu1_pi16_pi26_e039e6,3d,8.0,remove,191,2.3875,3,3,3,0,1.1156928131382529
model3d_Cf8_N400_T5_lam15_lam23_h1_cu1_pi16_pi26_e039e6,3d,8.0,remove,191,2.3875,4,3,3,0,2.209859321310944
model3d_Cf8_N400_T5_lam15_lam23_h1_cu1_pi16_pi26_e039e6,3d,8.0,remove,191,2.3875,5,3,3,0,1.1752893284230765
model3d_Cf8_N400_T5_lam15_lam23_h1_cu1_pi16_pi26_e039e6,3d,8.0,remove,192,2.4,3,3,3,0,1.1160064903317277
model3d_Cf8_N400_T5_lam15_lam23_h1_cu1_pi16_pi26_e039e6,3d,8.0,remove,192,2.4,4,3,3,0,2.2099770276221875
model3d_Cf8_N400_T5_lam15_lam23_h1_cu1_pi16_pi26_e039e6,3d,8.0,remove,192,2.4,5,3,3,0,1.1748933646682929
model3d_Cf8_N400_T5_lam15_lam23_h1_cu1_pi16_pi26_e039e6,3d,8.0,remove,193,2.4125,3,3,3,0,1.1163097228080403
model3d_Cf8_N400_T5_lam15_lam23_h1_cu1_pi16_pi26_e039e6,3d,8.0,remove,193,2.4125,4,3,3,0,2.21009103277396
model3d_Cf8_N400_T5_lam15_lam23_h1_cu1_pi16_pi26_e039e6,3d,8.0,remove,193,2.4125,5,3,3,0,1.1745102330285846
model3d_Cf8_N400_T5_lam15_lam23_h1_cu1_pi16_pi26_e039e6,3d,8.0,remove,194,2.425,3,3,3,0,1.1166028535282635
model3d_Cf8_N400_T5_lam15_lam23_h1_cu1_pi16_pi26_e039e6,3d,8.0,remove,194,2.425,4,3,3,0,2.210201453708663
model3d_Cf8_N400_T5_lam15_lam23_h1_cu1_pi16_pi26_e039e6,3d,8.0,remove,194,2.425,5,3,3,0,1.1741395421798302
model3d_Cf8_N400_T5_lam15_lam23_h1_cu1_pi16_pi26_e039e6,3d,8.0,remove,195,2.4375,3,3,3,0,1.1168862143478293
model3d_Cf8_N400_T5_lam15_lam23_h1_cu1_pi16_pi26_e039e6,3d,8.0,remove,195,2.4375,4,3,3,0,2.2103084033416565
model3d_Cf8_N400_T5_lam15_lam23_h1_cu1_pi16_pi26_e039e6,3d,8.0,remove,195,2.4375,5,3,3,0,1.173780910859108
model3d_Cf8_N400_T5_lam15_lam23_h1_cu1_pi16_pi26_e039e6,3d,8.0,remove,196,2.45,3,3,3,0,1.1171601263741024
model3d_Cf8_N400_T5_lam15_lam23_h1_cu1_pi16_pi26_e039e6,3d,8.0,remove,196,2.45,4,3,3,0,2.2104119907421875
model3d_Cf8_N400_T5_lam15_lam23_h1_cu1_pi16_pi26_e039e6,3d,8.0,remove,196,2.45,5,3,3,0,1.1734339677671812
model3d_Cf8_N400_T5_lam15_lam23_h1_cu1_pi16_pi26_e039e6,3d,8.0,remove,197,2.4625,3,3,3,0,1.1174249003123293
model3d_Cf8_N400_T5_lam15_lam23_h1_cu1_pi16_pi26_e039e6,3d,8.0,remove,197,2.4625,4,3,3,0,2.2105123213025024
model3d_Cf8_N400_T5_lam15_lam23_h1_cu1_pi16_pi26_e039e6,3d,8.0,remove,197,2.4625,5,3,3,0,1.1730983514555078
model3d_Cf8_N400_T5_lam15_lam23_h1_cu1_pi16_pi26_e039e6,3d,8.0,remove,198,2.475,3,3,3,0,1.1176808368000763
model3d_Cf8_N400_T5_lam15_lam23_h1_cu1_pi16_pi26_e039e6,3d,8.0,remove,198,2.475,4,3,3,0,2.21060949689587
model3d_Cf8_N400_T5_lam15_lam23_h1_cu1_pi16_pi26_e039e6,3d,8.0,remove,198,2.475,5,3,3,0,1.1727737101991522
model3d_Cf8_N400_T5_lam15_lam23_h1_cu1_pi16_pi26_e039e6,3d,8.0,remove,199,2.4875,3,3,3,0,1.1179282267305268
model3d_Cf8_N400_T5_lam15_lam23_h1_cu1_pi16_pi26_e039e6,3d,8.0,remove,199,2.4875,4,3,3,0,2.2107036160246025
model3d_Cf8_N400_T5_lam15_lam23_h1_cu1_pi16_pi26_e039e6,3d,8.0,remove,199,2.4875,5,3,3,0,1.1724597018577185
model3d_Cf8_N400_T5_lam15_lam23_h1_cu1_pi16_pi26_e039e6,3d,8.0,remove,200,2.5,3,3,3,0,1.1181673515652335
model3d_Cf8_N400_T5_lam15_lam23_h1_cu1_pi16_pi26_e039e6,3d,8.0,remove,200,2.5,4,3,3,0,2.210794773958895
model3d_Cf8_N400_T5_lam15_lam23_h1_cu1_pi16_pi26_e039e6,3d,8.0,remove,200,2.5,5,3,3,0,1.1721559937262782
model3d_Cf8_N400_T5_lam15_lam23_h1_cu1_pi16_pi26_e039e6,3d,8.0,remove,201,2.5125,3,3,3,0,1.1183984836368097
model3d_Cf8_N400_T5_lam15_lam23_h1_cu1_pi16_pi26_e039e6,3d,8.0,remove,201,2.5125,4,3,3,0,2.2108830628672536
model3d_Cf8_N400_T5_lam15_lam23_h1_cu1_pi16_pi26_e039e6,3d,8.0,remove,201,2.5125,5,3,3,0,1.1718622623773172
model3d_Cf8_N400_T5_lam15_lam23_h1_cu1_pi16_pi26_e039e6,3d,8.0,remove,202,2.525,3,3,3,0,1.1186218864412751
model3d_Cf8_N400_T5_lam15_lam23_h1_cu1_pi16_pi26_e039e6,3d,8.0,remove,202,2.525,4,3,3,0,2.210968571939162
model3d_Cf8_N400_T5_lam15_lam23_h1_cu1_pi16_pi26_e039e6,3d,8.0,remove,202,2.525,5,3,3,0,1.1715781934955487
model3d_Cf8_N400_T5_lam15_lam23_h1_cu1_pi16_pi26_e039e6,3d,8.0,remove,203,2.5375,3,3,3,0,1.1188378149216476
model3d_Cf8_N400_T5_lam15_lam23_h1_cu1_pi16_pi26_e039e6,3d,8.0,remove,203,2.5375,4,3,3,0,2.2110513875006745
model3d_Cf8_N400_T5_lam15_lam23_h1_cu1_pi16_pi26_e039e6,3d,8.0,remove,203,2.5375,5,3,3,0,1.1713034817068149
model3d_Cf8_N400_T5_lam15_lam23_h1_cu1_pi16_pi26_e039e6,3d,8.0,remove,204,2.55,3,3,3,0,1.119046515741644
model3d_Cf8_N400_T5_lam15_lam23_h1_cu1_pi16_pi26_e039e6,3d,8.0,remove,204,2.55,4,3,3,0,2.211131593123497
model3d_Cf8_N400_T5_lam15_lam23_h1_cu1_pi16_pi26_e039e6,3d,8.0,remove,204,2.55,5,3,3,0,1.1710378304017866
model3d_Cf8_N400_T5_lam15_lam23_h1_cu1_pi16_pi26_e039e6,3d,8.0,remove,205,2.5625,3,3,3,0,1.1192482275510542
model3d_Cf8_N400_T5_lam15_lam23_h1_cu1_pi16_pi26_e039e6,3d,8.0,remove,205,2.5625,4,3,3,0,2.211209269727931
model3d_Cf8_N400_T5_lam15_lam23_h1_cu1_pi16_pi26_e039e6,3d,8.0,remove,205,2.5625,5,3,3,0,1.170780951556054
model3d_Cf8_N400_T5_lam15_lam23_h1_cu1_pi16_pi26_e039e6,3d,8.0,remove,206,2.575,3,3,3,0,1.1194431812423886
model3d_Cf8_N400_T5_lam15_lam23_h1_cu1_pi16_pi26_e039e6,3d,8.0,remove,206,2.575,4,3,3,0,2.211284495680644
model3d_Cf8_N400_T5_lam15_lam23_h1_cu1_pi16_pi26_e039e6,3d,8.0,remove,206,2.575,5,3,3,0,1.1705325655472905
model3d_Cf8_N400_T5_lam15_lam23_h1_cu1_pi16_pi26_e039e6,3d,8.0,remove,207,2.5875,3,3,3,0,1.1196316001992273
model3d_Cf8_N400_T5_lam15_lam23_h1_cu1_pi16_pi26_e039e6,3d,8.0,remove,207,2.5875,4,3,3,0,2.2113573468867287
model3d_Cf8_N400_T5_lam15_lam23_h1_cu1_pi16_pi26_e039e6,3d,8.0,remove,207,2.5875,5,3,3,0,1.170292400969828
model3d_Cf8_N400_T5_lam15_lam23_h1_cu1_pi16_pi26_e039e6,3d,8.0,remove,208,2.6,3,3,3,0,1.1198137005368665
model3d_Cf8_N400_T5_lam15_lam23_h1_cu1_pi16_pi26_e039e6,3d,8.0,remove,208,2.6,4,3,3,0,2.211427896877609
model3d_Cf8_N400_T5_lam15_lam23_h1_cu1_pi16_pi26_e039e6,3d,8.0,remove,208,2.6,5,3,3,0,1.170060194448638
model3d_Cf8_N400_T5_lam15_lam23_h1_cu1_pi16_pi26_e039e6,3d,8.0,remove,209,2.6125,3,3,3,0,1.1199896913350074
model3d_Cf8_N400_T5_lam15_lam23_h1_cu1_pi16_pi26_e039e6,3d,8.0,remove,209,2.6125,4,3,3,0,2.211496216894261
model3d_Cf8_N400_T5_lam15_lam23_h1_cu1_pi16_pi26_e039e6,3d,8.0,remove,209,2.6125,5,3,3,0,1.1698356904519187
model3d_Cf8_N400_T5_lam15_lam23_h1_cu1_pi16_pi26_e039e6,3d,8.0,remove,210,2.625,3,3,3,0,1.1201597748631968
model3d_Cf8_N400_T5_lam15_lam23_h1_cu1_pi16_pi26_e039e6,3d,8.0,remove,210,2.625,4,3,3,0,2.2115623759665652
model3d_Cf8_N400_T5_lam15_lam23_h1_cu1_pi16_pi26_e039e6,3d,8.0,remove,210,2.625,5,3,3,0,1.1696186411036535
model3d_Cf8_N400_T5_lam15_lam23_h1_cu1_pi16_pi26_e039e6,3d,8.0,remove,211,2.6375,3,3,3,0,1.1203241467990495
model3d_Cf8_N400_T5_lam15_lam23_h1_cu1_pi16_pi26_e039e6,3d,8.0,remove,211,2.6375,4,3,3,0,2.2116264409887094
model3d_Cf8_N400_T5_lam15_lam23_h1_cu1_pi16_pi26_e039e6,3d,8.0,remove,211,2.6375,5,3,3,0,1.1694088059969658
model3d_Cf8_N400_T5_lam15_lam23_h1_cu1_pi16_pi26_e039e6,3d,8.0,remove,212,2.65,3,3,3,0,1.1204829964395344
model3d_Cf8_N400_T5_lam15_lam23_h1_cu1_pi16_pi26_e039e6,3d,8.0,remove,212,2.65,4,3,3,0,2.2116884767912666
model3d_Cf8_N400_T5_lam15_lam23_h1_cu1_pi16_pi26_e039e6,3d,8.0,remove,212,2.65,5,3,3,0,1.1692059520076725
model3d_Cf8_N400_T5_lam15_lam23_h1_cu1_pi16_pi26_e039e6,3d,8.0,remove,213,2.6625,3,3,3,0,1.1206365069055266
model3d_Cf8_N400_T5_lam15_lam23_h1_cu1_pi16_pi26_e039e6,3d,8.0,remove,213,2.6625,4,3,3,0,2.2117485462101456
model3d_Cf8_N400_T5_lam15_lam23_h1_cu1_pi16_pi26_e039e6,3d,8.0,remove,213,2.6625,5,3,3,0,1.1690098531094577
model3d_Cf8_N400_T5_lam15_lam23_h1_cu1_pi16_pi26_e039e6,3d,8.0,remove,214,2.675,3,3,3,0,1.1207848553398492
model3d_Cf8_N400_T5_lam15_lam23_h1_cu1_pi16_pi26_e039e6,3d,8.0,remove,214,2.675,4,3,3,0,2.21180671015199
model3d_Cf8_N400_T5_lam15_lam23_h1_cu1_pi16_pi26_e039e6,3d,8.0,remove,214,2.675,5,3,3,0,1.1688202901908937
model3d_Cf8_N400_T5_lam15_lam23_h1_cu1_pi16_pi26_e039e6,3d,8.0,remove,215,2.6875,3,3,3,0,1.120928213099205
model3d_Cf8_N400_T5_lam15_lam23_h1_cu1_pi16_pi26_e039e6,3d,8.0,remove,215,2.6875,4,3,3,0,2.2118630276575004
model3d_Cf8_N400_T5_lam15_lam23_h1_cu1_pi16_pi26_e039e6,3d,8.0,remove,215,2.6875,5,3,3,0,1.1686370508736275
model3d_Cf8_N400_T5_lam15_lam23_h1_cu1_pi16_pi26_e039e6,3d,8.0,remove,216,2.7,3,3,3,0,1.121066745939828
model3d_Cf8_N400_T5_lam15_lam23_h1_cu1_pi16_pi26_e039e6,3d,8.0,remove,216,2.7,4,3,3,0,2.2119175559614916
model3d_Cf8_N400_T5_lam15_lam23_h1_cu1_pi16_pi26_e039e6,3d,8.0,remove,216,2.7,5,3,3,0,1.1684599293336078
model3d_Cf8_N400_T5_lam15_lam23_h1_cu1_pi16_pi26_e039e6,3d,8.0,remove,217,2.7125,3,3,3,0,1.121200614197278
model3d_Cf8_N400_T5_lam15_lam23_h1_cu1_pi16_pi26_e039e6,3d,8.0,remove,217,2.7125,4,3,3,0,2.2119703505509563
model3d_Cf8_N400_T5_lam15_lam23_h1_cu1_pi16_pi26_e039e6,3d,8.0,remove,217,2.7125,5,3,3,0,1.1682887261240182
model3d_Cf8_N400_T5_lam15_lam23_h1_cu1_pi16_pi26_e039e6,3d,8.0,remove,218,2.725,3,3,3,0,1.121329972960666
model3d_Cf8_N400_T5_lam15_lam23_h1_cu1_pi16_pi26_e039e6,3d,8.0,remove,218,2.725,4,3,3,0,2.2120214652203742
model3d_Cf8_N400_T5_lam15_lam23_h1_cu1_pi16_pi26_e039e6,3d,8.0,remove,218,2.725,5,3,3,0,1.1681232480014216
model3d_Cf8_N400_T5_lam15_lam23_h1_cu1_pi16_pi26_e039e6,3d,8.0,remove,219,2.7375,3,3,3,0,1.1214549722412528
model3d_Cf8_N400_T5_lam15_lam23_h1_cu1_pi16_pi26_e039e6,3d,8.0,remove,219,2.7375,4,3,3,0,2.2120709521252024
model3d_Cf8_N400_T5_lam15_lam23_h1_cu1_pi16_pi26_e039e6,3d,8.0,remove,219,2.7375,5,3,3,0,1.1679633077542348
model3d_Cf8_N400_T5_lam15_lam23_h1_cu1_pi16_pi26_e039e6,3d,8.0,remove,220,2.75,3,3,3,0,1.1215757571358438
model3d_Cf8_N400_T5_lam15_lam23_h1_cu1_pi16_pi26_e039e6,3d,8.0,remove,220,2.75,4,3,3,0,2.2121188618332326
model3d_Cf8_N400_T5_lam15_lam23_h1_cu1_pi16_pi26_e039e6,3d,8.0,remove,220,2.75,5,3,3,0,1.1678087240344723
model3d_Cf8_N400_T5_lam15_lam23_h1_cu1_pi16_pi26_e039e6,3d,8.0,remove,221,2.7625,3,3,3,0,1.1216924679849285
model3d_Cf8_N400_T5_lam15_lam23_h1_cu1_pi16_pi26_e039e6,3d,8.0,remove,221,2.7625,4,3,3,0,2.212165243373761
model3d_Cf8_N400_T5_lam15_lam23_h1_cu1_pi16_pi26_e039e6,3d,8.0,remove,221,2.7625,5,3,3,0,1.1676593211923603
model3d_Cf8_N400_T5_lam15_lam23_h1_cu1_pi16_pi26_e039e6,3d,8.0,remove,222,2.775,3,3,3,0,1.1218052405257026
model3d_Cf8_N400_T5_lam15_lam23_h1_cu1_pi16_pi26_e039e6,3d,8.0,remove,222,2.775,4,3,3,0,2.2122101442854785
model3d_Cf8_N400_T5_lam15_lam23_h1_cu1_pi16_pi26_e039e6,3d,8.0,remove,222,2.775,5,3,3,0,1.1675149291143327
model3d_Cf8_N400_T5_lam15_lam23_h1_cu1_pi16_pi26_e039e6,3d,8.0,remove,223,2.7875,3,3,3,0,1.1219142060406
model3d_Cf8_N400_T5_lam15_lam23_h1_cu1_pi16_pi26_e039e6,3d,8.0,remove,223,2.7875,4,3,3,0,2.21225361066206
model3d_Cf8_N400_T5_lam15_lam23_h1_cu1_pi16_pi26_e039e6,3d,8.0,remove,223,2.7875,5,3,3,0,1.1673753830639555
model3d_Cf8_N400_T5_lam15_lam23_h1_cu1_pi16_pi26_e039e6,3d,8.0,remove,224,2.8,3,3,3,0,1.1220194915005663
model3d_Cf8_N400_T5_lam15_lam23_h1_cu1_pi16_pi26_e039e6,3d,8.0,remove,224,2.8,4,3,3,0,2.21229568719653
model3d_Cf8_N400_T5_lam15_lam23_h1_cu1_pi16_pi26_e039e6,3d,8.0,remove,224,2.8,5,3,3,0,1.1672405235265728
model3d_Cf8_N400_T5_lam15_lam23_h1_cu1_pi16_pi26_e039e6,3d,8.0,remove,225,2.8125,3,3,3,0,1.1221212197044963
model3d_Cf8_N400_T5_lam15_lam23_h1_cu1_pi16_pi26_e039e6,3d,8.0,remove,225,2.8125,4,3,3,0,2.2123364172239235
model3d_Cf8_N400_T5_lam15_lam23_h1_cu1_pi16_pi26_e039e6,3d,8.0,remove,225,2.8125,5,3,3,0,1.167110196056882
model3d_Cf8_N400_T5_lam15_lam23_h1_cu1_pi16_pi26_e039e6,3d,8.0,remove,226,2.825,3,3,3,0,1.122219509413668
model3d_Cf8_N400_T5_lam15_lam23_h1_cu1_pi16_pi26_e039e6,3d,8.0,remove,226,2.825,4,3,3,0,2.212375842762441
model3d_Cf8_N400_T5_lam15_lam23_h1_cu1_pi16_pi26_e039e6,3d,8.0,remove,226,2.825,5,3,3,0,1.166984251130316
model3d_Cf8_N400_T5_lam15_lam23_h1_cu1_pi16_pi26_e039e6,3d,8.0,remove,227,2.8375,3,3,3,0,1.1223144754822556
model3d_Cf8_N400_T5_lam15_lam23_h1_cu1_pi16_pi26_e039e6,3d,8.0,remove,227,2.8375,4,3,3,0,2.2124140045532954
model3d_Cf8_N400_T5_lam15_lam23_h1_cu1_pi16_pi26_e039e6,3d,8.0,remove,227,2.8375,5,3,3,0,1.1668625439974107
model3d_Cf8_N400_T5_lam15_lam23_h1_cu1_pi16_pi26_e039e6,3d,8.0,remove,228,2.85,3,3,3,0,1.1224062289835217
model3d_Cf8_N400_T5_lam15_lam23_h1_cu1_pi16_pi26_e039e6,3d,8.0,remove,228,2.85,4,3,3,0,2.212450942099366
model3d_Cf8_N400_T5_lam15_lam23_h1_cu1_pi16_pi26_e039e6,3d,8.0,remove,228,2.85,5,3,3,0,1.1667449345419811
model3d_Cf8_N400_T5_lam15_lam23_h1_cu1_pi16_pi26_e039e6,3d,8.0,remove,229,2.8625,3,3,3,0,1.1224948773321444
model3d_Cf8_N400_T5_lam15_lam23_h1_cu1_pi16_pi26_e039e6,3d,8.0,remove,229,2.8625,4,3,3,0,2.2124866937022034
model3d_Cf8_N400_T5_lam15_lam23_h1_cu1_pi16_pi26_e039e6,3d,8.0,remove,229,2.8625,5,3,3,0,1.166631287142451
model3d_Cf8_N400_T5_lam15_lam23_h1_cu1_pi16_pi26_e039e6,3d,8.0,remove,230,2.875,3,3,3,0,1.122580524402622
model3d_Cf8_N400_T5_lam15_lam23_h1_cu1_pi16_pi26_e039e6,3d,8.0,remove,230,2.875,4,3,3,0,2.2125212964982097
model3d_Cf8_N400_T5_lam15_lam23_h1_cu1_pi16_pi26_e039e6,3d,8.0,remove,230,2.875,5,3,3,0,1.166521470536793
model3d_Cf8_N400_T5_lam15_lam23_h1_cu1_pi16_pi26_e039e6,3d,8.0,remove,231,2.8875,3,3,3,0,1.1226632706438977
model3d_Cf8_N400_T5_lam15_lam23_h1_cu1_pi16_pi26_e039e6,3d,8.0,remove,231,2.8875,4,3,3,0,2.212554786493513
model3d_Cf8_N400_T5_lam15_lam23_h1_cu1_pi16_pi26_e039e6,3d,8.0,remove,231,2.8875,5,3,3,0,1.166415357690454
model3d_Cf8_N400_T5_lam15_lam23_h1_cu1_pi16_pi26_e039e6,3d,8.0,remove,232,2.9,3,3,3,0,1.1227432131904038
model3d_Cf8_N400_T5_lam15_lam23_h1_cu1_pi16_pi26_e039e6,3d,8.0,remove,232,2.9,4,3,3,0,2.2125871985976744
model3d_Cf8_N400_T5_lam15_lam23_h1_cu1_pi16_pi26_e039e6,3d,8.0,remove,232,2.9,5,3,3,0,1.1663128256682
model3d_Cf8_N400_T5_lam15_lam23_h1_cu1_pi16_pi26_e039e6,3d,8.0,remove,233,2.9125,3,3,3,0,1.1228204459694666
model3d_Cf8_N400_T5_lam15_lam23_h1_cu1_pi16_pi26_e039e6,3d,8.0,remove,233,2.9125,4,3,3,0,2.2126185666564027
model3d_Cf8_N400_T5_lam15_lam23_h1_cu1_pi16_pi26_e039e6,3d,8.0,remove,233,2.9125,5,3,3,0,1.166213755509034
model3d_Cf8_N400_T5_lam15_lam23_h1_cu1_pi16_pi26_e039e6,3d,8.0,remove,234,2.925,3,3,3,0,1.122895059805444
model3d_Cf8_N400_T5_lam15_lam23_h1_cu1_pi16_pi26_e039e6,3d,8.0,remove,234,2.925,4,3,3,0,2.2126489234833002
model3d_Cf8_N400_T5_lam15_lam23_h1_cu1_pi16_pi26_e039e6,3d,8.0,remove,234,2.925,5,3,3,0,1.166118032104066
model3d_Cf8_N400_T5_lam15_lam23_h1_cu1_pi16_pi26_e039e6,3d,8.0,remove,235,2.9375,3,3,3,0,1.12296714252048
model3d_Cf8_N400_T5_lam15_lam23_h1_cu1_pi16_pi26_e039e6,3d,8.0,remove,235,2.9375,4,3,3,0,2.2126783008905306
model3d_Cf8_N400_T5_lam15_lam23_h1_cu1_pi16_pi26_e039e6,3d,8.0,remove,235,2.9375,5,3,3,0,1.1660255440783658
model3d_Cf8_N400_T5_lam15_lam23_h1_cu1_pi16_pi26_e039e6,3d,8.0,remove,236,2.95,3,3,3,0,1.1230367790320486
model3d_Cf8_N400_T5_lam15_lam23_h1_cu1_pi16_pi26_e039e6,3d,8.0,remove,236,2.95,4,3,3,0,2.2127067297186045
model3d_Cf8_N400_T5_lam15_lam23_h1_cu1_pi16_pi26_e039e6,3d,8.0,remove,236,2.95,5,3,3,0,1.1659361836751998
model3d_Cf8_N400_T5_lam15_lam23_h1_cu1_pi16_pi26_e039e6,3d,8.0,remove,237,2.9625,3,3,3,0,1.123104051447342
model3d_Cf8_N400_T5_lam15_lam23_h1_cu1_pi16_pi26_e039e6,3d,8.0,remove,237,2.9625,4,3,3,0,2.2127342398653127
model3d_Cf8_N400_T5_lam15_lam23_h1_cu1_pi16_pi26_e039e6,3d,8.0,remove,237,2.9625,5,3,3,0,1.1658498466440506
model3d_Cf8_N400_T5_lam15_lam23_h1_cu1_pi16_pi26_e039e6,3d,8.0,remove,238,2.975,3,3,3,0,1.123169039154817
model3d_Cf8_N400_T5_lam15_lam23_h1_cu1_pi16_pi26_e039e6,3d,8.0,remove,238,2.975,4,3,3,0,2.212760860313722
model3d_Cf8_N400_T5_lam15_lam23_h1_cu1_pi16_pi26_e039e6,3d,8.0,remove,238,2.975,5,3,3,0,1.1657664321315053
model3d_Cf8_N400_T5_lam15_lam23_h1_cu1_pi16_pi26_e039e6,3d,8.0,remove,239,2.9875,3,3,3,0,1.1232318189127
model3d_Cf8_N400_T5_lam15_lam23_h1_cu1_pi16_pi26_e039e6,3d,8.0,remove,239,2.9875,4,3,3,0,2.2127866191592034
model3d_Cf8_N400_T5_lam15_lam23_h1_cu1_pi16_pi26_e039e6,3d,8.0,remove,239,2.9875,5,3,3,0,1.1656858425751295
model3d_Cf8_N400_T5_lam15_lam23_h1_cu1_pi16_pi26_e039e6,3d,8.0,remove,240,3.0,3,3,3,0,1.12329246493465
model3d_Cf8_N400_T5_lam15_lam23_h1_cu1_pi16_pi26_e039e6,3d,8.0,remove,240,3.0,4,3,3,0,2.2128115436360645
model3d_Cf8_N400_T5_lam15_lam23_h1_cu1_pi16_pi26_e039e6,3d,8.0,remove,240,3.0,5,3,3,0,1.1656079836003812
model3d_Cf8_N400_T5_lam15_lam23_h1_cu1_pi16_pi26_e039e6,3d,8.0,remove,241,3.0125,3,3,3,0,1.1233510489726939
model3d_Cf8_N400_T5_lam15_lam23_h1_cu1_pi16_pi26_e039e6,3d,8.0,remove,241,3.0125,4,3,3,0,2.2128356601427868
model3d_Cf8_N400_T5_lam15_lam23_h1_cu1_pi16_pi26_e039e6,3d,8.0,remove,241,3.0125,5,3,3,0,1.165532763920453
model3d_Cf8_N400_T5_lam15_lam23_h1_cu1_pi16_pi26_e039e6,3d,8.0,remove,242,3.025,3,3,3,0,1.1234076403976871
model3d_Cf8_N400_T5_lam15_lam23_h1_cu1_pi16_pi26_e039e6,3d,8.0,remove,242,3.025,4,3,3,0,2.212858994267151
model3d_Cf8_N400_T5_lam15_lam23_h1_cu1_pi16_pi26_e039e6,3d,8.0,remove,242,3.025,5,3,3,0,1.165460095239041
model3d_Cf8_N400_T5_lam15_lam23_h1_cu1_pi16_pi26_e039e6,3d,8.0,remove,243,3.0375,3,3,3,0,1.1234623062769913
model3d_Cf8_N400_T5_lam15_lam23_h1_cu1_pi16_pi26_e039e6,3d,8.0,remove,243,3.0375,4,3,3,0,2.21288157081014
model3d_Cf8_N400_T5_lam15_lam23_h1_cu1_pi16_pi26_e039e6,3d,8.0,remove,243,3.0375,5,3,3,0,1.1653898921559573
model3d_Cf8_N400_T5_lam15_lam23_h1_cu1_pi16_pi26_e039e6,3d,8.0,remove,244,3.05,3,3,3,0,1.123515111449592
model3d_Cf8_N400_T5_lam15_lam23_h1_cu1_pi16_pi26_e039e6,3d,8.0,remove,244,3.05,4,3,3,0,2.212903413809414
model3d_Cf8_N400_T5_lam15_lam23_h1_cu1_pi16_pi26_e039e6,3d,8.0,remove,244,3.05,5,3,3,0,1.16532207207527
model3d_Cf8_N400_T5_lam15_lam23_h1_cu1_pi16_pi26_e039e6,3d,8.0,remove,245,3.0625,3,3,3,0,1.1235661185992285
model3d_Cf8_N400_T5_lam15_lam23_h1_cu1_pi16_pi26_e039e6,3d,8.0,remove,245,3.0625,4,3,3,0,2.212924546561993
model3d_Cf8_N400_T5_lam15_lam23_h1_cu1_pi16_pi26_e039e6,3d,8.0,remove,245,3.0625,5,3,3,0,1.165256555116315
model3d_Cf8_N400_T5_lam15_lam23_h1_cu1_pi16_pi26_e039e6,3d,8.0,remove,246,3.075,3,3,3,0,1.1236153883247084
model3d_Cf8_N400_T5_lam15_lam23_h1_cu1_pi16_pi26_e039e6,3d,8.0,remove,246,3.075,4,3,3,0,2.2129449916463386
model3d_Cf8_N400_T5_lam15_lam23_h1_cu1_pi16_pi26_e039e6,3d,8.0,remove,246,3.075,5,3,3,0,1.165193264027323
model3d_Cf8_N400_T5_lam15_lam23_h1_cu1_pi16_pi26_e039e6,3d,8.0,remove,247,3.0875,3,3,3,0,1.123662979208234
model3d_Cf8_N400_T5_lam15_lam23_h1_cu1_pi16_pi26_e039e6,3d,8.0,remove,247,3.0875,4,3,3,0,2.212964770943614
model3d_Cf8_N400_T5_lam15_lam23_h1_cu1_pi16_pi26_e039e6,3d,8.0,remove,247,3.0875,5,3,3,0,1.1651321241016603
model3d_Cf8_N400_T5_lam15_lam23_h1_cu1_pi16_pi26_e039e6,3d,8.0,remove,248,3.1,3,3,3,0,1.1237089478815392
model3d_Cf8_N400_T5_lam15_lam23_h1_cu1_pi16_pi26_e039e6,3d,8.0,remove,248,3.1,4,3,3,0,2.212983905658632
model3d_Cf8_N400_T5_lam15_lam23_h1_cu1_pi16_pi26_e039e6,3d,8.0,remove,248,3.1,5,3,3,0,1.1650730630962869
model3d_Cf8_N400_T5_lam15_lam23_h1_cu1_pi16_pi26_e039e6,3d,8.0,remove,249,3.1125,3,3,3,0,1.1237533490896965
model3d_Cf8_N400_T5_lam15_lam23_h1_cu1_pi16_pi26_e039e6,3d,8.0,remove,249,3.1125,4,3,3,0,2.2130024163400606
model3d_Cf8_N400_T5_lam15_lam23_h1_cu1_pi16_pi26_e039e6,3d,8.0,remove,249,3.1125,5,3,3,0,1.1650160111530852
model3d_Cf8_N400_T5_lam15_lam23_h1_cu1_pi16_pi26_e039e6,3d,8.0,remove,250,3.125,3,3,3,0,1.123796235753133
model3d_Cf8_N400_T5_lam15_lam23_h1_cu1_pi16_pi26_e039e6,3d,8.0,remove,250,3.125,4,3,3,0,2.2130203228998653
model3d_Cf8_N400_T5_lam15_lam23_h1_cu1_pi16_pi26_e039e6,3d,8.0,remove,250,3.125,5,3,3,0,1.1649609007221784
model3d_Cf8_N400_T5_lam15_lam23_h1_cu1_pi16_pi26_e039e6,3d,8.0,remove,251,3.1375,3,3,3,0,1.12383765902743
model3d_Cf8_N400_T5_lam15_lam23_h1_cu1_pi16_pi26_e039e6,3d,8.0,remove,251,3.1375,4,3,3,0,2.2130376446323794
model3d_Cf8_N400_T5_lam15_lam23_h1_cu1_pi16_pi26_e039e6,3d,8.0,remove,251,3.1375,5,3,3,0,1.1649076664877782
model3d_Cf8_N400_T5_lam15_lam23_h1_cu1_pi16_pi26_e039e6,3d,8.0,remove,252,3.15,3,3,3,0,1.123877668361473
model3d_Cf8_N400_T5_lam15_lam23_h1_cu1_pi16_pi26_e039e6,3d,8.0,remove,252,3.15,4,3,3,0,2.2130544002328634
model3d_Cf8_N400_T5_lam15_lam23_h1_cu1_pi16_pi26_e039e6,3d,8.0,remove,252,3.15,5,3,3,0,1.1648562452962494
model3d_Cf8_N400_T5_lam15_lam23_h1_cu1_pi16_pi26_e039e6,3d,8.0,remove,253,3.1625,3,3,3,0,1.1239163115533302
model3d_Cf8_N400_T5_lam15_lam23_h1_cu1_pi16_pi26_e039e6,3d,8.0,remove,253,3.1625,4,3,3,0,2.213070607815382
model3d_Cf8_N400_T5_lam15_lam23_h1_cu1_pi16_pi26_e039e6,3d,8.0,remove,253,3.1625,5,3,3,0,1.1648065760863915
model3d_Cf8_N400_T5_lam15_lam23_h1_cu1_pi16_pi26_e039e6,3d,8.0,remove,254,3.175,3,3,3,0,1.123953634804792
model3d_Cf8_N400_T5_lam15_lam23_h1_cu1_pi16_pi26_e039e6,3d,8.0,remove,254,3.175,4,3,3,0,2.213086284930256
model3d_Cf8_N400_T5_lam15_lam23_h1_cu1_pi16_pi26_e039e6,3d,8.0,remove,254,3.175,5,3,3,0,1.1647585998217664
model3d_Cf8_N400_T5_lam15_lam23_h1_cu1_pi16_pi26_e039e6,3d,8.0,remove,255,3.1875,3,3,3,0,1.1239896827736686
model3d_Cf8_N400_T5_lam15_lam23_h1_cu1_pi16_pi26_e039e6,3d,8.0,remove,255,3.1875,4,3,3,0,2.2131014485809715
model3d_Cf8_N400_T5_lam15_lam23_h1_cu1_pi16_pi26_e039e6,3d,8.0,remove,255,3.1875,5,3,3,0,1.1647122594252721
model3d_Cf8_N400_T5_lam15_lam23_h1_cu1_pi16_pi26_e039e6,3d,8.0,remove,256,3.2,3,3,3,0,1.124024498624891
model3d_Cf8_N400_T5_lam15_lam23_h1_cu1_pi16_pi26_e039e6,3d,8.0,remove,256,3.2,4,3,3,0,2.2131161152406946
model3d_Cf8_N400_T5_lam15_lam23_h1_cu1_pi16_pi26_e039e6,3d,8.0,remove,256,3.2,5,3,3,0,1.1646674997154776
model3d_Cf8_N400_T5_lam15_lam23_h1_cu1_pi16_pi26_e039e6,3d,8.0,remove,257,3.2125,3,3,3,0,1.1240581240795677
model3d_Cf8_N400_T5_lam15_lam23_h1_cu1_pi16_pi26_e039e6,3d,8.0,remove,257,3.2125,4,3,3,0,2.21313030086813
model3d_Cf8_N400_T5_lam15_lam23_h1_cu1_pi16_pi26_e039e6,3d,8.0,remove,257,3.2125,5,3,3,0,1.1646242673452605
model3d_Cf8_N400_T5_lam15_lam23_h1_cu1_pi16_pi26_e039e6,3d,8.0,remove,258,3.225,3,3,3,0,1.1240905994627042
model3d_Cf8_N400_T5_lam15_lam23_h1_cu1_pi16_pi26_e039e6,3d,8.0,remove,258,3.225,4,3,3,0,2.213144020923096
model3d_Cf8_N400_T5_lam15_lam23_h1_cu1_pi16_pi26_e039e6,3d,8.0,remove,258,3.225,5,3,3,0,1.1645825107420933
model3d_Cf8_N400_T5_lam15_lam23_h1_cu1_pi16_pi26_e039e6,3d,8.0,remove,259,3.2375,3,3,3,0,1.1241219637490758
model3d_Cf8_N400_T5_lam15_lam23_h1_cu1_pi16_pi26_e039e6,3d,8.0,remove,259,3.2375,4,3,3,0,2.2131572903815027
model3d_Cf8_N400_T5_lam15_lam23_h1_cu1_pi16_pi26_e039e6,3d,8.0,remove,259,3.2375,5,3,3,0,1.1645421800502618
model3d_Cf8_N400_T5_lam15_lam23_h1_cu1_pi16_pi26_e039e6,3d,8.0,remove,260,3.25,3,3,3,0,1.1241522546080205
model3d_Cf8_N400_T5_lam15_lam23_h1_cu1_pi16_pi26_e039e6,3d,8.0,remove,260,3.25,4,3,3,0,2.2131701237500465
model3d_Cf8_N400_T5_lam15_lam23_h1_cu1_pi16_pi26_e039e6,3d,8.0,remove,260,3.25,5,3,3,0,1.1645032270750733
model3d_Cf8_N400_T5_lam15_lam23_h1_cu1_pi16_pi26_e039e6,3d,8.0,remove,261,3.2625,3,3,3,0,1.1241815084466111
model3d_Cf8_N400_T5_lam15_lam23_h1_cu1_pi16_pi26_e039e6,3d,8.0,remove,261,3.2625,4,3,3,0,2.2131825350803638
model3d_Cf8_N400_T5_lam15_lam23_h1_cu1_pi16_pi26_e039e6,3d,8.0,remove,261,3.2625,5,3,3,0,1.1644656052284574
model3d_Cf8_N400_T5_lam15_lam23_h1_cu1_pi16_pi26_e039e6,3d,8.0,remove,262,3.275,3,3,3,0,1.1242097604514925
model3d_Cf8_N400_T5_lam15_lam23_h1_cu1_pi16_pi26_e039e6,3d,8.0,remove,262,3.275,4,3,3,0,2.213194537982787
model3d_Cf8_N400_T5_lam15_lam23_h1_cu1_pi16_pi26_e039e6,3d,8.0,remove,262,3.275,5,3,3,0,1.1644292694765
model3d_Cf8_N400_T5_lam15_lam23_h1_cu1_pi16_pi26_e039e6,3d,8.0,remove,263,3.2875,3,3,3,0,1.1242370446286714
model3d_Cf8_N400_T5_lam15_lam23_h1_cu1_pi16_pi26_e039e6,3d,8.0,remove,263,3.2875,4,3,3,0,2.213206145639816
model3d_Cf8_N400_T5_lam15_lam23_h1_cu1_pi16_pi26_e039e6,3d,8.0,remove,263,3.2875,5,3,3,0,1.1643941762887948
model3d_Cf8_N400_T5_lam15_lam23_h1_cu1_pi16_pi26_e039e6,3d,8.0,remove,264,3.3,3,3,3,0,1.124263393843421
model3d_Cf8_N400_T5_lam15_lam23_h1_cu1_pi16_pi26_e039e6,3d,8.0,remove,264,3.3,4,3,3,0,2.2132173708189953
model3d_Cf8_N400_T5_lam15_lam23_h1_cu1_pi16_pi26_e039e6,3d,8.0,remove,264,3.3,5,3,3,0,1.1643602835889908
model3d_Cf8_N400_T5_lam15_lam23_h1_cu1_pi16_pi26_e039e6,3d,8.0,remove,265,3.3125,3,3,3,0,1.1242888398574564
model3d_Cf8_N400_T5_lam15_lam23_h1_cu1_pi16_pi26_e039e6,3d,8.0,remove,265,3.3125,4,3,3,0,2.2132282258857288
model3d_Cf8_N400_T5_lam15_lam23_h1_cu1_pi16_pi26_e039e6,3d,8.0,remove,265,3.3125,5,3,3,0,1.1643275507071849
model3d_Cf8_N400_T5_lam15_lam23_h1_cu1_pi16_pi26_e039e6,3d,8.0,remove,266,3.325,3,3,3,0,1.1243134133659964
model3d_Cf8_N400_T5_lam15_lam23_h1_cu1_pi16_pi26_e039e6,3d,8.0,remove,266,3.325,4,3,3,0,2.2132387228152766
model3d_Cf8_N400_T5_lam15_lam23_h1_cu1_pi16_pi26_e039e6,3d,8.0,remove,266,3.325,5,3,3,0,1.1642959383338791
model3d_Cf8_N400_T5_lam15_lam23_h1_cu1_pi16_pi26_e039e6,3d,8.0,remove,267,3.3375,3,3,3,0,1.1243371440327792
model3d_Cf8_N400_T5_lam15_lam23_h1_cu1_pi16_pi26_e039e6,3d,8.0,remove,267,3.3375,4,3,3,0,2.2132488732048046
model3d_Cf8_N400_T5_lam15_lam23_h1_cu1_pi16_pi26_e039e6,3d,8.0,remove,267,3.3375,5,3,3,0,1.1642654084751314
model3d_Cf8_N400_T5_lam15_lam23_h1_cu1_pi16_pi26_e039e6,3d,8.0,remove,268,3.35,3,3,3,0,1.124360060524623
model3d_Cf8_N400_T5_lam15_lam23_h1_cu1_pi16_pi26_e039e6,3d,8.0,remove,268,3.35,4,3,3,0,2.2132586882848386
model3d_Cf8_N400_T5_lam15_lam23_h1_cu1_pi16_pi26_e039e6,3d,8.0,remove,268,3.35,5,3,3,0,1.1642359244093825
model3d_Cf8_N400_T5_lam15_lam23_h1_cu1_pi16_pi26_e039e6,3d,8.0,remove,269,3.3625,3,3,3,0,1.1243821905442815
model3d_Cf8_N400_T5_lam15_lam23_h1_cu1_pi16_pi26_e039e6,3d,8.0,remove,269,3.3625,4,3,3,0,2.213268178930548
model3d_Cf8_N400_T5_lam15_lam23_h1_cu1_pi16_pi26_e039e6,3d,8.0,remove,269,3.3625,5,3,3,0,1.1642074506455344
model3d_Cf8_N400_T5_lam15_lam23_h1_cu1_pi16_pi26_e039e6,3d,8.0,remove,270,3.375,3,3,3,0,1.1244035608626177
model3d_Cf8_N400_T5_lam15_lam23_h1_cu1_pi16_pi26_e039e6,3d,8.0,remove,270,3.375,4,3,3,0,2.2132773556725738
model3d_Cf8_N400_T5_lam15_lam23_h1_cu1_pi16_pi26_e039e6,3d,8.0,remove,270,3.375,5,3,3,0,1.164179952882506
model3d_Cf8_N400_T5_lam15_lam23_h1_cu1_pi16_pi26_e039e6,3d,8.0,remove,271,3.3875,3,3,3,0,1.124424197349697
model3d_Cf8_N400_T5_lam15_lam23_h1_cu1_pi16_pi26_e039e6,3d,8.0,remove,271,3.3875,4,3,3,0,2.2132862287076023
model3d_Cf8_N400_T5_lam15_lam23_h1_cu1_pi16_pi26_e039e6,3d,8.0,remove,271,3.3875,5,3,3,0,1.1641533979698124
model3d_Cf8_N400_T5_lam15_lam23_h1_cu1_pi16_pi26_e039e6,3d,8.0,remove,272,3.4,3,3,3,0,1.1244441250046862
model3d_Cf8_N400_T5_lam15_lam23_h1_cu1_pi16_pi26_e039e6,3d,8.0,remove,272,3.4,4,3,3,0,2.213294807908653
model3d_Cf8_N400_T5_lam15_lam23_h1_cu1_pi16_pi26_e039e6,3d,8.0,remove,272,3.4,5,3,3,0,1.1641277538696215
model3d_Cf8_N400_T5_lam15_lam23_h1_cu1_pi16_pi26_e039e6,3d,8.0,remove,273,3.4125,3,3,3,0,1.1244633679849017
model3d_Cf8_N400_T5_lam15_lam23_h1_cu1_pi16_pi26_e039e6,3d,8.0,remove,273,3.4125,4,3,3,0,2.2133031028349706
model3d_Cf8_N400_T5_lam15_lam23_h1_cu1_pi16_pi26_e039e6,3d,8.0,remove,273,3.4125,5,3,3,0,1.1641029896201758
model3d_Cf8_N400_T5_lam15_lam23_h1_cu1_pi16_pi26_e039e6,3d,8.0,remove,274,3.425,3,3,3,0,1.1244819496338891
model3d_Cf8_N400_T5_lam15_lam23_h1_cu1_pi16_pi26_e039e6,3d,8.0,remove,274,3.425,4,3,3,0,2.2133111227415725
model3d_Cf8_N400_T5_lam15_lam23_h1_cu1_pi16_pi26_e039e6,3d,8.0,remove,274,3.425,5,3,3,0,1.1640790752999806
model3d_Cf8_N400_T5_lam15_lam23_h1_cu1_pi16_pi26_e039e6,3d,8.0,remove,275,3.4375,3,3,3,0,1.1244998925085383
model3d_Cf8_N400_T5_lam15_lam23_h1_cu1_pi16_pi26_e039e6,3d,8.0,remove,275,3.4375,4,3,3,0,2.2133188765889713
model3d_Cf8_N400_T5_lam15_lam23_h1_cu1_pi16_pi26_e039e6,3d,8.0,remove,275,3.4375,5,3,3,0,1.1640559819934992
model3d_Cf8_N400_T5_lam15_lam23_h1_cu1_pi16_pi26_e039e6,3d,8.0,remove,276,3.45,3,3,3,0,1.1245172184054582
model3d_Cf8_N400_T5_lam15_lam23_h1_cu1_pi16_pi26_e039e6,3d,8.0,remove,276,3.45,4,3,3,0,2.2133263730517
model3d_Cf8_N400_T5_lam15_lam23_h1_cu1_pi16_pi26_e039e6,3d,8.0,remove,276,3.45,5,3,3,0,1.1640336817577008
model3d_Cf8_N400_T5_lam15_lam23_h1_cu1_pi16_pi26_e039e6,3d,8.0,remove,277,3.4625,3,3,3,0,1.1245339483862722
model3d_Cf8_N400_T5_lam15_lam23_h1_cu1_pi16_pi26_e039e6,3d,8.0,remove,277,3.4625,4,3,3,0,2.213333620527635
model3d_Cf8_N400_T5_lam15_lam23_h1_cu1_pi16_pi26_e039e6,3d,8.0,remove,277,3.4625,5,3,3,0,1.1640121475901992
model3d_Cf8_N400_T5_lam15_lam23_h1_cu1_pi16_pi26_e039e6,3d,8.0,remove,278,3.475,3,3,3,0,1.1245501028024023
model3d_Cf8_N400_T5_lam15_lam23_h1_cu1_pi16_pi26_e039e6,3d,8.0,remove,278,3.475,4,3,3,0,2.2133406271464082
model3d_Cf8_N400_T5_lam15_lam23_h1_cu1_pi16_pi26_e039e6,3d,8.0,remove,278,3.475,5,3,3,0,1.1639913533974777
model3d_Cf8_N400_T5_lam15_lam23_h1_cu1_pi16_pi26_e039e6,3d,8.0,remove,279,3.4875,3,3,3,0,1.1245657013184882
model3d_Cf8_N400_T5_lam15_lam23_h1_cu1_pi16_pi26_e039e6,3d,8.0,remove,279,3.4875,4,3,3,0,2.21334740077765
model3d_Cf8_N400_T5_lam15_lam23_h1_cu1_pi16_pi26_e039e6,3d,8.0,remove,279,3.4875,5,3,3,0,1.1639712739652168
model3d_Cf8_N400_T5_lam15_lam23_h1_cu1_pi16_pi26_e039e6,3d,8.0,remove,280,3.5,3,3,3,0,1.1245807629359206
model3d_Cf8_N400_T5_lam15_lam23_h1_cu1_pi16_pi26_e039e6,3d,8.0,remove,280,3.5,4,3,3,0,2.213353949038833
model3d_Cf8_N400_T5_lam15_lam23_h1_cu1_pi16_pi26_e039e6,3d,8.0,remove,280,3.5,5,3,3,0,1.163951884928565
model3d_Cf8_N400_T5_lam15_lam23_h1_cu1_pi16_pi26_e039e6,3d,8.0,remove,281,3.5125,3,3,3,0,1.124595306014612
model3d_Cf8_N400_T5_lam15_lam23_h1_cu1_pi16_pi26_e039e6,3d,8.0,remove,281,3.5125,4,3,3,0,2.2133602793036857
model3d_Cf8_N400_T5_lam15_lam23_h1_cu1_pi16_pi26_e039e6,3d,8.0,remove,281,3.5125,5,3,3,0,1.1639331627444562
model3d_Cf8_N400_T5_lam15_lam23_h1_cu1_pi16_pi26_e039e6,3d,8.0,remove,282,3.525,3,3,3,0,1.1246093482946549
model3d_Cf8_N400_T5_lam15_lam23_h1_cu1_pi16_pi26_e039e6,3d,8.0,remove,282,3.525,4,3,3,0,2.2133663987091268
model3d_Cf8_N400_T5_lam15_lam23_h1_cu1_pi16_pi26_e039e6,3d,8.0,remove,282,3.525,5,3,3,0,1.16391508466387
model3d_Cf8_N400_T5_lam15_lam23_h1_cu1_pi16_pi26_e039e6,3d,8.0,remove,283,3.5375,3,3,3,0,1.1246229069175797
model3d_Cf8_N400_T5_lam15_lam23_h1_cu1_pi16_pi26_e039e6,3d,8.0,remove,283,3.5375,4,3,3,0,2.213372314162939
model3d_Cf8_N400_T5_lam15_lam23_h1_cu1_pi16_pi26_e039e6,3d,8.0,remove,283,3.5375,5,3,3,0,1.1638976287055698
model3d_Cf8_N400_T5_lam15_lam23_h1_cu1_pi16_pi26_e039e6,3d,8.0,remove,284,3.55,3,3,3,0,1.12463599844574
model3d_Cf8_N400_T5_lam15_lam23_h1_cu1_pi16_pi26_e039e6,3d,8.0,remove,284,3.55,4,3,3,0,2.213378032350704
model3d_Cf8_N400_T5_lam15_lam23_h1_cu1_pi16_pi26_e039e6,3d,8.0,remove,284,3.55,5,3,3,0,1.163880773630467
model3d_Cf8_N400_T5_lam15_lam23_h1_cu1_pi16_pi26_e039e6,3d,8.0,remove,285,3.5625,3,3,3,0,1.1246486388824906
model3d_Cf8_N400_T5_lam15_lam23_h1_cu1_pi16_pi26_e039e6,3d,8.0,remove,285,3.5625,4,3,3,0,2.2133835597431357
model3d_Cf8_N400_T5_lam15_lam23_h1_cu1_pi16_pi26_e039e6,3d,8.0,remove,285,3.5625,5,3,3,0,1.1638644989166096
model3d_Cf8_N400_T5_lam15_lam23_h1_cu1_pi16_pi26_e039e6,3d,8.0,remove,286,3.575,3,3,3,0,1.1246608436906058
model3d_Cf8_N400_T5_lam15_lam23_h1_cu1_pi16_pi26_e039e6,3d,8.0,remove,286,3.575,4,3,3,0,2.2133889026023326
model3d_Cf8_N400_T5_lam15_lam23_h1_cu1_pi16_pi26_e039e6,3d,8.0,remove,286,3.575,5,3,3,0,1.1638487847357055
model3d_Cf8_N400_T5_lam15_lam23_h1_cu1_pi16_pi26_e039e6,3d,8.0,remove,287,3.5875,3,3,3,0,1.124672627810753
model3d_Cf8_N400_T5_lam15_lam23_h1_cu1_pi16_pi26_e039e6,3d,8.0,remove,287,3.5875,4,3,3,0,2.213394066988485
model3d_Cf8_N400_T5_lam15_lam23_h1_cu1_pi16_pi26_e039e6,3d,8.0,remove,287,3.5875,5,3,3,0,1.1638336119297037
model3d_Cf8_N400_T5_lam15_lam23_h1_cu1_pi16_pi26_e039e6,3d,8.0,remove,288,3.6,3,3,3,0,1.1246840056790575
model3d_Cf8_N400_T5_lam15_lam23_h1_cu1_pi16_pi26_e039e6,3d,8.0,remove,288,3.6,4,3,3,0,2.2133990587661287
model3d_Cf8_N400_T5_lam15_lam23_h1_cu1_pi16_pi26_e039e6,3d,8.0,remove,288,3.6,5,3,3,0,1.1638189619882837
model3d_Cf8_N400_T5_lam15_lam23_h1_cu1_pi16_pi26_e039e6,3d,8.0,remove,289,3.6125,3,3,3,0,1.1246949912442687
model3d_Cf8_N400_T5_lam15_lam23_h1_cu1_pi16_pi26_e039e6,3d,8.0,remove,289,3.6125,4,3,3,0,2.2134038836102263
model3d_Cf8_N400_T5_lam15_lam23_h1_cu1_pi16_pi26_e039e6,3d,8.0,remove,289,3.6125,5,3,3,0,1.163804817027426
model3d_Cf8_N400_T5_lam15_lam23_h1_cu1_pi16_pi26_e039e6,3d,8.0,remove,290,3.625,3,3,3,0,1.124705597984189
model3d_Cf8_N400_T5_lam15_lam23_h1_cu1_pi16_pi26_e039e6,3d,8.0,remove,290,3.625,4,3,3,0,2.2134085470121363
model3d_Cf8_N400_T5_lam15_lam23_h1_cu1_pi16_pi26_e039e6,3d,8.0,remove,290,3.625,5,3,3,0,1.1637911597683797
model3d_Cf8_N400_T5_lam15_lam23_h1_cu1_pi16_pi26_e039e6,3d,8.0,remove,291,3.6375,3,3,3,0,1.1247158389215315
model3d_Cf8_N400_T5_lam15_lam23_h1_cu1_pi16_pi26_e039e6,3d,8.0,remove,291,3.6375,4,3,3,0,2.2134130542854678
model3d_Cf8_N400_T5_lam15_lam23_h1_cu1_pi16_pi26_e039e6,3d,8.0,remove,291,3.6375,5,3,3,0,1.163777973517142
model3d_Cf8_N400_T5_lam15_lam23_h1_cu1_pi16_pi26_e039e6,3d,8.0,remove,292,3.65,3,3,3,0,1.1247257266396673
model3d_Cf8_N400_T5_lam15_lam23_h1_cu1_pi16_pi26_e039e6,3d,8.0,remove,292,3.65,4,3,3,0,2.2134174105714237
model3d_Cf8_N400_T5_lam15_lam23_h1_cu1_pi16_pi26_e039e6,3d,8.0,remove,292,3.65,5,3,3,0,1.1637652421452458
model3d_Cf8_N400_T5_lam15_lam23_h1_cu1_pi16_pi26_e039e6,3d,8.0,remove,293,3.6625,3,3,3,0,1.1247352732974036
model3d_Cf8_N400_T5_lam15_lam23_h1_cu1_pi16_pi26_e039e6,3d,8.0,remove,293,3.6625,4,3,3,0,2.2134216208442012
model3d_Cf8_N400_T5_lam15_lam23_h1_cu1_pi16_pi26_e039e6,3d,8.0,remove,293,3.6625,5,3,3,0,1.163752950070375
model3d_Cf8_N400_T5_lam15_lam23_h1_cu1_pi16_pi26_e039e6,3d,8.0,remove,294,3.675,3,3,3,0,1.1247444906434794
model3d_Cf8_N400_T5_lam15_lam23_h1_cu1_pi16_pi26_e039e6,3d,8.0,remove,294,3.675,4,3,3,0,2.213425689916562
model3d_Cf8_N400_T5_lam15_lam23_h1_cu1_pi16_pi26_e039e6,3d,8.0,remove,294,3.675,5,3,3,0,1.1637410822384595
model3d_Cf8_N400_T5_lam15_lam23_h1_cu1_pi16_pi26_e039e6,3d,8.0,remove,295,3.6875,3,3,3,0,1.124753390030662
model3d_Cf8_N400_T5_lam15_lam23_h1_cu1_pi16_pi26_e039e6,3d,8.0,remove,295,3.6875,4,3,3,0,2.2134296224446075
model3d_Cf8_N400_T5_lam15_lam23_h1_cu1_pi16_pi26_e039e6,3d,8.0,remove,295,3.6875,5,3,3,0,1.1637296241054287
model3d_Cf8_N400_T5_lam15_lam23_h1_cu1_pi16_pi26_e039e6,3d,8.0,remove,296,3.7,3,3,3,0,1.1247619824293338
model3d_Cf8_N400_T5_lam15_lam23_h1_cu1_pi16_pi26_e039e6,3d,8.0,remove,296,3.7,4,3,3,0,2.2134334229327237
model3d_Cf8_N400_T5_lam15_lam23_h1_cu1_pi16_pi26_e039e6,3d,8.0,remove,296,3.7,5,3,3,0,1.1637185616206125
model3d_Cf8_N400_T5_lam15_lam23_h1_cu1_pi16_pi26_e039e6,3d,8.0,remove,297,3.7125,3,3,3,0,1.1247702784402804
model3d_Cf8_N400_T5_lam15_lam23_h1_cu1_pi16_pi26_e039e6,3d,8.0,remove,297,3.7125,4,3,3,0,2.2134370957380725
model3d_Cf8_N400_T5_lam15_lam23_h1_cu1_pi16_pi26_e039e6,3d,8.0,remove,297,3.7125,5,3,3,0,1.163707881209632
model3d_Cf8_N400_T5_lam15_lam23_h1_cu1_pi16_pi26_e039e6,3d,8.0,remove,298,3.725,3,3,3,0,1.1247782883078798
model3d_Cf8_N400_T5_lam15_lam23_h1_cu1_pi16_pi26_e039e6,3d,8.0,remove,298,3.725,4,3,3,0,2.2134406450759343
model3d_Cf8_N400_T5_lam15_lam23_h1_cu1_pi16_pi26_e039e6,3d,8.0,remove,298,3.725,5,3,3,0,1.1636975697587104
model3d_Cf8_N400_T5_lam15_lam23_h1_cu1_pi16_pi26_e039e6,3d,8.0,remove,299,3.7375,3,3,3,0,1.1247860219320387
model3d_Cf8_N400_T5_lam15_lam23_h1_cu1_pi16_pi26_e039e6,3d,8.0,remove,299,3.7375,4,3,3,0,2.213444075023574
model3d_Cf8_N400_T5_lam15_lam23_h1_cu1_pi16_pi26_e039e6,3d,8.0,remove,299,3.7375,5,3,3,0,1.1636876145989277
model3d_Cf8_N400_T5_lam15_lam23_h1_cu1_pi16_pi26_e039e6,3d,8.0,remove,300,3.75,3,3,3,0,1.1247934888803002
model3d_Cf8_N400_T5_lam15_lam23_h1_cu1_pi16_pi26_e039e6,3d,8.0,remove,300,3.75,4,3,3,0,2.2134473895246742
model3d_Cf8_N400_T5_lam15_lam23_h1_cu1_pi16_pi26_e039e6,3d,8.0,remove,300,3.75,5,3,3,0,1.163678003491384
model3d_Cf8_N400_T5_lam15_lam23_h1_cu1_pi16_pi26_e039e6,3d,8.0,remove,301,3.7625,3,3,3,0,1.1248006983992127
model3d_Cf8_N400_T5_lam15_lam23_h1_cu1_pi16_pi26_e039e6,3d,8.0,remove,301,3.7625,4,3,3,0,2.213450592393656
model3d_Cf8_N400_T5_lam15_lam23_h1_cu1_pi16_pi26_e039e6,3d,8.0,remove,301,3.7625,5,3,3,0,1.163668724612478
model3d_Cf8_N400_T5_lam15_lam23_h1_cu1_pi16_pi26_e039e6,3d,8.0,remove,302,3.775,3,3,3,0,1.124807659425585
model3d_Cf8_N400_T5_lam15_lam23_h1_cu1_pi16_pi26_e039e6,3d,8.0,remove,302,3.775,4,3,3,0,2.213453687319543
model3d_Cf8_N400_T5_lam15_lam23_h1_cu1_pi16_pi26_e039e6,3d,8.0,remove,302,3.775,5,3,3,0,1.163659766540036
model3d_Cf8_N400_T5_lam15_lam23_h1_cu1_pi16_pi26_e039e6,3d,8.0,remove,303,3.7875,3,3,3,0,1.124814380597286
model3d_Cf8_N400_T5_lam15_lam23_h1_cu1_pi16_pi26_e039e6,3d,8.0,remove,303,3.7875,4,3,3,0,2.213456677869999
model3d_Cf8_N400_T5_lam15_lam23_h1_cu1_pi16_pi26_e039e6,3d,8.0,remove,303,3.7875,5,3,3,0,1.1636511182396134
model3d_Cf8_N400_T5_lam15_lam23_h1_cu1_pi16_pi26_e039e6,3d,8.0,remove,304,3.8,3,3,3,0,1.1248208702637044
model3d_Cf8_N400_T5_lam15_lam23_h1_cu1_pi16_pi26_e039e6,3d,8.0,remove,304,3.8,4,3,3,0,2.2134595674951356
model3d_Cf8_N400_T5_lam15_lam23_h1_cu1_pi16_pi26_e039e6,3d,8.0,remove,304,3.8,5,3,3,0,1.163642769051421
model3d_Cf8_N400_T5_lam15_lam23_h1_cu1_pi16_pi26_e039e6,3d,8.0,remove,305,3.8125,3,3,3,0,1.1248271364958669
model3d_Cf8_N400_T5_lam15_lam23_h1_cu1_pi16_pi26_e039e6,3d,8.0,remove,305,3.8125,4,3,3,0,2.21346235953132
model3d_Cf8_N400_T5_lam15_lam23_h1_cu1_pi16_pi26_e039e6,3d,8.0,remove,305,3.8125,5,3,3,0,1.1636347086775913
model3d_Cf8_N400_T5_lam15_lam23_h1_cu1_pi16_pi26_e039e6,3d,8.0,remove,306,3.825,3,3,3,0,1.1248331870961579
model3d_Cf8_N400_T5_lam15_lam23_h1_cu1_pi16_pi26_e039e6,3d,8.0,remove,306,3.825,4,3,3,0,2.2134650572044734
model3d_Cf8_N400_T5_lam15_lam23_h1_cu1_pi16_pi26_e039e6,3d,8.0,remove,306,3.825,5,3,3,0,1.1636269271699575
model3d_Cf8_N400_T5_lam15_lam23_h1_cu1_pi16_pi26_e039e6,3d,8.0,remove,307,3.8375,3,3,3,0,1.1248390296080402
model3d_Cf8_N400_T5_lam15_lam23_h1_cu1_pi16_pi26_e039e6,3d,8.0,remove,307,3.8375,4,3,3,0,2.2134676636337645
model3d_Cf8_N400_T5_lam15_lam23_h1_cu1_pi16_pi26_e039e6,3d,8.0,remove,307,3.8375,5,3,3,0,1.163619414918287
model3d_Cf8_N400_T5_lam15_lam23_h1_cu1_pi16_pi26_e039e6,3d,8.0,remove,308,3.85,3,3,3,0,1.1248446713252065
model3d_Cf8_N400_T5_lam15_lam23_h1_cu1_pi16_pi26_e039e6,3d,8.0,remove,308,3.85,4,3,3,0,2.21347018183468
model3d_Cf8_N400_T5_lam15_lam23_h1_cu1_pi16_pi26_e039e6,3d,8.0,remove,308,3.85,5,3,3,0,1.163612162638401
model3d_Cf8_N400_T5_lam15_lam23_h1_cu1_pi16_pi26_e039e6,3d,8.0,remove,309,3.8625,3,3,3,0,1.1248501193004472
model3d_Cf8_N400_T5_lam15_lam23_h1_cu1_pi16_pi26_e039e6,3d,8.0,remove,309,3.8625,4,3,3,0,2.213472614722491
model3d_Cf8_N400_T5_lam15_lam23_h1_cu1_pi16_pi26_e039e6,3d,8.0,remove,309,3.8625,5,3,3,0,1.1636051613613745
model3d_Cf8_N400_T5_lam15_lam23_h1_cu1_pi16_pi26_e039e6,3d,8.0,remove,310,3.875,3,3,3,0,1.1248553803542904
model3d_Cf8_N400_T5_lam15_lam23_h1_cu1_pi16_pi26_e039e6,3d,8.0,remove,310,3.875,4,3,3,0,2.2134749651153243
model3d_Cf8_N400_T5_lam15_lam23_h1_cu1_pi16_pi26_e039e6,3d,8.0,remove,310,3.875,5,3,3,0,1.1635984024226786
model3d_Cf8_N400_T5_lam15_lam23_h1_cu1_pi16_pi26_e039e6,3d,8.0,remove,311,3.8875,3,3,3,0,1.1248604610835287
model3d_Cf8_N400_T5_lam15_lam23_h1_cu1_pi16_pi26_e039e6,3d,8.0,remove,311,3.8875,4,3,3,0,2.213477235737116
model3d_Cf8_N400_T5_lam15_lam23_h1_cu1_pi16_pi26_e039e6,3d,8.0,remove,311,3.8875,5,3,3,0,1.1635918774517222
model3d_Cf8_N400_T5_lam15_lam23_h1_cu1_pi16_pi26_e039e6,3d,8.0,remove,312,3.9,3,3,3,0,1.1248653678693472
model3d_Cf8_N400_T5_lam15_lam23_h1_cu1_pi16_pi26_e039e6,3d,8.0,remove,312,3.9,4,3,3,0,2.2134794292206266
model3d_Cf8_N400_T5_lam15_lam23_h1_cu1_pi16_pi26_e039e6,3d,8.0,remove,312,3.9,5,3,3,0,1.163585578362131
model3d_Cf8_N400_T5_lam15_lam23_h1_cu1_pi16_pi26_e039e6,3d,8.0,remove,313,3.9125,3,3,3,0,1.1248701068852256
model3d_Cf8_N400_T5_lam15_lam23_h1_cu1_pi16_pi26_e039e6,3d,8.0,remove,313,3.9125,4,3,3,0,2.2134815481099963
model3d_Cf8_N400_T5_lam15_lam23_h1_cu1_pi16_pi26_e039e6,3d,8.0,remove,313,3.9125,5,3,3,0,1.163579497341459
model3d_Cf8_N400_T5_lam15_lam23_h1_cu1_pi16_pi26_e039e6,3d,8.0,remove,314,3.925,3,3,3,0,1.1248746841044976
model3d_Cf8_N400_T5_lam15_lam23_h1_cu1_pi16_pi26_e039e6,3d,8.0,remove,314,3.925,4,3,3,0,2.213483594863874
model3d_Cf8_N400_T5_lam15_lam23_h1_cu1_pi16_pi26_e039e6,3d,8.0,remove,314,3.925,5,3,3,0,1.1635736268423784
model3d_Cf8_N400_T5_lam15_lam23_h1_cu1_pi16_pi26_e039e6,3d,8.0,remove,315,3.9375,3,3,3,0,1.1248791053079685
model3d_Cf8_N400_T5_lam15_lam23_h1_cu1_pi16_pi26_e039e6,3d,8.0,remove,315,3.9375,4,3,3,0,2.2134855718578024
model3d_Cf8_N400_T5_lam15_lam23_h1_cu1_pi16_pi26_e039e6,3d,8.0,remove,315,3.9375,5,3,3,0,1.1635679595730721
model3d_Cf8_N400_T5_lam15_lam23_h1_cu1_pi16_pi26_e039e6,3d,8.0,remove,316,3.95,3,3,3,0,1.1248833760909633
model3d_Cf8_N400_T5_lam15_lam23_h1_cu1_pi16_pi26_e039e6,3d,8.0,remove,316,3.95,4,3,3,0,2.213487481386778
model3d_Cf8_N400_T5_lam15_lam23_h1_cu1_pi16_pi26_e039e6,3d,8.0,remove,316,3.95,5,3,3,0,1.163562488488651
model3d_Cf8_N400_T5_lam15_lam23_h1_cu1_pi16_pi26_e039e6,3d,8.0,remove,317,3.9625,3,3,3,0,1.124887501870603
model3d_Cf8_N400_T5_lam15_lam23_h1_cu1_pi16_pi26_e039e6,3d,8.0,remove,317,3.9625,4,3,3,0,2.213489325667922
model3d_Cf8_N400_T5_lam15_lam23_h1_cu1_pi16_pi26_e039e6,3d,8.0,remove,317,3.9625,5,3,3,0,1.163557206782741
model3d_Cf8_N400_T5_lam15_lam23_h1_cu1_pi16_pi26_e039e6,3d,8.0,remove,318,3.975,3,3,3,0,1.1248914878925689
model3d_Cf8_N400_T5_lam15_lam23_h1_cu1_pi16_pi26_e039e6,3d,8.0,remove,318,3.975,4,3,3,0,2.2134911068425254
model3d_Cf8_N400_T5_lam15_lam23_h1_cu1_pi16_pi26_e039e6,3d,8.0,remove,318,3.975,5,3,3,0,1.163552107878843
model3d_Cf8_N400_T5_lam15_lam23_h1_cu1_pi16_pi26_e039e6,3d,8.0,remove,319,3.9875,3,3,3,0,1.1248953392375824
model3d_Cf8_N400_T5_lam15_lam23_h1_cu1_pi16_pi26_e039e6,3d,8.0,remove,319,3.9875,4,3,3,0,2.213492826978495
model3d_Cf8_N400_T5_lam15_lam23_h1_cu1_pi16_pi26_e039e6,3d,8.0,remove,319,3.9875,5,3,3,0,1.1635471854228854
model3d_Cf8_N400_T5_lam15_lam23_h1_cu1_pi16_pi26_e039e6,3d,8.0,remove,320,4.0,3,3,3,0,1.1248990608279428
model3d_Cf8_N400_T5_lam15_lam23_h1_cu1_pi16_pi26_e039e6,3d,8.0,remove,320,4.0,4,3,3,0,2.2134944880726266
model3d_Cf8_N400_T5_lam15_lam23_h1_cu1_pi16_pi26_e039e6,3d,8.0,remove,320,4.0,5,3,3,0,1.1635424332750404
model3d_Cf8_N400_T5_lam15_lam23_h1_cu1_pi16_pi26_e039e6,3d,8.0,remove,321,4.0125,3,3,3,0,1.1249026574339496
model3d_Cf8_N400_T5_lam15_lam23_h1_cu1_pi16_pi26_e039e6,3d,8.0,remove,321,4.0125,4,3,3,0,2.213496092052708
model3d_Cf8_N400_T5_lam15_lam23_h1_cu1_pi16_pi26_e039e6,3d,8.0,remove,321,4.0125,5,3,3,0,1.163537845502617
model3d_Cf8_N400_T5_lam15_lam23_h1_cu1_pi16_pi26_e039e6,3d,8.0,remove,322,4.025,3,3,3,0,1.1249061336799855
model3d_Cf8_N400_T5_lam15_lam23_h1_cu1_pi16_pi26_e039e6,3d,8.0,remove,322,4.025,4,3,3,0,2.213497640779508
model3d_Cf8_N400_T5_lam15_lam23_h1_cu1_pi16_pi26_e039e6,3d,8.0,remove,322,4.025,5,3,3,0,1.1635334163723883
model3d_Cf8_N400_T5_lam15_lam23_h1_cu1_pi16_pi26_e039e6,3d,8.0,remove,323,4.0375,3,3,3,0,1.124909494050371
model3d_Cf8_N400_T5_lam15_lam23_h1_cu1_pi16_pi26_e039e6,3d,8.0,remove,323,4.0375,4,3,3,0,2.213499136048881
model3d_Cf8_N400_T5_lam15_lam23_h1_cu1_pi16_pi26_e039e6,3d,8.0,remove,323,4.0375,5,3,3,0,1.1635291403441101
model3d_Cf8_N400_T5_lam15_lam23_h1_cu1_pi16_pi26_e039e6,3d,8.0,remove,324,4.05,3,3,3,0,1.124912742895276
model3d_Cf8_N400_T5_lam15_lam23_h1_cu1_pi16_pi26_e039e6,3d,8.0,remove,324,4.05,4,3,3,0,2.2135005795935285
model3d_Cf8_N400_T5_lam15_lam23_h1_cu1_pi16_pi26_e039e6,3d,8.0,remove,324,4.05,5,3,3,0,1.1635250120633032
model3d_Cf8_N400_T5_lam15_lam23_h1_cu1_pi16_pi26_e039e6,3d,8.0,remove,325,4.0625,3,3,3,0,1.1249158844362341
model3d_Cf8_N400_T5_lam15_lam23_h1_cu1_pi16_pi26_e039e6,3d,8.0,remove,325,4.0625,4,3,3,0,2.213501973084874
model3d_Cf8_N400_T5_lam15_lam23_h1_cu1_pi16_pi26_e039e6,3d,8.0,remove,325,4.0625,5,3,3,0,1.1635210263549425
model3d_Cf8_N400_T5_lam15_lam23_h1_cu1_pi16_pi26_e039e6,3d,8.0,remove,326,4.075,3,3,3,0,1.1249189227719398
model3d_Cf8_N400_T5_lam15_lam23_h1_cu1_pi16_pi26_e039e6,3d,8.0,remove,326,4.075,4,3,3,0,2.2135033181348263
model3d_Cf8_N400_T5_lam15_lam23_h1_cu1_pi16_pi26_e039e6,3d,8.0,remove,326,4.075,5,3,3,0,1.1635171782169778
model3d_Cf8_N400_T5_lam15_lam23_h1_cu1_pi16_pi26_e039e6,3d,8.0,remove,327,4.0875,3,3,3,0,1.1249218618836494
model3d_Cf8_N400_T5_lam15_lam23_h1_cu1_pi16_pi26_e039e6,3d,8.0,remove,327,4.0875,4,3,3,0,2.2135046162977687
model3d_Cf8_N400_T5_lam15_lam23_h1_cu1_pi16_pi26_e039e6,3d,8.0,remove,327,4.0875,5,3,3,0,1.1635134628140236
model3d_Cf8_N400_T5_lam15_lam23_h1_cu1_pi16_pi26_e039e6,3d,8.0,remove,328,4.1,3,3,3,0,1.124924705640126
model3d_Cf8_N400_T5_lam15_lam23_h1_cu1_pi16_pi26_e039e6,3d,8.0,remove,328,4.1,4,3,3,0,2.213505869071753
model3d_Cf8_N400_T5_lam15_lam23_h1_cu1_pi16_pi26_e039e6,3d,8.0,remove,328,4.1,5,3,3,0,1.1635098754719593
model3d_Cf8_N400_T5_lam15_lam23_h1_cu1_pi16_pi26_e039e6,3d,8.0,remove,329,4.1125,3,3,3,0,1.1249274578029826
model3d_Cf8_N400_T5_lam15_lam23_h1_cu1_pi16_pi26_e039e6,3d,8.0,remove,329,4.1125,4,3,3,0,2.2135070779004877
model3d_Cf8_N400_T5_lam15_lam23_h1_cu1_pi16_pi26_e039e6,3d,8.0,remove,329,4.1125,5,3,3,0,1.1635064116714489
model3d_Cf8_N400_T5_lam15_lam23_h1_cu1_pi16_pi26_e039e6,3d,8.0,remove,330,4.125,3,3,3,0,1.1249301220319694
model3d_Cf8_N400_T5_lam15_lam23_h1_cu1_pi16_pi26_e039e6,3d,8.0,remove,330,4.125,4,3,3,0,2.2135082441743066
model3d_Cf8_N400_T5_lam15_lam23_h1_cu1_pi16_pi26_e039e6,3d,8.0,remove,330,4.125,5,3,3,0,1.1635030670427113
model3d_Cf8_N400_T5_lam15_lam23_h1_cu1_pi16_pi26_e039e6,3d,8.0,remove,331,4.1375,3,3,3,0,1.1249327018896906
model3d_Cf8_N400_T5_lam15_lam23_h1_cu1_pi16_pi26_e039e6,3d,8.0,remove,331,4.1375,4,3,3,0,2.2135093692320993
model3d_Cf8_N400_T5_lam15_lam23_h1_cu1_pi16_pi26_e039e6,3d,8.0,remove,331,4.1375,5,3,3,0,1.1634998373600638
model3d_Cf8_N400_T5_lam15_lam23_h1_cu1_pi16_pi26_e039e6,3d,8.0,remove,332,4.15,3,3,3,0,1.1249352008465507
model3d_Cf8_N400_T5_lam15_lam23_h1_cu1_pi16_pi26_e039e6,3d,8.0,remove,332,4.15,4,3,3,0,2.213510454362563
model3d_Cf8_N400_T5_lam15_lam23_h1_cu1_pi16_pi26_e039e6,3d,8.0,remove,332,4.15,5,3,3,0,1.163496718536578
model3d_Cf8_N400_T5_lam15_lam23_h1_cu1_pi16_pi26_e039e6,3d,8.0,remove,333,4.1625,3,3,3,0,1.1249376222853016
model3d_Cf8_N400_T5_lam15_lam23_h1_cu1_pi16_pi26_e039e6,3d,8.0,remove,333,4.1625,4,3,3,0,2.213511500805623
model3d_Cf8_N400_T5_lam15_lam23_h1_cu1_pi16_pi26_e039e6,3d,8.0,remove,333,4.1625,5,3,3,0,1.1634937066191355
model3d_Cf8_N400_T5_lam15_lam23_h1_cu1_pi16_pi26_e039e6,3d,8.0,remove,334,4.175,3,3,3,0,1.1249399695061015
model3d_Cf8_N400_T5_lam15_lam23_h1_cu1_pi16_pi26_e039e6,3d,8.0,remove,334,4.175,4,3,3,0,2.2135125097534
model3d_Cf8_N400_T5_lam15_lam23_h1_cu1_pi16_pi26_e039e6,3d,8.0,remove,334,4.175,5,3,3,0,1.163490797783254
model3d_Cf8_N400_T5_lam15_lam23_h1_cu1_pi16_pi26_e039e6,3d,8.0,remove,335,4.1875,3,3,3,0,1.1249422457308924
model3d_Cf8_N400_T5_lam15_lam23_h1_cu1_pi16_pi26_e039e6,3d,8.0,remove,335,4.1875,4,3,3,0,2.2135134823516296
model3d_Cf8_N400_T5_lam15_lam23_h1_cu1_pi16_pi26_e039e6,3d,8.0,remove,335,4.1875,5,3,3,0,1.1634879883281997
model3d_Cf8_N400_T5_lam15_lam23_h1_cu1_pi16_pi26_e039e6,3d,8.0,remove,336,4.2,3,3,3,0,1.1249444541078333
model3d_Cf8_N400_T5_lam15_lam23_h1_cu1_pi16_pi26_e039e6,3d,8.0,remove,336,4.2,4,3,3,0,2.213514419700914
model3d_Cf8_N400_T5_lam15_lam23_h1_cu1_pi16_pi26_e039e6,3d,8.0,remove,336,4.2,5,3,3,0,1.1634852746726665
model3d_Cf8_N400_T5_lam15_lam23_h1_cu1_pi16_pi26_e039e6,3d,8.0,remove,337,4.2125,3,3,3,0,1.124946597716189
model3d_Cf8_N400_T5_lam15_lam23_h1_cu1_pi16_pi26_e039e6,3d,8.0,remove,337,4.2125,4,3,3,0,2.213515322857745
model3d_Cf8_N400_T5_lam15_lam23_h1_cu1_pi16_pi26_e039e6,3d,8.0,remove,337,4.2125,5,3,3,0,1.1634826533500586
model3d_Cf8_N400_T5_lam15_lam23_h1_cu1_pi16_pi26_e039e6,3d,8.0,remove,338,4.225,3,3,3,0,1.124948679570025
model3d_Cf8_N400_T5_lam15_lam23_h1_cu1_pi16_pi26_e039e6,3d,8.0,remove,338,4.225,4,3,3,0,2.2135161928354137
model3d_Cf8_N400_T5_lam15_lam23_h1_cu1_pi16_pi26_e039e6,3d,8.0,remove,338,4.225,5,3,3,0,1.1634801210039996
model3d_Cf8_N400_T5_lam15_lam23_h1_cu1_pi16_pi26_e039e6,3d,8.0,remove,339,4.2375,3,3,3,0,1.1249507026232095
model3d_Cf8_N400_T5_lam15_lam23_h1_cu1_pi16_pi26_e039e6,3d,8.0,remove,339,4.2375,4,3,3,0,2.21351703060526
model3d_Cf8_N400_T5_lam15_lam23_h1_cu1_pi16_pi26_e039e6,3d,8.0,remove,339,4.2375,5,3,3,0,1.1634776743842963
model3d_Cf8_N400_T5_lam15_lam23_h1_cu1_pi16_pi26_e039e6,3d,8.0,remove,340,4.25,3,3,3,0,1.1249526697734495
model3d_Cf8_N400_T5_lam15_lam23_h1_cu1_pi16_pi26_e039e6,3d,8.0,remove,340,4.25,4,3,3,0,2.213517837097413
model3d_Cf8_N400_T5_lam15_lam23_h1_cu1_pi16_pi26_e039e6,3d,8.0,remove,340,4.25,5,3,3,0,1.1634753103424487
model3d_Cf8_N400_T5_lam15_lam23_h1_cu1_pi16_pi26_e039e6,3d,8.0,remove,341,4.2625,3,3,3,0,1.1249545838664972
model3d_Cf8_N400_T5_lam15_lam23_h1_cu1_pi16_pi26_e039e6,3d,8.0,remove,341,4.2625,4,3,3,0,2.2135186132018134
model3d_Cf8_N400_T5_lam15_lam23_h1_cu1_pi16_pi26_e039e6,3d,8.0,remove,341,4.2625,5,3,3,0,1.1634730258277273
model3d_Cf8_N400_T5_lam15_lam23_h1_cu1_pi16_pi26_e039e6,3d,8.0,remove,342,4.275,3,3,3,0,1.124956447700356
model3d_Cf8_N400_T5_lam15_lam23_h1_cu1_pi16_pi26_e039e6,3d,8.0,remove,342,4.275,4,3,3,0,2.213519359768952
model3d_Cf8_N400_T5_lam15_lam23_h1_cu1_pi16_pi26_e039e6,3d,8.0,remove,342,4.275,5,3,3,0,1.1634708178835922
model3d_Cf8_N400_T5_lam15_lam23_h1_cu1_pi16_pi26_e039e6,3d,8.0,remove,343,4.2875,3,3,3,0,1.1249582640294875
model3d_Cf8_N400_T5_lam15_lam23_h1_cu1_pi16_pi26_e039e6,3d,8.0,remove,343,4.2875,4,3,3,0,2.2135200776108377
model3d_Cf8_N400_T5_lam15_lam23_h1_cu1_pi16_pi26_e039e6,3d,8.0,remove,343,4.2875,5,3,3,0,1.1634686836431456
model3d_Cf8_N400_T5_lam15_lam23_h1_cu1_pi16_pi26_e039e6,3d,8.0,remove,344,4.3,3,3,3,0,1.1249600355690177
model3d_Cf8_N400_T5_lam15_lam23_h1_cu1_pi16_pi26_e039e6,3d,8.0,remove,344,4.3,4,3,3,0,2.2135207675015067
model3d_Cf8_N400_T5_lam15_lam23_h1_cu1_pi16_pi26_e039e6,3d,8.0,remove,344,4.3,5,3,3,0,1.1634666203260622
model3d_Cf8_N400_T5_lam15_lam23_h1_cu1_pi16_pi26_e039e6,3d,8.0,remove,345,4.3125,3,3,3,0,1.1249617649988295
model3d_Cf8_N400_T5_lam15_lam23_h1_cu1_pi16_pi26_e039e6,3d,8.0,remove,345,4.3125,4,3,3,0,2.213521430178048
model3d_Cf8_N400_T5_lam15_lam23_h1_cu1_pi16_pi26_e039e6,3d,8.0,remove,345,4.3125,5,3,3,0,1.163464625234667
model3d_Cf8_N400_T5_lam15_lam23_h1_cu1_pi16_pi26_e039e6,3d,8.0,remove,346,4.325,3,3,3,0,1.124963454967542
model3d_Cf8_N400_T5_lam15_lam23_h1_cu1_pi16_pi26_e039e6,3d,8.0,remove,346,4.325,4,3,3,0,2.2135220663409427
model3d_Cf8_N400_T5_lam15_lam23_h1_cu1_pi16_pi26_e039e6,3d,8.0,remove,346,4.325,5,3,3,0,1.1634626957502405
model3d_Cf8_N400_T5_lam15_lam23_h1_cu1_pi16_pi26_e039e6,3d,8.0,remove,347,4.3375,3,3,3,0,1.124965108096717
model3d_Cf8_N400_T5_lam15_lam23_h1_cu1_pi16_pi26_e039e6,3d,8.0,remove,347,4.3375,4,3,3,0,2.2135226766547476
model3d_Cf8_N400_T5_lam15_lam23_h1_cu1_pi16_pi26_e039e6,3d,8.0,remove,347,4.3375,5,3,3,0,1.1634608293298356
model3d_Cf8_N400_T5_lam15_lam23_h1_cu1_pi16_pi26_e039e6,3d,8.0,remove,348,4.35,3,3,3,0,1.1249667269848374
model3d_Cf8_N400_T5_lam15_lam23_h1_cu1_pi16_pi26_e039e6,3d,8.0,remove,348,4.35,4,3,3,0,2.2135232617489464
model3d_Cf8_N400_T5_lam15_lam23_h1_cu1_pi16_pi26_e039e6,3d,8.0,remove,348,4.35,5,3,3,0,1.1634590235026963
model3d_Cf8_N400_T5_lam15_lam23_h1_cu1_pi16_pi26_e039e6,3d,8.0,remove,349,4.3625,3,3,3,0,1.1249683142114577
model3d_Cf8_N400_T5_lam15_lam23_h1_cu1_pi16_pi26_e039e6,3d,8.0,remove,349,4.3625,4,3,3,0,2.213523822218008
model3d_Cf8_N400_T5_lam15_lam23_h1_cu1_pi16_pi26_e039e6,3d,8.0,remove,349,4.3625,5,3,3,0,1.163457275867131
model3d_Cf8_N400_T5_lam15_lam23_h1_cu1_pi16_pi26_e039e6,3d,8.0,remove,350,4.375,3,3,3,0,1.1249698723412962
model3d_Cf8_N400_T5_lam15_lam23_h1_cu1_pi16_pi26_e039e6,3d,8.0,remove,350,4.375,4,3,3,0,2.2135243586221804
model3d_Cf8_N400_T5_lam15_lam23_h1_cu1_pi16_pi26_e039e6,3d,8.0,remove,350,4.375,5,3,3,0,1.163455584087103
model3d_Cf8_N400_T5_lam15_lam23_h1_cu1_pi16_pi26_e039e6,3d,8.0,remove,351,4.3875,3,3,3,0,1.1249714039282708
model3d_Cf8_N400_T5_lam15_lam23_h1_cu1_pi16_pi26_e039e6,3d,8.0,remove,351,4.3875,4,3,3,0,2.213524871487948
model3d_Cf8_N400_T5_lam15_lam23_h1_cu1_pi16_pi26_e039e6,3d,8.0,remove,351,4.3875,5,3,3,0,1.1634539458891027
model3d_Cf8_N400_T5_lam15_lam23_h1_cu1_pi16_pi26_e039e6,3d,8.0,remove,352,4.4,3,3,3,0,1.1249729115194782
model3d_Cf8_N400_T5_lam15_lam23_h1_cu1_pi16_pi26_e039e6,3d,8.0,remove,352,4.4,4,3,3,0,2.2135253613080863
model3d_Cf8_N400_T5_lam15_lam23_h1_cu1_pi16_pi26_e039e6,3d,8.0,remove,352,4.4,5,3,3,0,1.163452359059022
model3d_Cf8_N400_T5_lam15_lam23_h1_cu1_pi16_pi26_e039e6,3d,8.0,remove,353,4.4125,3,3,3,0,1.1249743976593436
model3d_Cf8_N400_T5_lam15_lam23_h1_cu1_pi16_pi26_e039e6,3d,8.0,remove,353,4.4125,4,3,3,0,2.213525828542288
model3d_Cf8_N400_T5_lam15_lam23_h1_cu1_pi16_pi26_e039e6,3d,8.0,remove,353,4.4125,5,3,3,0,1.163450821439426
model3d_Cf8_N400_T5_lam15_lam23_h1_cu1_pi16_pi26_e039e6,3d,8.0,remove,354,4.425,3,3,3,0,1.1249758648939974
model3d_Cf8_N400_T5_lam15_lam23_h1_cu1_pi16_pi26_e039e6,3d,8.0,remove,354,4.425,4,3,3,0,2.213526273617447
model3d_Cf8_N400_T5_lam15_lam23_h1_cu1_pi16_pi26_e039e6,3d,8.0,remove,354,4.425,5,3,3,0,1.163449330925971
model3d_Cf8_N400_T5_lam15_lam23_h1_cu1_pi16_pi26_e039e6,3d,8.0,remove,355,4.4375,3,3,3,0,1.1249773157751406
model3d_Cf8_N400_T5_lam15_lam23_h1_cu1_pi16_pi26_e039e6,3d,8.0,remove,355,4.4375,4,3,3,0,2.213526696927829
model3d_Cf8_N400_T5_lam15_lam23_h1_cu1_pi16_pi26_e039e6,3d,8.0,remove,355,4.4375,5,3,3,0,1.1634478854651888
model3d_Cf8_N400_T5_lam15_lam23_h1_cu1_pi16_pi26_e039e6,3d,8.0,remove,356,4.45,3,3,3,0,1.1249787528641377
model3d_Cf8_N400_T5_lam15_lam23_h1_cu1_pi16_pi26_e039e6,3d,8.0,remove,356,4.45,4,3,3,0,2.213527098835243
model3d_Cf8_N400_T5_lam15_lam23_h1_cu1_pi16_pi26_e039e6,3d,8.0,remove,356,4.45,5,3,3,0,1.1634464830509046
model3d_Cf8_N400_T5_lam15_lam23_h1_cu1_pi16_pi26_e039e6,3d,8.0,remove,357,4.4625,3,3,3,0,1.1249801787364504
model3d_Cf8_N400_T5_lam15_lam23_h1_cu1_pi16_pi26_e039e6,3d,8.0,remove,357,4.4625,4,3,3,0,2.213527479669267
model3d_Cf8_N400_T5_lam15_lam23_h1_cu1_pi16_pi26_e039e6,3d,8.0,remove,357,4.4625,5,3,3,0,1.163445121721736
model3d_Cf8_N400_T5_lam15_lam23_h1_cu1_pi16_pi26_e039e6,3d,8.0,remove,358,4.475,3,3,3,0,1.1249815959859006
model3d_Cf8_N400_T5_lam15_lam23_h1_cu1_pi16_pi26_e039e6,3d,8.0,remove,358,4.475,4,3,3,0,2.213527839727419
model3d_Cf8_N400_T5_lam15_lam23_h1_cu1_pi16_pi26_e039e6,3d,8.0,remove,358,4.475,5,3,3,0,1.1634437995587064
model3d_Cf8_N400_T5_lam15_lam23_h1_cu1_pi16_pi26_e039e6,3d,8.0,remove,359,4.4875,3,3,3,0,1.1249830072288773
model3d_Cf8_N400_T5_lam15_lam23_h1_cu1_pi16_pi26_e039e6,3d,8.0,remove,359,4.4875,4,3,3,0,2.2135281792752153
model3d_Cf8_N400_T5_lam15_lam23_h1_cu1_pi16_pi26_e039e6,3d,8.0,remove,359,4.4875,5,3,3,0,1.1634425146817193
model3d_Cf8_N400_T5_lam15_lam23_h1_cu1_pi16_pi26_e039e6,3d,8.0,remove,360,4.5,3,3,3,0,1.1249844151085426
model3d_Cf8_N400_T5_lam15_lam23_h1_cu1_pi16_pi26_e039e6,3d,8.0,remove,360,4.5,4,3,3,0,2.2135284985461112
model3d_Cf8_N400_T5_lam15_lam23_h1_cu1_pi16_pi26_e039e6,3d,8.0,remove,360,4.5,5,3,3,0,1.1634412652472292
model3d_Cf8_N400_T5_lam15_lam23_h1_cu1_pi16_pi26_e039e6,3d,8.0,remove,361,4.5125,3,3,3,0,1.1249858222994362
model3d_Cf8_N400_T5_lam15_lam23_h1_cu1_pi16_pi26_e039e6,3d,8.0,remove,361,4.5125,4,3,3,0,2.21352879774156
model3d_Cf8_N400_T5_lam15_lam23_h1_cu1_pi16_pi26_e039e6,3d,8.0,remove,361,4.5125,5,3,3,0,1.1634400494457395
model3d_Cf8_N400_T5_lam15_lam23_h1_cu1_pi16_pi26_e039e6,3d,8.0,remove,362,4.525,3,3,3,0,1.1249872315119092
model3d_Cf8_N400_T5_lam15_lam23_h1_cu1_pi16_pi26_e039e6,3d,8.0,remove,362,4.525,4,3,3,0,2.213529077031012
model3d_Cf8_N400_T5_lam15_lam23_h1_cu1_pi16_pi26_e039e6,3d,8.0,remove,362,4.525,5,3,3,0,1.1634388654987902
model3d_Cf8_N400_T5_lam15_lam23_h1_cu1_pi16_pi26_e039e6,3d,8.0,remove,363,4.5375,3,3,3,0,1.1249886454966145
model3d_Cf8_N400_T5_lam15_lam23_h1_cu1_pi16_pi26_e039e6,3d,8.0,remove,363,4.5375,4,3,3,0,2.2135293365516304
model3d_Cf8_N400_T5_lam15_lam23_h1_cu1_pi16_pi26_e039e6,3d,8.0,remove,363,4.5375,5,3,3,0,1.1634377116565702
model3d_Cf8_N400_T5_lam15_lam23_h1_cu1_pi16_pi26_e039e6,3d,8.0,remove,364,4.55,3,3,3,0,1.1249900670488842
model3d_Cf8_N400_T5_lam15_lam23_h1_cu1_pi16_pi26_e039e6,3d,8.0,remove,364,4.55,4,3,3,0,2.2135295764085186
model3d_Cf8_N400_T5_lam15_lam23_h1_cu1_pi16_pi26_e039e6,3d,8.0,remove,364,4.55,5,3,3,0,1.163436586195246
model3d_Cf8_N400_T5_lam15_lam23_h1_cu1_pi16_pi26_e039e6,3d,8.0,remove,365,4.5625,3,3,3,0,1.1249914990137881
model3d_Cf8_N400_T5_lam15_lam23_h1_cu1_pi16_pi26_e039e6,3d,8.0,remove,365,4.5625,4,3,3,0,2.2135297966742087
model3d_Cf8_N400_T5_lam15_lam23_h1_cu1_pi16_pi26_e039e6,3d,8.0,remove,365,4.5625,5,3,3,0,1.16343548741429
model3d_Cf8_N400_T5_lam15_lam23_h1_cu1_pi16_pi26_e039e6,3d,8.0,remove,366,4.575,3,3,3,0,1.124992944290625
model3d_Cf8_N400_T5_lam15_lam23_h1_cu1_pi16_pi26_e039e6,3d,8.0,remove,366,4.575,4,3,3,0,2.213529997388605
model3d_Cf8_N400_T5_lam15_lam23_h1_cu1_pi16_pi26_e039e6,3d,8.0,remove,366,4.575,5,3,3,0,1.1634344136339223
model3d_Cf8_N400_T5_lam15_lam23_h1_cu1_pi16_pi26_e039e6,3d,8.0,remove,367,4.5875,3,3,3,0,1.1249944058375831
model3d_Cf8_N400_T5_lam15_lam23_h1_cu1_pi16_pi26_e039e6,3d,8.0,remove,367,4.5875,4,3,3,0,2.213530178558756
model3d_Cf8_N400_T5_lam15_lam23_h1_cu1_pi16_pi26_e039e6,3d,8.0,remove,367,4.5875,5,3,3,0,1.1634333631927802
model3d_Cf8_N400_T5_lam15_lam23_h1_cu1_pi16_pi26_e039e6,3d,8.0,remove,368,4.6,3,3,3,0,1.1249958866768566
model3d_Cf8_N400_T5_lam15_lam23_h1_cu1_pi16_pi26_e039e6,3d,8.0,remove,368,4.6,4,3,3,0,2.213530340158229
model3d_Cf8_N400_T5_lam15_lam23_h1_cu1_pi16_pi26_e039e6,3d,8.0,remove,368,4.6,5,3,3,0,1.1634323344450195
model3d_Cf8_N400_T5_lam15_lam23_h1_cu1_pi16_pi26_e039e6,3d,8.0,remove,369,4.6125,3,3,3,0,1.1249973898999315
model3d_Cf8_N400_T5_lam15_lam23_h1_cu1_pi16_pi26_e039e6,3d,8.0,remove,369,4.6125,4,3,3,0,2.2135304821272257
model3d_Cf8_N400_T5_lam15_lam23_h1_cu1_pi16_pi26_e039e6,3d,8.0,remove,369,4.6125,5,3,3,0,1.1634313257580402
model3d_Cf8_N400_T5_lam15_lam23_h1_cu1_pi16_pi26_e039e6,3d,8.0,remove,370,4.625,3,3,3,0,1.124998918671963
model3d_Cf8_N400_T5_lam15_lam23_h1_cu1_pi16_pi26_e039e6,3d,8.0,remove,370,4.625,4,3,3,0,2.213530604371897
model3d_Cf8_N400_T5_lam15_lam23_h1_cu1_pi16_pi26_e039e6,3d,8.0,remove,370,4.625,5,3,3,0,1.1634303355098723
model3d_Cf8_N400_T5_lam15_lam23_h1_cu1_pi16_pi26_e039e6,3d,8.0,remove,371,4.6375,3,3,3,0,1.1250004762378012
model3d_Cf8_N400_T5_lam15_lam23_h1_cu1_pi16_pi26_e039e6,3d,8.0,remove,371,4.6375,4,3,3,0,2.2135307067638905
model3d_Cf8_N400_T5_lam15_lam23_h1_cu1_pi16_pi26_e039e6,3d,8.0,remove,371,4.6375,5,3,3,0,1.1634293620864469
model3d_Cf8_N400_T5_lam15_lam23_h1_cu1_pi16_pi26_e039e6,3d,8.0,remove,372,4.65,3,3,3,0,1.1250020659264237
model3d_Cf8_N400_T5_lam15_lam23_h1_cu1_pi16_pi26_e039e6,3d,8.0,remove,372,4.65,4,3,3,0,2.2135307891400657
model3d_Cf8_N400_T5_lam15_lam23_h1_cu1_pi16_pi26_e039e6,3d,8.0,remove,372,4.65,5,3,3,0,1.1634284038793794
model3d_Cf8_N400_T5_lam15_lam23_h1_cu1_pi16_pi26_e039e6,3d,8.0,remove,373,4.6625,3,3,3,0,1.125003691157076
model3d_Cf8_N400_T5_lam15_lam23_h1_cu1_pi16_pi26_e039e6,3d,8.0,remove,373,4.6625,4,3,3,0,2.213530851301755
model3d_Cf8_N400_T5_lam15_lam23_h1_cu1_pi16_pi26_e039e6,3d,8.0,remove,373,4.6625,5,3,3,0,1.1634274592831844
model3d_Cf8_N400_T5_lam15_lam23_h1_cu1_pi16_pi26_e039e6,3d,8.0,remove,374,4.675,3,3,3,0,1.125005355444273
model3d_Cf8_N400_T5_lam15_lam23_h1_cu1_pi16_pi26_e039e6,3d,8.0,remove,374,4.675,4,3,3,0,2.213530893014081
model3d_Cf8_N400_T5_lam15_lam23_h1_cu1_pi16_pi26_e039e6,3d,8.0,remove,374,4.675,5,3,3,0,1.1634265266928878
model3d_Cf8_N400_T5_lam15_lam23_h1_cu1_pi16_pi26_e039e6,3d,8.0,remove,375,4.6875,3,3,3,0,1.125007062403938
model3d_Cf8_N400_T5_lam15_lam23_h1_cu1_pi16_pi26_e039e6,3d,8.0,remove,375,4.6875,4,3,3,0,2.2135309140060144
model3d_Cf8_N400_T5_lam15_lam23_h1_cu1_pi16_pi26_e039e6,3d,8.0,remove,375,4.6875,5,3,3,0,1.1634256045011853
model3d_Cf8_N400_T5_lam15_lam23_h1_cu1_pi16_pi26_e039e6,3d,8.0,remove,376,4.7,3,3,3,0,1.1250088157588607
model3d_Cf8_N400_T5_lam15_lam23_h1_cu1_pi16_pi26_e039e6,3d,8.0,remove,376,4.7,4,3,3,0,2.213530913968839
model3d_Cf8_N400_T5_lam15_lam23_h1_cu1_pi16_pi26_e039e6,3d,8.0,remove,376,4.7,5,3,3,0,1.1634246910961679
model3d_Cf8_N400_T5_lam15_lam23_h1_cu1_pi16_pi26_e039e6,3d,8.0,remove,377,4.7125,3,3,3,0,1.1250106193446072
model3d_Cf8_N400_T5_lam15_lam23_h1_cu1_pi16_pi26_e039e6,3d,8.0,remove,377,4.7125,4,3,3,0,2.2135308925558093
model3d_Cf8_N400_T5_lam15_lam23_h1_cu1_pi16_pi26_e039e6,3d,8.0,remove,377,4.7125,5,3,3,0,1.1634237848584803
model3d_Cf8_N400_T5_lam15_lam23_h1_cu1_pi16_pi26_e039e6,3d,8.0,remove,378,4.725,3,3,3,0,1.125012477115547
model3d_Cf8_N400_T5_lam15_lam23_h1_cu1_pi16_pi26_e039e6,3d,8.0,remove,378,4.725,4,3,3,0,2.2135308493815273
model3d_Cf8_N400_T5_lam15_lam23_h1_cu1_pi16_pi26_e039e6,3d,8.0,remove,378,4.725,5,3,3,0,1.1634228841588765
model3d_Cf8_N400_T5_lam15_lam23_h1_cu1_pi16_pi26_e039e6,3d,8.0,remove,379,4.7375,3,3,3,0,1.1250143931511047
model3d_Cf8_N400_T5_lam15_lam23_h1_cu1_pi16_pi26_e039e6,3d,8.0,remove,379,4.7375,4,3,3,0,2.2135307840210316
model3d_Cf8_N400_T5_lam15_lam23_h1_cu1_pi16_pi26_e039e6,3d,8.0,remove,379,4.7375,5,3,3,0,1.163421987355548
model3d_Cf8_N400_T5_lam15_lam23_h1_cu1_pi16_pi26_e039e6,3d,8.0,remove,380,4.75,3,3,3,0,1.1250163716624684
model3d_Cf8_N400_T5_lam15_lam23_h1_cu1_pi16_pi26_e039e6,3d,8.0,remove,380,4.75,4,3,3,0,2.2135306960087746
model3d_Cf8_N400_T5_lam15_lam23_h1_cu1_pi16_pi26_e039e6,3d,8.0,remove,380,4.75,5,3,3,0,1.163421092791225
model3d_Cf8_N400_T5_lam15_lam23_h1_cu1_pi16_pi26_e039e6,3d,8.0,remove,381,4.7625,3,3,3,0,1.1250184169981594
model3d_Cf8_N400_T5_lam15_lam23_h1_cu1_pi16_pi26_e039e6,3d,8.0,remove,381,4.7625,4,3,3,0,2.2135305848378266
model3d_Cf8_N400_T5_lam15_lam23_h1_cu1_pi16_pi26_e039e6,3d,8.0,remove,381,4.7625,5,3,3,0,1.163420198790675
model3d_Cf8_N400_T5_lam15_lam23_h1_cu1_pi16_pi26_e039e6,3d,8.0,remove,382,4.775,3,3,3,0,1.1250205336517638
model3d_Cf8_N400_T5_lam15_lam23_h1_cu1_pi16_pi26_e039e6,3d,8.0,remove,382,4.775,4,3,3,0,2.21353044995908
model3d_Cf8_N400_T5_lam15_lam23_h1_cu1_pi16_pi26_e039e6,3d,8.0,remove,382,4.775,5,3,3,0,1.1634193036580882
model3d_Cf8_N400_T5_lam15_lam23_h1_cu1_pi16_pi26_e039e6,3d,8.0,remove,383,4.7875,3,3,3,0,1.1250227262675025
model3d_Cf8_N400_T5_lam15_lam23_h1_cu1_pi16_pi26_e039e6,3d,8.0,remove,383,4.7875,4,3,3,0,2.213530290779886
model3d_Cf8_N400_T5_lam15_lam23_h1_cu1_pi16_pi26_e039e6,3d,8.0,remove,383,4.7875,5,3,3,0,1.1634184056740082
model3d_Cf8_N400_T5_lam15_lam23_h1_cu1_pi16_pi26_e039e6,3d,8.0,remove,384,4.8,3,3,3,0,1.1250249996483035
model3d_Cf8_N400_T5_lam15_lam23_h1_cu1_pi16_pi26_e039e6,3d,8.0,remove,384,4.8,4,3,3,0,2.2135301066635975
model3d_Cf8_N400_T5_lam15_lam23_h1_cu1_pi16_pi26_e039e6,3d,8.0,remove,384,4.8,5,3,3,0,1.1634175030928304
model3d_Cf8_N400_T5_lam15_lam23_h1_cu1_pi16_pi26_e039e6,3d,8.0,remove,385,4.8125,3,3,3,0,1.1250273587623951
model3d_Cf8_N400_T5_lam15_lam23_h1_cu1_pi16_pi26_e039e6,3d,8.0,remove,385,4.8125,4,3,3,0,2.213529896927639
model3d_Cf8_N400_T5_lam15_lam23_h1_cu1_pi16_pi26_e039e6,3d,8.0,remove,385,4.8125,5,3,3,0,1.1634165941395622
model3d_Cf8_N400_T5_lam15_lam23_h1_cu1_pi16_pi26_e039e6,3d,8.0,remove,386,4.825,3,3,3,0,1.1250298087505826
model3d_Cf8_N400_T5_lam15_lam23_h1_cu1_pi16_pi26_e039e6,3d,8.0,remove,386,4.825,4,3,3,0,2.2135296608431645
model3d_Cf8_N400_T5_lam15_lam23_h1_cu1_pi16_pi26_e039e6,3d,8.0,remove,386,4.825,5,3,3,0,1.163415677007265
model3d_Cf8_N400_T5_lam15_lam23_h1_cu1_pi16_pi26_e039e6,3d,8.0,remove,387,4.8375,3,3,3,0,1.1250323549338646
model3d_Cf8_N400_T5_lam15_lam23_h1_cu1_pi16_pi26_e039e6,3d,8.0,remove,387,4.8375,4,3,3,0,2.2135293976328967
model3d_Cf8_N400_T5_lam15_lam23_h1_cu1_pi16_pi26_e039e6,3d,8.0,remove,387,4.8375,5,3,3,0,1.1634147498539278
model3d_Cf8_N400_T5_lam15_lam23_h1_cu1_pi16_pi26_e039e6,3d,8.0,remove,388,4.85,3,3,3,0,1.1250350028212779
model3d_Cf8_N400_T5_lam15_lam23_h1_cu1_pi16_pi26_e039e6,3d,8.0,remove,388,4.85,4,3,3,0,2.2135291064710145
model3d_Cf8_N400_T5_lam15_lam23_h1_cu1_pi16_pi26_e039e6,3d,8.0,remove,388,4.85,5,3,3,0,1.1634138107998524
model3d_Cf8_N400_T5_lam15_lam23_h1_cu1_pi16_pi26_e039e6,3d,8.0,remove,389,4.8625,3,3,3,0,1.1250377581171733
model3d_Cf8_N400_T5_lam15_lam23_h1_cu1_pi16_pi26_e039e6,3d,8.0,remove,389,4.8625,4,3,3,0,2.213528786480879
model3d_Cf8_N400_T5_lam15_lam23_h1_cu1_pi16_pi26_e039e6,3d,8.0,remove,389,4.8625,5,3,3,0,1.163412857924186
model3d_Cf8_N400_T5_lam15_lam23_h1_cu1_pi16_pi26_e039e6,3d,8.0,remove,390,4.875,3,3,3,0,1.125040626730197
model3d_Cf8_N400_T5_lam15_lam23_h1_cu1_pi16_pi26_e039e6,3d,8.0,remove,390,4.875,4,3,3,0,2.2135284367342365
model3d_Cf8_N400_T5_lam15_lam23_h1_cu1_pi16_pi26_e039e6,3d,8.0,remove,390,4.875,5,3,3,0,1.1634118892616243
model3d_Cf8_N400_T5_lam15_lam23_h1_cu1_pi16_pi26_e039e6,3d,8.0,remove,391,4.8875,3,3,3,0,1.1250436147803384
model3d_Cf8_N400_T5_lam15_lam23_h1_cu1_pi16_pi26_e039e6,3d,8.0,remove,391,4.8875,4,3,3,0,2.2135280562494017
model3d_Cf8_N400_T5_lam15_lam23_h1_cu1_pi16_pi26_e039e6,3d,8.0,remove,391,4.8875,5,3,3,0,1.1634109027999102
model3d_Cf8_N400_T5_lam15_lam23_h1_cu1_pi16_pi26_e039e6,3d,8.0,remove,392,4.9,3,3,3,0,1.1250467286084813
model3d_Cf8_N400_T5_lam15_lam23_h1_cu1_pi16_pi26_e039e6,3d,8.0,remove,392,4.9,4,3,3,0,2.213527643990119
model3d_Cf8_N400_T5_lam15_lam23_h1_cu1_pi16_pi26_e039e6,3d,8.0,remove,392,4.9,5,3,3,0,1.163409896476196
model3d_Cf8_N400_T5_lam15_lam23_h1_cu1_pi16_pi26_e039e6,3d,8.0,remove,393,4.9125,3,3,3,0,1.125049974784588
model3d_Cf8_N400_T5_lam15_lam23_h1_cu1_pi16_pi26_e039e6,3d,8.0,remove,393,4.9125,4,3,3,0,2.2135271988636305
model3d_Cf8_N400_T5_lam15_lam23_h1_cu1_pi16_pi26_e039e6,3d,8.0,remove,393,4.9125,5,3,3,0,1.1634088681737467
model3d_Cf8_N400_T5_lam15_lam23_h1_cu1_pi16_pi26_e039e6,3d,8.0,remove,394,4.925,3,3,3,0,1.1250533601166808
model3d_Cf8_N400_T5_lam15_lam23_h1_cu1_pi16_pi26_e039e6,3d,8.0,remove,394,4.925,4,3,3,0,2.213526719719198
model3d_Cf8_N400_T5_lam15_lam23_h1_cu1_pi16_pi26_e039e6,3d,8.0,remove,394,4.925,5,3,3,0,1.163407815718756
model3d_Cf8_N400_T5_lam15_lam23_h1_cu1_pi16_pi26_e039e6,3d,8.0,remove,395,4.9375,3,3,3,0,1.125056891659824
model3d_Cf8_N400_T5_lam15_lam23_h1_cu1_pi16_pi26_e039e6,3d,8.0,remove,395,4.9375,4,3,3,0,2.213526205346625
model3d_Cf8_N400_T5_lam15_lam23_h1_cu1_pi16_pi26_e039e6,3d,8.0,remove,395,4.9375,5,3,3,0,1.1634067368770502
model3d_Cf8_N400_T5_lam15_lam23_h1_cu1_pi16_pi26_e039e6,3d,8.0,remove,396,4.95,3,3,3,0,1.125060576726014
model3d_Cf8_N400_T5_lam15_lam23_h1_cu1_pi16_pi26_e039e6,3d,8.0,remove,396,4.95,4,3,3,0,2.213525654474779
model3d_Cf8_N400_T5_lam15_lam23_h1_cu1_pi16_pi26_e039e6,3d,8.0,remove,396,4.95,5,3,3,0,1.163405629350109
model3d_Cf8_N400_T5_lam15_lam23_h1_cu1_pi16_pi26_e039e6,3d,8.0,remove,397,4.9625,3,3,3,0,1.1250644228927058
model3d_Cf8_N400_T5_lam15_lam23_h1_cu1_pi16_pi26_e039e6,3d,8.0,remove,397,4.9625,4,3,3,0,2.213525065768863
model3d_Cf8_N400_T5_lam15_lam23_h1_cu1_pi16_pi26_e039e6,3d,8.0,remove,397,4.9625,5,3,3,0,1.163404490771768
model3d_Cf8_N400_T5_lam15_lam23_h1_cu1_pi16_pi26_e039e6,3d,8.0,remove,398,4.975,3,3,3,0,1.1250684380134999
model3d_Cf8_N400_T5_lam15_lam23_h1_cu1_pi16_pi26_e039e6,3d,8.0,remove,398,4.975,4,3,3,0,2.2135244378296193
model3d_Cf8_N400_T5_lam15_lam23_h1_cu1_pi16_pi26_e039e6,3d,8.0,remove,398,4.975,5,3,3,0,1.1634033187049226
model3d_Cf8_N400_T5_lam15_lam23_h1_cu1_pi16_pi26_e039e6,3d,8.0,remove,399,4.9875,3,3,3,0,1.125072630227919
model3d_Cf8_N400_T5_lam15_lam23_h1_cu1_pi16_pi26_e039e6,3d,8.0,remove,399,4.9875,4,3,3,0,2.2135237691904877
model3d_Cf8_N400_T5_lam15_lam23_h1_cu1_pi16_pi26_e039e6,3d,8.0,remove,399,4.9875,5,3,3,0,1.16340211063698
model3d_Cf8_N400_T5_lam15_lam23_h1_cu1_pi16_pi26_e039e6,3d,8.0,remove,400,5.0,3,3,3,0,1.1250770079718677
model3d_Cf8_N400_T5_lam15_lam23_h1_cu1_pi16_pi26_e039e6,3d,8.0,remove,400,5.0,4,3,3,0,2.213523058316582
model3d_Cf8_N400_T5_lam15_lam23_h1_cu1_pi16_pi26_e039e6,3d,8.0,remove,400,5.0,5,3,3,0,1.1634008639767899
