file,model,Cf,operator,n,tau,modified_cells,V_opt_state,gap_state,rel_gap_state_pct,max_gap_region,max_rel_gap_region_pct
model3d_Cf8_N400_T5_lam15_lam23_h1_cu1_pi16_pi26_e039e6,3d,8.0,fill,0,0.0,0,0.0,0.0,,0.0,0.0
model3d_Cf8_N400_T5_lam15_lam23_h1_cu1_pi16_pi26_e039e6,3d,8.0,fill,1,0.0125,0,0.525,0.0,0.0,0.0,0.0
model3d_Cf8_N400_T5_lam15_lam23_h1_cu1_pi16_pi26_e039e6,3d,8.0,fill,2,0.025,0,1.0542187500000002,0.0,0.0,0.0,0.0
model3d_Cf8_N400_T5_lam15_lam23_h1_cu1_pi16_pi26_e039e6,3d,8.0,fill,3,0.0375,0,1.58765625,0.0,0.0,0.0,0.0
model3d_Cf8_N400_T5_lam15_lam23_h1_cu1_pi16_pi26_e039e6,3d,8.0,fill,4,0.05,0,2.1253125,0.0,0.0,0.0,0.0
model3d_Cf8_N400_T5_lam15_lam23_h1_cu1_pi16_pi26_e039e6,3d,8.0,fill,5,0.0625,0,2.6671875,0.0,0.0,0.0,0.0
model3d_Cf8_N400_T5_lam15_lam23_h1_cu1_pi16_pi26_e039e6,3d,8.0,fill,6,0.075,0,3.21328125,0.0,0.0,0.0,0.0
model3d_Cf8_N400_T5_lam15_lam23_h1_cu1_pi16_pi26_e039e6,3d,8.0,fill,7,0.0875,0,3.76359375,0.0,0.0,0.0,0.0
model3d_Cf8_N400_T5_lam15_lam23_h1_cu1_pi16_pi26_e039e6,3d,8.0,fill,8,0.1,0,4.318125,0.0,0.0,0.0,0.0
model3d_Cf8_N400_T5_lam15_lam23_h1_cu1_pi16_pi26_e039e6,3d,8.0,fill,9,0.1125,0,4.876875,0.0,0.0,0.0,0.0
model3d_Cf8_N400_T5_lam15_lam23_h1_cu1_pi16_pi26_e039e6,3d,8.0,fill,10,0.125,0,5.4398437500000005,0.0,0.0,0.0,0.0
model3d_Cf8_N400_T5_lam15_lam23_h1_cu1_pi16_pi26_e039e6,3d,8.0,fill,11,0.1375,0,6.007031250000001,0.0,0.0,0.0,0.0
model3d_Cf8_N400_T5_lam15_lam23_h1_cu1_pi16_pi26_e039e6,3d,8.0,fill,12,0.15,0,6.5784375000000015,0.0,0.0,0.0,0.0
model3d_Cf8_N400_T5_lam15_lam23_h1_cu1_pi16_pi26_e039e6,3d,8.0,fill,13,0.1625,0,7.154062500000002,0.0,0.0,0.0,0.0
model3d_Cf8_N400_T5_lam15_lam23_h1_cu1_pi16_pi26_e039e6,3d,8.0,fill,14,0.175,0,7.733906250000002,0.0,0.0,0.0,0.0
model3d_Cf8_N400_T5_lam15_lam23_h1_cu1_pi16_pi26_e039e6,3d,8.0,fill,15,0.1875,0,8.317968750000004,0.0,0.0,0.0,0.0
model3d_Cf8_N400_T5_lam15_lam23_h1_cu1_pi16_pi26_e039e6,3d,8.0,fill,16,0.2,0,8.906250000000005,0.0,0.0,0.0,0.0
model3d_Cf8_N400_T5_lam15_lam23_h1_cu1_pi16_pi26_e039e6,3d,8.0,fill,17,0.2125,0,9.498750000000005,0.0,0.0,0.0,0.0
model3d_Cf8_N400_T5_lam15_lam23_h1_cu1_pi16_pi26_e039e6,3d,8.0,fill,18,0.225,0,10.095468750000006,0.0,0.0,0.0,0.0
model3d_Cf8_N400_T5_lam15_lam23_h1_cu1_pi16_pi26_e039e6,3d,8.0,fill,19,0.2375,0,10.696406250000006,0.0,0.0,0.0,0.0
model3d_Cf8_N400_T5_lam15_lam23_h1_cu1_pi16_pi26_e039e6,3d,8.0,fill,20,0.25,0,11.301562500000006,0.0,0.0,0.0,0.0
model3d_Cf8_N400_T5_lam15_lam23_h1_cu1_pi16_pi26_e039e6,3d,8.0,fill,21,0.2625,0,11.910937500000006,0.0,0.0,0.0,0.0
model3d_Cf8_N400_T5_lam15_lam23_h1_cu1_pi16_pi26_e039e6,3d,8.0,fill,22,0.275,0,12.524531250000006,0.0,0.0,0.0,0.0
model3d_Cf8_N400_T5_lam15_lam23_h1_cu1_pi16_pi26_e039e6,3d,8.0,fill,23,0.2875,0,13.142343750000006,0.0,0.0,0.0,0.0
model3d_Cf8_N400_T5_lam15_lam23_h1_cu1_pi16_pi26_e039e6,3d,8.0,fill,24,0.3,0,13.764375000000006,0.0,0.0,0.0,0.0
model3d_Cf8_N400_T5_lam15_lam23_h1_cu1_pi16_pi26_e039e6,3d,8.0,fill,25,0.3125,0,14.390625000000007,0.0,0.0,0.0,0.0
model3d_Cf8_N400_T5_lam15_lam23_h1_cu1_pi16_pi26_e039e6,3d,8.0,fill,26,0.325,0,15.021093750000007,0.0,0.0,0.0,0.0
model3d_Cf8_N400_T5_lam15_lam23_h1_cu1_pi16_pi26_e039e6,3d,8.0,fill,27,0.3375,0,15.65578125000001,0.0,0.0,0.0,0.0
model3d_Cf8_N400_T5_lam15_lam23_h1_cu1_pi16_pi26_e039e6,3d,8.0,fill,28,0.35,0,16.29468750000001,0.0,0.0,0.0,0.0
model3d_Cf8_N400_T5_lam15_lam23_h1_cu1_pi16_pi26_e039e6,3d,8.0,fill,29,0.3625,0,16.937812494039544,0.0,0.0,0.0,0.0
model3d_Cf8_N400_T5_lam15_lam23_h1_cu1_pi16_pi26_e039e6,3d,8.0,fill,30,0.375,0,17.585155924037107,0.0,0.0,0.0,0.0
model3d_Cf8_N400_T5_lam15_lam23_h1_cu1_pi16_pi26_e039e6,3d,8.0,fill,31,0.3875,0,18.236714888783176,0.0,0.0,0.0,0.0
model3d_Cf8_N400_T5_lam15_lam23_h1_cu1_pi16_pi26_e039e6,3d,8.0,fill,32,0.4,0,18.892476538584454,0.0,0.0,0.0,0.0
model3d_Cf8_N400_T5_lam15_lam23_h1_cu1_pi16_pi26_e039e6,3d,8.0,fill,33,0.4125,0,19.55241261982441,0.0,0.0,0.0,0.0
model3d_Cf8_N400_T5_lam15_lam23_h1_cu1_pi16_pi26_e039e6,3d,8.0,fill,34,0.425,0,20.216394343764232,0.0,0.0,0.0,0.0
model3d_Cf8_N400_T5_lam15_lam23_h1_cu1_pi16_pi26_e039e6,3d,8.0,fill,35,0.4375,0,20.88421078217323,0.0,0.0,0.0,0.0
model3d_Cf8_N400_T5_lam15_lam23_h1_cu1_pi16_pi26_e039e6,3d,8.0,fill,36,0.45,0,21.555585788542906,0.0,0.0,0.0,0.0
model3d_Cf8_N400_T5_lam15_lam23_h1_cu1_pi16_pi26_e039e6,3d,8.0,fill,37,0.4625,0,22.230192740569905,0.0,0.0,0.0,0.0
model3d_Cf8_N400_T5_lam15_lam23_h1_cu1_pi16_pi26_e039e6,3d,8.0,fill,38,0.475,0,22.906966888077427,0.0,0.0,0.0,0.0
model3d_Cf8_N400_T5_lam15_lam23_h1_cu1_pi16_pi26_e039e6,3d,8.0,fill,39,0.4875,0,23.58480632739741,0.0,0.0,0.0,0.0
model3d_Cf8_N400_T5_lam15_lam23_h1_cu1_pi16_pi26_e039e6,3d,8.0,fill,40,0.5,0,24.26275487526751,0.0,0.0,0.0,0.0
model3d_Cf8_N400_T5_lam15_lam23_h1_cu1_pi16_pi26_e039e6,3d,8.0,fill,41,0.5125,0,24.93998812749196,0.0,0.0,0.0,0.0
model3d_Cf8_N400_T5_lam15_lam23_h1_cu1_pi16_pi26_e039e6,3d,8.0,fill,42,0.525,0,25.615800663692937,0.0,0.0,0.0,0.0
model3d_Cf8_N400_T5_lam15_lam23_h1_cu1_pi16_pi26_e039e6,3d,8.0,fill,43,0.5375,0,26.289594296075,0.0,0.0,0.0,0.0
model3d_Cf8_N400_T5_lam15_lam23_h1_cu1_pi16_pi26_e039e6,3d,8.0,fill,44,0.55,0,26.96086727239735,0.0,0.0,0.0,0.0
model3d_Cf8_N400_T5_lam15_lam23_h1_cu1_pi16_pi26_e039e6,3d,8.0,fill,45,0.5625,0,27.629204353826534,0.0,0.0,0.0,0.0
model3d_Cf8_N400_T5_lam15_lam23_h1_cu1_pi16_pi26_e039e6,3d,8.0,fill,46,0.575,34,28.29426769728535,0.0,0.0,0.06433767829852144,0.3383352141071274
model3d_Cf8_N400_T5_lam15_lam23_h1_cu1_pi16_pi26_e039e6,3d,8.0,fill,47,0.5875,0,28.955788479549017,0.004019903035477057,0.013882899574004853,0.00402110489365981,0.023858905710378537
model3d_Cf8_N400_T5_lam15_lam23_h1_cu1_pi16_pi26_e039e6,3d,8.0,fill,48,0.6,0,29.612627538071923,0.0037686590957584087,0.012726527191527247,0.0037696354674743304,0.02177891970443889
model3d_Cf8_N400_T5_lam15_lam23_h1_cu1_pi16_pi26_e039e6,3d,8.0,fill,49,0.6125,0,30.261281678361033,0.003533117902271954,0.011675374294534208,0.0035338249891232465,0.01989221690093746
model3d_Cf8_N400_T5_lam15_lam23_h1_cu1_pi16_pi26_e039e6,3d,8.0,fill,50,0.625,0,30.90247788830562,0.0033132794550176925,0.010721727451737882,0.003313698368874185,0.018178021568095722
model3d_Cf8_N400_T5_lam15_lam23_h1_cu1_pi16_pi26_e039e6,3d,8.0,fill,51,0.6375,0,31.536888114138762,0.0031089597374389655,0.00985816903109455,0.0031093018255319294,0.016618344691133876
model3d_Cf8_N400_T5_lam15_lam23_h1_cu1_pi16_pi26_e039e6,3d,8.0,fill,52,0.65,0,32.16513106135857,0.0029198252195286045,0.009077610204537057,0.002920014713879482,0.015197518095448488
model3d_Cf8_N400_T5_lam15_lam23_h1_cu1_pi16_pi26_e039e6,3d,8.0,fill,53,0.6625,0,32.78777430299607,0.0027454230480330466,0.008373313243717723,0.002745506357872074,0.013933073647553728
model3d_Cf8_N400_T5_lam15_lam23_h1_cu1_pi16_pi26_e039e6,3d,8.0,fill,54,0.675,0,33.4053366164977,0.0025852073281384946,0.007738905186968699,0.0025852396527632493,0.012830954914053165
model3d_Cf8_N400_T5_lam15_lam23_h1_cu1_pi16_pi26_e039e6,3d,8.0,fill,55,0.6875,0,34.01829048165101,0.0024385618756070926,0.007168384539847524,0.0024385871112855284,0.01182876506058426
model3d_Cf8_N400_T5_lam15_lam23_h1_cu1_pi16_pi26_e039e6,3d,8.0,fill,56,0.7,0,34.62706468197244,0.0023048197932880043,0.006656122355320347,0.00230483325891484,0.010916500583941663
model3d_Cf8_N400_T5_lam15_lam23_h1_cu1_pi16_pi26_e039e6,3d,8.0,fill,57,0.7125,0,35.232046960885725,0.0021832802006542806,0.006196858794716461,0.002183293225499483,0.010085144555244813
model3d_Cf8_N400_T5_lam15_lam23_h1_cu1_pi16_pi26_e039e6,3d,8.0,fill,58,0.725,0,35.833586691932375,0.002073222420911236,0.00578569608098428,0.0020732342459837128,0.009326587968561938
model3d_Cf8_N400_T5_lam15_lam23_h1_cu1_pi16_pi26_e039e6,3d,8.0,fill,59,0.7375,0,36.43199752925636,0.0019739179062554513,0.005418088603761888,0.001973924899360213,0.008666028817687467
model3d_Cf8_N400_T5_lam15_lam23_h1_cu1_pi16_pi26_e039e6,3d,8.0,fill,60,0.75,0,37.027560010769974,0.0018846401590835171,0.005089830813954102,0.0018846473581426437,0.00809918142275016
model3d_Cf8_N400_T5_lam15_lam23_h1_cu1_pi16_pi26_e039e6,3d,8.0,fill,61,0.7625,0,37.62052409181277,0.0018046728852851857,0.0047970434459681825,0.0018046794938548771,0.00782127626305754
model3d_Cf8_N400_T5_lam15_lam23_h1_cu1_pi16_pi26_e039e6,3d,8.0,fill,62,0.775,0,38.2111115918303,0.0017333165946809004,0.0045361585216261826,0.0017333207421650343,0.0077026787265560845
model3d_Cf8_N400_T5_lam15_lam23_h1_cu1_pi16_pi26_e039e6,3d,8.0,fill,63,0.7875,0,38.79951854069008,0.0016698938444292821,0.004303903520550185,0.0016698973091777702,0.007555441582167795
model3d_Cf8_N400_T5_lam15_lam23_h1_cu1_pi16_pi26_e039e6,3d,8.0,fill,64,0.8,0,39.38591741478085,0.0016137533022373418,0.004097285040342182,0.001613756298628033,0.0073850626189055635
model3d_Cf8_N400_T5_lam15_lam23_h1_cu1_pi16_pi26_e039e6,3d,8.0,fill,65,0.8125,0,39.97045925606485,0.0015642727894515929,0.003913572219499181,0.0015859404346301176,0.007228585078799015
model3d_Cf8_N400_T5_lam15_lam23_h1_cu1_pi16_pi26_e039e6,3d,8.0,fill,66,0.825,0,40.5532756698251,0.0015208614475312743,0.0037502801497806444,0.0015845862910026653,0.007067480342873629
model3d_Cf8_N400_T5_lam15_lam23_h1_cu1_pi16_pi26_e039e6,3d,8.0,fill,67,0.8375,0,41.13448069901976,0.0014829611566966605,0.0036051534661333397,0.0015806032745082632,0.006896287450415819
model3d_Cf8_N400_T5_lam15_lam23_h1_cu1_pi16_pi26_e039e6,3d,8.0,fill,68,0.85,0,41.71417257496862,0.0014500473215406373,0.0034761502674771154,0.0015745002319960122,0.006717534910250717
model3d_Cf8_N400_T5_lam15_lam23_h1_cu1_pi16_pi26_e039e6,3d,8.0,fill,69,0.8625,0,42.29243534559439,0.0014216291256587965,0.003361426491621717,0.0015667219354398298,0.006533341309015257
model3d_Cf8_N400_T5_lam15_lam23_h1_cu1_pi16_pi26_e039e6,3d,8.0,fill,70,0.875,0,42.86934038366138,0.0013972493456861912,0.0032593208413785606,0.0015576534867598468,0.006345477298951679
model3d_Cf8_N400_T5_lam15_lam23_h1_cu1_pi16_pi26_e039e6,3d,8.0,fill,71,0.8875,1,43.44494777843109,0.0013764838043712757,0.0031683403358920646,0.0015476280992778868,0.006167709141374039
model3d_Cf8_N400_T5_lam15_lam23_h1_cu1_pi16_pi26_e039e6,3d,8.0,fill,72,0.9,1,44.01930761491941,0.0013589405325191706,0.003087146541256788,0.0027401759710450335,0.010750537446478423
model3d_Cf8_N400_T5_lam15_lam23_h1_cu1_pi16_pi26_e039e6,3d,8.0,fill,73,0.9125,1,44.592461145521646,0.0013442587007901352,0.003014542517407423,0.005769696198697716,0.02232899454492907
model3d_Cf8_N400_T5_lam15_lam23_h1_cu1_pi16_pi26_e039e6,3d,8.0,fill,74,0.925,1,45.16444185919509,0.0013321073743739476,0.0029494605037452535,0.009621418487899547,0.03673191679821145
model3d_Cf8_N400_T5_lam15_lam23_h1_cu1_pi16_pi26_e039e6,3d,8.0,fill,75,0.9375,2,45.73527645367714,0.0013221841362494047,0.0028909503533636133,0.014116837315636843,0.05316797193783712
model3d_Cf8_N400_T5_lam15_lam23_h1_cu1_pi16_pi26_e039e6,3d,8.0,fill,76,0.95,2,46.30498571639033,0.0013142136182082709,0.002838168715260149,0.019150684044248578,0.07115782668170235
model3d_Cf8_N400_T5_lam15_lam23_h1_cu1_pi16_pi26_e039e6,3d,8.0,fill,77,0.9625,2,46.873585319762235,0.0013079459731812904,0.0027903689556895302,0.02466928710597216,0.09043503906095617
model3d_Cf8_N400_T5_lam15_lam23_h1_cu1_pi16_pi26_e039e6,3d,8.0,fill,78,0.975,2,47.44108653668443,0.0013031553169824406,0.00274689180226671,0.030617156299364012,0.11073920492432555
model3d_Cf8_N400_T5_lam15_lam23_h1_cu1_pi16_pi26_e039e6,3d,8.0,fill,79,0.9875,2,48.00749688176421,0.0012996381631964482,0.00270715668929225,0.036938067018049026,0.13181976089098754
model3d_Cf8_N400_T5_lam15_lam23_h1_cu1_pi16_pi26_e039e6,3d,8.0,fill,80,1.0,2,48.57282068389874,0.0012972118706002789,0.0026706537778447108,0.0435759887337106,0.15343894609267866
model3d_Cf8_N400_T5_lam15_lam23_h1_cu1_pi16_pi26_e039e6,3d,8.0,fill,81,1.0125,2,49.13705959553384,0.0012957131193687133,0.002636936621837427,0.05047586738684018,0.17537402053731452
model3d_Cf8_N400_T5_lam15_lam23_h1_cu1_pi16_pi26_e039e6,3d,8.0,fill,82,1.025,2,49.7002130437694,0.0012949964286192994,0.0026056154477222,0.05758427267311461,0.19741883479887246
model3d_Cf8_N400_T5_lam15_lam23_h1_cu1_pi16_pi26_e039e6,3d,8.0,fill,83,1.0375,2,50.26227862824712,0.0012949327255071807,0.002576351014813395,0.06872560133561478,0.23119126265659884
model3d_Cf8_N400_T5_lam15_lam23_h1_cu1_pi16_pi26_e039e6,3d,8.0,fill,84,1.05,2,50.82325247051259,0.0012954079735578716,0.0025488490220287674,0.08072661842345497,0.2676358713222829
model3d_Cf8_N400_T5_lam15_lam23_h1_cu1_pi16_pi26_e039e6,3d,8.0,fill,85,1.0625,2,51.38312951928755,0.0012963218659578502,0.0025228550267092104,0.09295760520382146,0.30373799892902753
model3d_Cf8_N400_T5_lam15_lam23_h1_cu1_pi16_pi26_e039e6,3d,8.0,fill,86,1.075,2,51.941903815824936,0.0012975865875688442,0.002498149840964269,0.10530368300568682,0.339121433843336
model3d_Cf8_N400_T5_lam15_lam23_h1_cu1_pi16_pi26_e039e6,3d,8.0,fill,87,1.0875,2,52.49956872325401,0.0012991256482450808,0.0024745453721596953,0.11766572173243617,0.3734814909915441
model3d_Cf8_N400_T5_lam15_lam23_h1_cu1_pi16_pi26_e039e6,3d,8.0,fill,88,1.1,2,53.05611712355759,0.0013008727884624705,0.0024518808744201643,0.12995883145323717,0.40657591924829717
model3d_Cf8_N400_T5_lam15_lam23_h1_cu1_pi16_pi26_e039e6,3d,8.0,fill,89,1.1125,2,53.611541585562875,0.0013027709574302548,0.002430019579554638,0.14211094869526164,0.43821670006807556
model3d_Cf8_N400_T5_lam15_lam23_h1_cu1_pi16_pi26_e039e6,3d,8.0,fill,90,1.125,2,54.16583450707236,0.0013047713629603663,0.0024088456770475935,0.1540615185485663,0.468262677118055
model3d_Cf8_N400_T5_lam15_lam23_h1_cu1_pi16_pi26_e039e6,3d,8.0,fill,91,1.1375,2,54.718988234015086,0.001306832591531304,0.002388261613943612,0.16576027202857802,0.49661295686885704
model3d_Cf8_N400_T5_lam15_lam23_h1_cu1_pi16_pi26_e039e6,3d,8.0,fill,92,1.15,2,55.27099515926114,0.0013089197965783228,0.002368185687279057,0.17716609684573115,0.5232010210852581
model3d_Cf8_N400_T5_lam15_lam23_h1_cu1_pi16_pi26_e039e6,3d,8.0,fill,93,1.1625,2,55.82184780351643,0.0013110039524804051,0.0023485499030682752,0.1882459987462255,0.5479894937771329
model3d_Cf8_N400_T5_lam15_lam23_h1_cu1_pi16_pi26_e039e6,3d,8.0,fill,94,1.175,2,56.37153888049951,0.0013130611715297391,0.0023292980777290147,0.19897414985832285,0.5709655072807759
model3d_Cf8_N400_T5_lam15_lam23_h1_cu1_pi16_pi26_e039e6,3d,8.0,fill,95,1.1875,2,56.9200613483998,0.0013150720806720528,0.0023103841589745995,0.20933101995927217,0.5921366146188796
model3d_Cf8_N400_T5_lam15_lam23_h1_cu1_pi16_pi26_e039e6,3d,8.0,fill,96,1.2,2,57.46740844942544,0.0013170212549837856,0.0022917707454005666,0.21930258623135046,0.6115271980311472
model3d_Cf8_N400_T5_lam15_lam23_h1_cu1_pi16_pi26_e039e6,3d,8.0,fill,97,1.2125,2,58.01357373907112,0.001318896704397332,0.002273427784899723,0.22887961686819835,0.6291753264839719
model3d_Cf8_N400_T5_lam15_lam23_h1_cu1_pi16_pi26_e039e6,3d,8.0,fill,98,1.225,2,58.55855110656983,0.0013206894104484945,0.0022553314340803816,0.23805702379733162,0.6451300179814622
model3d_Cf8_N400_T5_lam15_lam23_h1_cu1_pi16_pi26_e039e6,3d,8.0,fill,99,1.2375,2,59.10233478783868,0.0013223929095929066,0.002237463061890766,0.24683327977938774,0.6594488655510999
model3d_Cf8_N400_T5_lam15_lam23_h1_cu1_pi16_pi26_e039e6,3d,8.0,fill,100,1.25,2,59.64491937208637,0.0013240029198158254,0.0022198083822634095,0.25520989520845916,0.6721959888095975
model3d_Cf8_N400_T5_lam15_lam23_h1_cu1_pi16_pi26_e039e6,3d,8.0,fill,101,1.2625,2,60.18629980311918,0.0013255170073875888,0.002202356701979698,0.26319095005606385,0.6834402759907048
model3d_Cf8_N400_T5_lam15_lam23_h1_cu1_pi16_pi26_e039e6,3d,8.0,fill,102,1.275,2,60.726471376261976,0.0013269342904536074,0.0021851002707400963,0.27078267655969057,0.6932538842020795
model3d_Cf8_N400_T5_lam15_lam23_h1_cu1_pi16_pi26_e039e6,3d,8.0,fill,103,1.2875,2,61.26542973170127,0.0013282551765811945,0.002168033722113762,0.2779930884450792,0.7017109684501203
model3d_Cf8_N400_T5_lam15_lam23_h1_cu1_pi16_pi26_e039e6,3d,8.0,fill,104,1.3,2,61.80317084495716,0.0013294811313002697,0.0021511535947491747,0.28483165267961397,0.7088866126098317
model3d_Cf8_N400_T5_lam15_lam23_h1_cu1_pi16_pi26_e039e6,3d,8.0,fill,105,1.3125,2,62.33969101510066,0.0013306144749662963,0.002134457924477006,0.2913089999760814,0.7148559380117583
model3d_Cf8_N400_T5_lam15_lam23_h1_cu1_pi16_pi26_e039e6,3d,8.0,fill,106,1.325,2,62.87498685125076,0.001331658205302233,0.0021179458986650152,0.2974366704942497,0.7196933676586325
model3d_Cf8_N400_T5_lam15_lam23_h1_cu1_pi16_pi26_e039e6,3d,8.0,fill,107,1.3375,2,63.409055257811964,0.0013326158431326007,0.0021016175650534125,0.30322689141922865,0.7234720262713262
model3d_Cf8_N400_T5_lam15_lam23_h1_cu1_pi16_pi26_e039e6,3d,8.0,fill,108,1.35,2,63.941893418846746,0.0013334912992064574,0.002085473588452439,0.3086923833246402,0.7262632583914637
model3d_Cf8_N400_T5_lam15_lam23_h1_cu1_pi16_pi26_e039e6,3d,8.0,fill,109,1.3625,2,64.47349878191821,0.0013342887597218578,0.002069515048710313,0.3138461924539584,0.728136248642672
model3d_Cf8_N400_T5_lam15_lam23_h1_cu1_pi16_pi26_e039e6,3d,8.0,fill,110,1.375,2,65.00386904168546,0.0013350125888393904,0.0020537432748553444,0.31870154627196,0.7291577299758992
model3d_Cf8_N400_T5_lam15_lam23_h1_cu1_pi16_pi26_e039e6,3d,8.0,fill,111,1.3875,2,65.5330021234876,0.001335667246223693,0.0020381597102888988,0.3232717298481802,0.7293917673014662
model3d_Cf8_N400_T5_lam15_lam23_h1_cu1_pi16_pi26_e039e6,3d,8.0,fill,112,1.4,2,66.06089616711078,0.0013362572178863275,0.002022765804608626,0.32756998083516464,0.728899605349896
model3d_Cf8_N400_T5_lam15_lam23_h1_cu1_pi16_pi26_e039e6,3d,8.0,fill,113,1.4125,2,66.5875495108966,0.0013367869588876147,0.0020075629283652476,0.33160940099445924,0.7277395709102713
model3d_Cf8_N400_T5_lam15_lam23_h1_cu1_pi16_pi26_e039e6,3d,8.0,fill,114,1.425,2,67.11296067631814,0.0013372608464692348,0.0019925523073237154,0.3354028824029882,0.7259670207785915
model3d_Cf8_N400_T5_lam15_lam23_h1_cu1_pi16_pi26_e039e6,3d,8.0,fill,115,1.4375,2,67.63712835312258,0.0013376831423101976,0.001977734973203429,0.3389630466410338,0.723634327816242
model3d_Cf8_N400_T5_lam15_lam23_h1_cu1_pi16_pi26_e039e6,3d,8.0,fill,116,1.45,2,68.16005138511503,0.0013380579627266798,0.00196311172825625,0.3423021954201815,0.720790898477984
model3d_Cf8_N400_T5_lam15_lam23_h1_cu1_pi16_pi26_e039e6,3d,8.0,fill,117,1.4625,2,68.68172875663785,0.0013383892557357058,0.0019486831213554087,0.34543227125657694,0.7174832160302739
model3d_Cf8_N400_T5_lam15_lam23_h1_cu1_pi16_pi26_e039e6,3d,8.0,fill,118,1.475,2,69.20215957978199,0.001338680784186863,0.0019344494338265857,0.34836482693015114,0.7137549044483408
model3d_Cf8_N400_T5_lam15_lam23_h1_cu1_pi16_pi26_e039e6,3d,8.0,fill,119,1.4875,2,69.72134308235202,0.0013389361138678169,0.0019204106729360044,0.351111002596582,0.7096468086665176
model3d_Cf8_N400_T5_lam15_lam23_h1_cu1_pi16_pi26_e039e6,3d,8.0,fill,120,1.5,2,70.23927859659382,0.0013391586060009786,0.001906566571806903,0.3536815095337431,0.7051970874631006
model3d_Cf8_N400_T5_lam15_lam23_h1_cu1_pi16_pi26_e039e6,3d,8.0,fill,121,1.5125,2,70.7559655486836,0.001339351413434997,0.0018929165944509046,0.3560866196109629,0.700441315800272
model3d_Cf8_N400_T5_lam15_lam23_h1_cu1_pi16_pi26_e039e6,3d,8.0,fill,122,1.525,2,71.27140344896846,0.001339517479721053,0.0018794599445206245,0.3583361596665,0.6954125939145072
model3d_Cf8_N400_T5_lam15_lam23_h1_cu1_pi16_pi26_e039e6,3d,8.0,fill,123,1.5375,2,71.78559188294106,0.0013396595408750045,0.001866195577323585,0.3604395100673372,0.690141660870797
model3d_Cf8_N400_T5_lam15_lam23_h1_cu1_pi16_pi26_e039e6,3d,8.0,fill,124,1.55,2,72.2985305029267,0.00133978012907221,0.0018531222138989045,0.36240560680636946,0.6846570106608995
model3d_Cf8_N400_T5_lam15_lam23_h1_cu1_pi16_pi26_e039e6,3d,8.0,fill,125,1.5625,2,72.81021902045539,0.001339881577990809,0.001840238356671309,0.36424294656547573,0.6789850092462265
model3d_Cf8_N400_T5_lam15_lam23_h1_cu1_pi16_pi26_e039e6,3d,8.0,fill,126,1.575,2,73.32065719928967,0.0013399660293913485,0.0018275423060505928,0.36595959423961233,0.673150011225285
model3d_Cf8_N400_T5_lam15_lam23_h1_cu1_pi16_pi26_e039e6,3d,8.0,fill,127,1.5875,2,73.82984484907564,0.0013400354406201131,0.0018150321775149858,0.36756319247735547,0.6671744750480857
model3d_Cf8_N400_T5_lam15_lam23_h1_cu1_pi16_pi26_e039e6,3d,8.0,fill,128,1.6,2,74.33778181958372,0.0013400915928372115,0.0018027059188954365,0.36906097284752803,0.6610790759092836
model3d_Cf8_N400_T5_lam15_lam23_h1_cu1_pi16_pi26_e039e6,3d,8.0,fill,129,1.6125,2,74.8444679955049,0.001340136099614142,0.0017905613273844496,0.3704597682907007,0.6548828156327868
model3d_Cf8_N400_T5_lam15_lam23_h1_cu1_pi16_pi26_e039e6,3d,8.0,fill,130,1.625,2,75.34990329176772,0.0013401704158013672,0.0017785960661581715,0.3717660265581202,0.6486031290150516
model3d_Cf8_N400_T5_lam15_lam23_h1_cu1_pi16_pi26_e039e6,3d,8.0,fill,131,1.6375,2,75.85408764934172,0.0013401958464527297,0.0017668076803562481,0.37298582438011607,0.6422559862266402
model3d_Cf8_N400_T5_lam15_lam23_h1_cu1_pi16_pi26_e039e6,3d,8.0,fill,132,1.65,2,76.35702103149376,0.0013402135556788153,0.0017551936122888279,0.3741248821412526,0.6358559909838044
model3d_Cf8_N400_T5_lam15_lam23_h1_cu1_pi16_pi26_e039e6,3d,8.0,fill,133,1.6625,2,76.85870342046421,0.0013402245752871522,0.0017437512157280385,0.37518857887083357,0.6294164742964327
model3d_Cf8_N400_T5_lam15_lam23_h1_cu1_pi16_pi26_e039e6,3d,8.0,fill,134,1.675,2,77.35913481453181,0.0013402298131950374,0.0017324777693135175,0.37618196738541343,0.6229495836782512
model3d_Cf8_N400_T5_lam15_lam23_h1_cu1_pi16_pi26_e039e6,3d,8.0,fill,135,1.6875,2,77.8583152254369,0.0013402300613449825,0.0017213704887710172,0.37710978944462425,0.6164663677709675
model3d_Cf8_N400_T5_lam15_lam23_h1_cu1_pi16_pi26_e039e6,3d,8.0,fill,136,1.7,2,78.35624467613437,0.001340226003392786,0.0017104265383470962,0.3779764908037606,0.6099768563888059
model3d_Cf8_N400_T5_lam15_lam23_h1_cu1_pi16_pi26_e039e6,3d,8.0,fill,137,1.7125,2,78.85292319884978,0.0013402182216850633,0.0016996430408868,0.3787862360658423,0.6034901360341142
model3d_Cf8_N400_T5_lam15_lam23_h1_cu1_pi16_pi26_e039e6,3d,8.0,fill,138,1.725,2,79.34835083341291,0.0013402072040520352,0.0016890170872810193,0.379542923252842,0.5970144209703524
model3d_Cf8_N400_T5_lam15_lam23_h1_cu1_pi16_pi26_e039e6,3d,8.0,fill,139,1.7375,2,79.84252762584602,0.0013401933496908214,0.00167854574440725,0.38025019803096427,0.5905571199674675
model3d_Cf8_N400_T5_lam15_lam23_h1_cu1_pi16_pi26_e039e6,3d,8.0,fill,140,1.75,2,80.33545362718466,0.0013401769748639936,0.0016682260625344772,0.38091146753784244,0.5841248988564252
model3d_Cf8_N400_T5_lam15_lam23_h1_cu1_pi16_pi26_e039e6,3d,8.0,fill,141,1.7625,2,80.82712889251157,0.001340158317830742,0.001658055081497401,0.3815299137705921,0.5777237390456968
model3d_Cf8_N400_T5_lam15_lam23_h1_cu1_pi16_pi26_e039e6,3d,8.0,fill,142,1.775,2,81.31755348018535,0.0013401375434085594,0.0016480298361842755,0.3821085065043093,0.5713589921656146
model3d_Cf8_N400_T5_lam15_lam23_h1_cu1_pi16_pi26_e039e6,3d,8.0,fill,143,1.7875,2,81.80672745124804,0.0013401147468528052,0.0016381473609874374,0.382650015718383,0.56503543101336
model3d_Cf8_N400_T5_lam15_lam23_h1_cu1_pi16_pi26_e039e6,3d,8.0,fill,144,1.8,2,82.29465086899637,0.00134008995743784,0.0016284046937280398,0.3831570235157642,0.5587572969768496
model3d_Cf8_N400_T5_lam15_lam23_h1_cu1_pi16_pi26_e039e6,3d,8.0,fill,145,1.8125,2,82.78132379870442,0.0013400631414128839,0.00161879887868362,0.38363193552660846,0.552528344117881
model3d_Cf8_N400_T5_lam15_lam23_h1_cu1_pi16_pi26_e039e6,3d,8.0,fill,146,1.825,2,83.2667463074858,0.0013400342045315483,0.0016093269689956378,0.38407699179278154,0.546351880094425
model3d_Cf8_N400_T5_lam15_lam23_h1_cu1_pi16_pi26_e039e6,3d,8.0,fill,147,1.8375,2,83.75091846428572,0.0013400029941976754,0.001599986028534241,0.3844942771347064,0.5402308041007804
model3d_Cf8_N400_T5_lam15_lam23_h1_cu1_pi16_pi26_e039e6,3d,8.0,fill,148,1.85,2,84.23384033999442,0.0013399693013553815,0.001590773133394894,0.38488573100525514,0.5341676420001656
model3d_Cf8_N400_T5_lam15_lam23_h1_cu1_pi16_pi26_e039e6,3d,8.0,fill,149,1.8625,2,84.71551200767514,0.00133993286186751,0.0015816853727403705,0.3852531568389992,0.5281645788205579
model3d_Cf8_N400_T5_lam15_lam23_h1_cu1_pi16_pi26_e039e6,3d,8.0,fill,150,1.875,2,85.19593354290082,0.0013398933577803973,0.0015727198494816512,0.385598230907263,0.5222234887786126
model3d_Cf8_N400_T5_lam15_lam23_h1_cu1_pi16_pi26_e039e6,3d,8.0,fill,151,1.8875,2,85.67510502419489,0.0013398504183328441,0.0015638736806385782,0.3859225106921258,0.5163459629913532
model3d_Cf8_N400_T5_lam15_lam23_h1_cu1_pi16_pi26_e039e6,3d,8.0,fill,152,1.9,2,86.15302653357342,0.0013398036207377118,0.001555143997426018,0.38622744279309984,0.5105333350273659
model3d_Cf8_N400_T5_lam15_lam23_h1_cu1_pi16_pi26_e039e6,3d,8.0,fill,153,1.9125,2,86.62969815718579,0.0013397524910203629,0.0015465279454044047,0.3865143703827698,0.5047867044441876
model3d_Cf8_N400_T5_lam15_lam23_h1_cu1_pi16_pi26_e039e6,3d,8.0,fill,154,1.925,2,87.10511998605334,0.0013396965047860476,0.001538022684545467,0.3867845402274668,0.49910695844997477
model3d_Cf8_N400_T5_lam15_lam23_h1_cu1_pi16_pi26_e039e6,3d,8.0,fill,155,1.9375,2,87.57929211690565,0.001339635088058344,0.0015296253893787193,0.38703910929041285,0.49349479182140055
model3d_Cf8_N400_T5_lam15_lam23_h1_cu1_pi16_pi26_e039e6,3d,8.0,fill,156,1.95,2,88.05221465311523,0.0013395676182312855,0.001521333249264154,0.38727915093500087,0.48795072520234395
model3d_Cf8_N400_T5_lam15_lam23_h1_cu1_pi16_pi26_e039e6,3d,8.0,fill,157,1.9625,2,88.52388770573239,0.001339493425447813,0.0015131434691396566,0.38750566074581627,0.48247512190056047
model3d_Cf8_N400_T5_lam15_lam23_h1_cu1_pi16_pi26_e039e6,3d,8.0,fill,158,1.975,2,88.99431139462278,0.0013394117941203376,0.001505053270406301,0.38771956198537794,0.4770682032930499
model3d_Cf8_N400_T5_lam15_lam23_h1_cu1_pi16_pi26_e039e6,3d,8.0,fill,159,1.9875,2,89.4634858497108,0.0013393219650623678,0.0014970598924708646,0.38792171070463155,0.4717300629442942
model3d_Cf8_N400_T5_lam15_lam23_h1_cu1_pi16_pi26_e039e6,3d,8.0,fill,160,2.0,2,89.93141121233276,0.0013392231382312048,0.0014891605949218666,0.3881129005239927,0.4664606795337736
model3d_Cf8_N400_T5_lam15_lam23_h1_cu1_pi16_pi26_e039e6,3d,8.0,fill,161,2.0125,2,90.39808763670459,0.00133911447601065,0.001481352660238053,0.38829386710315816,0.4612599286850575
model3d_Cf8_N400_T5_lam15_lam23_h1_cu1_pi16_pi26_e039e6,3d,8.0,fill,162,2.025,2,90.86351529150909,0.001338995107587948,0.0014736333976207864,0.3884652923155869,0.4561275937803835
model3d_Cf8_N400_T5_lam15_lam23_h1_cu1_pi16_pi26_e039e6,3d,8.0,fill,163,2.0375,2,91.32769436160855,0.0013388641341265384,0.0014660001475843203,0.38862780814444875,0.4510633758405828
model3d_Cf8_N400_T5_lam15_lam23_h1_cu1_pi16_pi26_e039e6,3d,8.0,fill,164,2.05,2,91.79062504988904,0.001338720635189361,0.0014584502877736743,0.3887820003156861,0.44606690254396164
model3d_Cf8_N400_T5_lam15_lam23_h1_cu1_pi16_pi26_e039e6,3d,8.0,fill,165,2.0625,2,92.25230757924301,0.0013385636764837727,0.001450981240045374,0.38892841168365067,0.4411377364530043
model3d_Cf8_N400_T5_lam15_lam23_h1_cu1_pi16_pi26_e039e6,3d,8.0,fill,166,2.075,2,92.71274219469733,0.0013383923190275482,0.0014435904788760493,0.38906754538353994,0.4362753825121078
model3d_Cf8_N400_T5_lam15_lam23_h1_cu1_pi16_pi26_e039e6,3d,8.0,fill,167,2.0875,2,93.17192916569425,0.001338205630204925,0.0014362755415583367,0.3891998677651429,0.4314792948759608
model3d_Cf8_N400_T5_lam15_lam23_h1_cu1_pi16_pi26_e039e6,3d,8.0,fill,168,2.1,2,93.62986878853333,0.0013380026964284752,0.0014290340398216363,0.38932581112116793,0.4267488831230992
model3d_Cf8_N400_T5_lam15_lam23_h1_cu1_pi16_pi26_e039e6,3d,8.0,fill,169,2.1125,2,94.08656138898208,0.001337782638060503,0.0014218636735268792,0.38944577622278587,0.42208351790507875
model3d_Cf8_N400_T5_lam15_lam23_h1_cu1_pi16_pi26_e039e6,3d,8.0,fill,170,2.125,2,94.54200732506396,0.0013375446265513347,0.001414762246323428,0.3895601346750084,0.4174825360785431
model3d_Cf8_N400_T5_lam15_lam23_h1_cu1_pi16_pi26_e039e6,3d,8.0,fill,171,2.1375,2,94.99620699003218,0.0013372879042350405,0.0014077276836698968,0.3896692311030847,0.4129452453629675
model3d_Cf8_N400_T5_lam15_lam23_h1_cu1_pi16_pi26_e039e6,3d,8.0,fill,172,2.15,2,95.44916081553794,0.00133701180671153,0.0014007580530701544,0.38977338518120064,0.40847092856429446
model3d_Cf8_N400_T5_lam15_lam23_h1_cu1_pi16_pi26_e039e6,3d,8.0,fill,173,2.1625,2,95.90086927500212,0.0013367157883550362,0.0013938515870194198,0.38987289351368304,0.40405884740101883
model3d_Cf8_N400_T5_lam15_lam23_h1_cu1_pi16_pi26_e039e6,3d,8.0,fill,174,2.175,2,96.35133288719915,0.001336399451005832,0.0013870067086361817,0.38996803137881386,0.3997082459668894
model3d_Cf8_N400_T5_lam15_lam23_h1_cu1_pi16_pi26_e039e6,3d,8.0,fill,175,2.1875,2,96.80055222006202,0.0013360625761720257,0.001380222060236476,0.39005905434426325,0.39541835386112306
model3d_Cf8_N400_T5_lam15_lam23_h1_cu1_pi16_pi26_e039e6,3d,8.0,fill,176,2.2,2,97.24852789471733,0.0013357051610114468,0.0013734965350400991,0.3901461997629383,0.39118838901487596
model3d_Cf8_N400_T5_lam15_lam23_h1_cu1_pi16_pi26_e039e6,3d,8.0,fill,177,2.2125,2,97.69526058975933,0.0013353274582641461,0.00136682931209062,0.39022968815778825,0.3870175602406506
model3d_Cf8_N400_T5_lam15_lam23_h1_cu1_pi16_pi26_e039e6,3d,8.0,fill,178,2.225,2,98.14075104577138,0.0013349300205334202,0.0013602198947008555,0.39030972450281354,0.38290506952835673
model3d_Cf8_N400_T5_lam15_lam23_h1_cu1_pi16_pi26_e039e6,3d,8.0,fill,179,2.2375,2,98.58500007010377,0.0013345137490432535,0.0013536681524514693,0.39038649940792425,0.37885011411064823
model3d_Cf8_N400_T5_lam15_lam23_h1_cu1_pi16_pi26_e039e6,3d,8.0,fill,180,2.25,2,99.02800854191614,0.0013340799472132403,0.001347174366985838,0.3904601902143554,0.37485188831781974
model3d_Cf8_N400_T5_lam15_lam23_h1_cu1_pi16_pi26_e039e6,3d,8.0,fill,181,2.2625,2,99.46977741749247,0.0013336303792499393,0.0013407392816940304,0.39053096200687776,0.37090958524082474
model3d_Cf8_N400_T5_lam15_lam23_h1_cu1_pi16_pi26_e039e6,3d,8.0,fill,182,2.275,2,99.91030773583677,0.0013331673340672978,0.00133436415549054,0.39059896854908516,0.36702239821984967
model3d_Cf8_N400_T5_lam15_lam23_h1_cu1_pi16_pi26_e039e6,3d,8.0,fill,183,2.2875,2,100.34960062455689,0.001332693694607201,0.0013280508206437974,0.3906643531469882,0.3631895221737924
model3d_Cf8_N400_T5_lam15_lam23_h1_cu1_pi16_pi26_e039e6,3d,8.0,fill,184,2.3,2,100.78765730604341,0.001332213013157002,0.0013218017451399975,0.3907272494463996,0.35941015478526944
model3d_Cf8_N400_T5_lam15_lam23_h1_cu1_pi16_pi26_e039e6,3d,8.0,fill,185,2.3125,2,101.22447910395066,0.0013317295923798156,0.001315620099178006,0.3907877821688004,0.3556834975541245
model3d_Cf8_N400_T5_lam15_lam23_h1_cu1_pi16_pi26_e039e6,3d,8.0,fill,186,2.325,2,101.66006744998582,0.0013312485725265333,0.00130950982614828,0.3908460677904486,0.35200875673165877
model3d_Cf8_N400_T5_lam15_lam23_h1_cu1_pi16_pi26_e039e6,3d,8.0,fill,187,2.3375,2,102.09442389101201,0.001330776025099567,0.0013034757182431422,0.39090221516866563,0.3483851441462964
model3d_Cf8_N400_T5_lam15_lam23_h1_cu1_pi16_pi26_e039e6,3d,8.0,fill,188,2.35,2,102.52755009647042,0.0013303190528688447,0.0012975234964817928,0.39095632611949327,0.34481187793095297
model3d_Cf8_N400_T5_lam15_lam23_h1_cu1_pi16_pi26_e039e6,3d,8.0,fill,189,2.3625,2,102.95944786612607,0.0013298858965100635,0.0012916598953009726,0.3910084959502882,0.3412881831611788
model3d_Cf8_N400_T5_lam15_lam23_h1_cu1_pi16_pi26_e039e6,3d,8.0,fill,190,2.375,2,103.39011913814124,0.0013294860479646786,0.0012858927516935447,0.39105881395066433,0.33781329241244407
model3d_Cf8_N400_T5_lam15_lam23_h1_cu1_pi16_pi26_e039e6,3d,8.0,fill,191,2.3875,2,103.81956599747959,0.0013291303704932034,0.0012802310987559615,0.3911073638448386,0.334386446244102
model3d_Cf8_N400_T5_lam15_lam23_h1_cu1_pi16_pi26_e039e6,3d,8.0,fill,192,2.4,2,104.24779068464362,0.0013288312255070878,0.0012746852636204915,0.39115422420869095,0.33100689361731167
model3d_Cf8_N400_T5_lam15_lam23_h1_cu1_pi16_pi26_e039e6,3d,8.0,fill,193,2.4125,2,104.67479560474717,0.0013286026062928613,0.0012692669697772086,0.39119946885368506,0.32767389225276033
model3d_Cf8_N400_T5_lam15_lam23_h1_cu1_pi16_pi26_e039e6,3d,8.0,fill,194,2.425,2,105.10058333692395,0.0013284602782590582,0.001263989443331989,0.39124316718080365,0.324386708934506
model3d_Cf8_N400_T5_lam15_lam23_h1_cu1_pi16_pi26_e039e6,3d,8.0,fill,195,2.4375,2,105.52515664407187,0.001328421925990142,0.0012588675233819416,0.3912853845063893,0.32114461976481345
model3d_Cf8_N400_T5_lam15_lam23_h1_cu1_pi16_pi26_e039e6,3d,8.0,fill,196,2.45,2,105.948518482933,0.0013285073067095254,0.0012539177760409472,0.3913261823622065,0.31794691037490713
model3d_Cf8_N400_T5_lam15_lam23_h1_cu1_pi16_pi26_e039e6,3d,8.0,fill,197,2.4625,2,106.37067201450681,0.0013287384100237887,0.0012491586119175553,0.39136561877197096,0.31479287609619244
model3d_Cf8_N400_T5_lam15_lam23_h1_cu1_pi16_pi26_e039e6,3d,8.0,fill,198,2.475,2,106.79162061479454,0.0013291396239196729,0.0012446104069475453,0.39140374850568094,0.31168182209548684
model3d_Cf8_N400_T5_lam15_lam23_h1_cu1_pi16_pi26_e039e6,3d,8.0,fill,199,2.4875,2,107.21136788587091,0.0013297379063459402,0.0012402956258906037,0.3914406233140255,0.3086130634783238
model3d_Cf8_N400_T5_lam15_lam23_h1_cu1_pi16_pi26_e039e6,3d,8.0,fill,200,2.5,2,107.62991766727869,0.001330562962436943,0.001236238948495876,0.39147629214417634,0.3055859253633777
model3d_Cf8_N400_T5_lam15_lam23_h1_cu1_pi16_pi26_e039e6,3d,8.0,fill,201,2.5125,2,108.04727404774057,0.0013316474266673595,0.001232467397630941,0.3915108013384838,0.30259974293103414
model3d_Cf8_N400_T5_lam15_lam23_h1_cu1_pi16_pi26_e039e6,3d,8.0,fill,202,2.525,2,108.46344137718174,0.0013330270498101982,0.0012290104692276867,0.3915441948172713,0.2996538614486885
model3d_Cf8_N400_T5_lam15_lam23_h1_cu1_pi16_pi26_e039e6,3d,8.0,fill,203,2.5375,2,108.87842427905557,0.0013347408899164748,0.0012259002633024261,0.3915765142475607,0.29674763627568224
model3d_Cf8_N400_T5_lam15_lam23_h1_cu1_pi16_pi26_e039e6,3d,8.0,fill,204,2.55,2,109.29222766296384,0.001336831506961289,0.0012231716157198476,0.3916077991980558,0.29388043284946397
model3d_Cf8_N400_T5_lam15_lam23_h1_cu1_pi16_pi26_e039e6,3d,8.0,fill,205,2.5625,2,109.70485673756178,0.0013393451603889162,0.0012208622300040237,0.3916380872821321,0.2910516266555286
model3d_Cf8_N400_T5_lam15_lam23_h1_cu1_pi16_pi26_e039e6,3d,8.0,fill,206,2.575,2,110.11631702373707,0.0013423320091874302,0.0012190128088810602,0.39166741428934415,0.2882606031826112
model3d_Cf8_N400_T5_lam15_lam23_h1_cu1_pi16_pi26_e039e6,3d,8.0,fill,207,2.5875,2,110.52661436805123,0.0013458463133417808,0.0012176671845390485,0.3916958143070417,0.28550675786530966
model3d_Cf8_N400_T5_lam15_lam23_h1_cu1_pi16_pi26_e039e6,3d,8.0,fill,208,2.6,2,110.9357549564305,0.0013499466363242618,0.001216872447349772,0.39172331983183994,0.282789496014833
model3d_Cf8_N400_T5_lam15_lam23_h1_cu1_pi16_pi26_e039e6,3d,8.0,fill,209,2.6125,2,111.34374532809227,0.0013546960475139258,0.0012166790721132076,0.39174996187281863,0.28010823274006297
model3d_Cf8_N400_T5_lam15_lam23_h1_cu1_pi16_pi26_e039e6,3d,8.0,fill,210,2.625,2,111.75059238969219,0.001360162323905456,0.0012171410413309958,0.39177577004653585,0.27746239285970026
model3d_Cf8_N400_T5_lam15_lam23_h1_cu1_pi16_pi26_e039e6,3d,8.0,fill,211,2.6375,2,112.1563034296761,0.001366418150112736,0.001218315964710359,0.3918007726646806,0.27485141080674047
model3d_Cf8_N400_T5_lam15_lam23_h1_cu1_pi16_pi26_e039e6,3d,8.0,fill,212,2.65,2,112.56088613282002,0.0013735413155302467,0.0012202651939942,0.3918249968149041,0.27227473052624773
model3d_Cf8_N400_T5_lam15_lam23_h1_cu1_pi16_pi26_e039e6,3d,8.0,fill,213,2.6625,2,112.96434859494003,0.0013816149080980722,0.0012230539327519818,0.39184846843542687,0.2697318053673718
model3d_Cf8_N400_T5_lam15_lam23_h1_cu1_pi16_pi26_e039e6,3d,8.0,fill,214,2.675,2,113.3666993377536,0.0013907275032352118,0.0012267513399960733,0.3918712123841033,0.2672220979705506
model3d_Cf8_N400_T5_lam15_lam23_h1_cu1_pi16_pi26_e039e6,3d,8.0,fill,215,2.6875,2,113.76794732387228,0.0014009733471596064,0.0012314306270916043,0.391893252502058,0.26474508015039644
model3d_Cf8_N400_T5_lam15_lam23_h1_cu1_pi16_pi26_e039e6,3d,8.0,fill,216,2.7,2,114.16810197190567,0.0014124525333301108,0.0012371691470159372,0.3919146116723482,0.2623002327749604
model3d_Cf8_N400_T5_lam15_lam23_h1_cu1_pi16_pi26_e039e6,3d,8.0,fill,217,2.7125,2,114.56717317165477,0.0014252711711577604,0.0012440484754060327,0.39193531187478925,0.25988704564247883
model3d_Cf8_N400_T5_lam15_lam23_h1_cu1_pi16_pi26_e039e6,3d,8.0,fill,218,2.725,2,114.96517129937284,0.0014395415455510374,0.0012521544823365914,0.39195537423603355,0.2575050173552828
model3d_Cf8_N400_T5_lam15_lam23_h1_cu1_pi16_pi26_e039e6,3d,8.0,fill,219,2.7375,2,115.36210723307052,0.0014553822665988037,0.001261577394437186,0.3919748190763528,0.25515365519211713
model3d_Cf8_N400_T5_lam15_lam23_h1_cu1_pi16_pi26_e039e6,3d,8.0,fill,220,2.75,2,115.75799236784192,0.0014729184077566515,0.0012724118461524343,0.39199366595300944,0.2528324749790177
model3d_Cf8_N400_T5_lam15_lam23_h1_cu1_pi16_pi26_e039e6,3d,8.0,fill,221,2.7625,2,116.152838631187,0.001492281631939818,0.0012847569198701796,0.3920119337002461,0.2505410009589799
model3d_Cf8_N400_T5_lam15_lam23_h1_cu1_pi16_pi26_e039e6,3d,8.0,fill,222,2.775,2,116.54665849830549,0.0015136103040163107,0.0012987161738646652,0.3920296404663475,0.24827876566090537
model3d_Cf8_N400_T5_lam15_lam23_h1_cu1_pi16_pi26_e039e6,3d,8.0,fill,223,2.7875,2,116.93946500733693,0.001537049588790751,0.0013143976575353022,0.3920468037486273,0.24604530976853128
model3d_Cf8_N400_T5_lam15_lam23_h1_cu1_pi16_pi26_e039e6,3d,8.0,fill,224,2.8,2,117.33127177452081,0.0015627515333989095,0.0013319139132848556,0.392063440425261,0.24384018198879426
model3d_Cf8_N400_T5_lam15_lam23_h1_cu1_pi16_pi26_e039e6,3d,8.0,fill,225,2.8125,2,117.72209300925036,0.0015908751329618553,0.001351381964332598,0.3920795667852701,0.24166293892059212
model3d_Cf8_N400_T5_lam15_lam23_h1_cu1_pi16_pi26_e039e6,3d,8.0,fill,226,2.825,2,118.11194352899348,0.001621586378576012,0.0013729232879636376,0.3920951985564898,0.2395131449239371
model3d_Cf8_N400_T5_lam15_lam23_h1_cu1_pi16_pi26_e039e6,3d,8.0,fill,227,2.8375,2,118.50083877405359,0.0016550582866585728,0.001396663773675294,0.3921103509315458,0.23739037198961283
model3d_Cf8_N400_T5_lam15_lam23_h1_cu1_pi16_pi26_e039e6,3d,8.0,fill,228,2.85,2,118.8887948221432,0.001691470908653514,0.0014227336656780336,0.3921250385920132,0.2352941996095258
model3d_Cf8_N400_T5_lam15_lam23_h1_cu1_pi16_pi26_e039e6,3d,8.0,fill,229,2.8625,2,119.27582840274272,0.0017310113203734545,0.0014512674894435278,0.39213927573123897,0.23322421464811458
model3d_Cf8_N400_T5_lam15_lam23_h1_cu1_pi16_pi26_e039e6,3d,8.0,fill,230,2.875,2,119.66195691121722,0.001773873589755226,0.0014824039615793227,0.3921530760754024,0.23118001121461507
model3d_Cf8_N400_T5_lam15_lam23_h1_cu1_pi16_pi26_e039e6,3d,8.0,fill,231,2.8875,2,120.04719842266312,0.0018202587229723122,0.0015162858832936117,0.3921664529036377,0.22916119053672726
model3d_Cf8_N400_T5_lam15_lam23_h1_cu1_pi16_pi26_e039e6,3d,8.0,fill,232,2.9,2,120.43157170545796,0.0018703745874830702,0.0015530600165689814,0.3921794190662524,0.22716736083514982
model3d_Cf8_N400_T5_lam15_lam23_h1_cu1_pi16_pi26_e039e6,3d,8.0,fill,233,2.9125,2,120.81509623448514,0.0019244358118726268,0.0015928769432402446,0.3921919870026329,0.22519813719995566
model3d_Cf8_N400_T5_lam15_lam23_h1_cu1_pi16_pi26_e039e6,3d,8.0,fill,234,2.925,2,121.19779220400714,0.001982663661763695,0.0016358909066811719,0.3922041687574733,0.22325314146802852
model3d_Cf8_N400_T5_lam15_lam23_h1_cu1_pi16_pi26_e039e6,3d,8.0,fill,235,2.9375,2,121.57968054015963,0.002045285891526305,0.0016822596361821462,0.3922159759962369,0.22133200210211731
model3d_Cf8_N400_T5_lam15_lam23_h1_cu1_pi16_pi26_e039e6,3d,8.0,fill,236,2.95,2,121.96078291304036,0.002112536571075907,0.0017321441537335599,0.39222742001990696,0.2194343540715476
model3d_Cf8_N400_T5_lam15_lam23_h1_cu1_pi16_pi26_e039e6,3d,8.0,fill,237,2.9625,2,122.34112174836638,0.002184655887887743,0.0017857085636186877,0.39223851177854385,0.21755983873432558
model3d_Cf8_N400_T5_lam15_lam23_h1_cu1_pi16_pi26_e039e6,3d,8.0,fill,238,2.975,2,122.72072023867366,0.002261889923943272,0.0018431198248708373,0.39224926188435916,0.2157081037210433
model3d_Cf8_N400_T5_lam15_lam23_h1_cu1_pi16_pi26_e039e6,3d,8.0,fill,239,2.9875,2,123.09960235403442,0.0023444904072817963,0.001904547506610982,0.3922596806241927,0.2138788028205146
model3d_Cf8_N400_T5_lam15_lam23_h1_cu1_pi16_pi26_e039e6,3d,8.0,fill,240,3.0,2,123.47779285226684,0.002432714438540984,0.0019701635268550423,0.39226977797085283,0.21207159586684343
model3d_Cf8_N400_T5_lam15_lam23_h1_cu1_pi16_pi26_e039e6,3d,8.0,fill,241,3.0125,2,123.85531728861386,0.002526824192457866,0.0020401418750312784,0.3922795635944283,0.21028614862852896
model3d_Cf8_N400_T5_lam15_lam23_h1_cu1_pi16_pi26_e039e6,3d,8.0,fill,242,3.025,2,124.23220202486725,0.002627086594628736,0.0021146583187045807,0.39228904687260524,0.2085221326990664
model3d_Cf8_N400_T5_lam15_lam23_h1_cu1_pi16_pi26_e039e6,3d,8.0,fill,243,3.0375,2,124.60847423791505,0.002733772973627424,0.0021938900948324184,0.39229823690078547,0.206779225389465
model3d_Cf8_N400_T5_lam15_lam23_h1_cu1_pi16_pi26_e039e6,3d,8.0,fill,244,3.05,2,124.98416192769027,0.0028471586893488166,0.0022780155864837045,0.3923071425014655,0.20505710962237755
model3d_Cf8_N400_T5_lam15_lam23_h1_cu1_pi16_pi26_e039e6,3d,8.0,fill,245,3.0625,2,125.35929392450052,0.0029675227378618274,0.002367213985465698,0.39231577223341674,0.20335547382811336
model3d_Cf8_N400_T5_lam15_lam23_h1_cu1_pi16_pi26_e039e6,3d,8.0,fill,246,3.075,2,125.7338998957187,0.0030951473333686863,0.0024616649415438023,0.39232413440015534,0.2016740118422465
model3d_Cf8_N400_T5_lam15_lam23_h1_cu1_pi16_pi26_e039e6,3d,8.0,fill,247,3.0875,2,126.10801035181586,0.0032303174682937197,0.0025615481992633036,0.39233223705838327,0.20001242280515683
model3d_Cf8_N400_T5_lam15_lam23_h1_cu1_pi16_pi26_e039e6,3d,8.0,fill,248,3.1,2,126.48165665171899,0.0033733204521126936,0.002667043223035494,0.39234008802580433,0.1983704110631708
model3d_Cf8_N400_T5_lam15_lam23_h1_cu1_pi16_pi26_e039e6,3d,8.0,fill,249,3.1125,2,126.85487100747655,0.0035244454300169537,0.0027783288115197646,0.39234769488862753,0.19674768607144505
model3d_Cf8_N400_T5_lam15_lam23_h1_cu1_pi16_pi26_e039e6,3d,8.0,fill,250,3.125,2,127.2276864882169,0.0036839828824497545,0.002895582702268931,0.39235506500878614,0.19514396229858313
model3d_Cf8_N400_T5_lam15_lam23_h1_cu1_pi16_pi26_e039e6,3d,8.0,fill,251,3.1375,2,127.60013702338509,0.003852224106580593,0.0030189811676100326,0.3923622055311,0.19355895913307336
model3d_Cf8_N400_T5_lam15_lam23_h1_cu1_pi16_pi26_e039e6,3d,8.0,fill,252,3.15,2,127.97225740524485,0.004029460681223895,0.0031486986030604715,0.39236912338981256,0.19199240079123836
model3d_Cf8_N400_T5_lam15_lam23_h1_cu1_pi16_pi26_e039e6,3d,8.0,fill,253,3.1625,2,128.3440832906345,0.004215983915997867,0.0032849071090022856,0.3923758253148719,0.19044401622686064
model3d_Cf8_N400_T5_lam15_lam23_h1_cu1_pi16_pi26_e039e6,3d,8.0,fill,254,3.175,2,128.71565120196567,0.0044120842868551335,0.003427776067365889,0.3923823178383259,0.18891353904263627
model3d_Cf8_N400_T5_lam15_lam23_h1_cu1_pi16_pi26_e039e6,3d,8.0,fill,255,3.1875,2,129.0869985274562,0.004618050858624656,0.0035774717138863667,0.39238860730014835,0.18740070740309545
model3d_Cf8_N400_T5_lam15_lam23_h1_cu1_pi16_pi26_e039e6,3d,8.0,fill,256,3.2,2,129.45816352058898,0.00483417069685288,0.003734156707764555,0.3923946998540373,0.18590526394922866
model3d_Cf8_N400_T5_lam15_lam23_h1_cu1_pi16_pi26_e039e6,3d,8.0,fill,257,3.2125,2,129.82918529879055,0.005060728269995707,0.003897989699580169,0.39240060147281497,0.18442695571461293
model3d_Cf8_N400_T5_lam15_lam23_h1_cu1_pi16_pi26_e039e6,3d,8.0,fill,258,3.225,2,130.20010384132388,0.0052980048440929295,0.004069124899124242,0.3924063179538848,0.18296553404322954
model3d_Cf8_N400_T5_lam15_lam23_h1_cu1_pi16_pi26_e039e6,3d,8.0,fill,259,3.2375,2,130.570959986392,0.00554627787124673,0.004247711644170157,0.3924118549244042,0.1815207545087812
model3d_Cf8_N400_T5_lam15_lam23_h1_cu1_pi16_pi26_e039e6,3d,8.0,fill,260,3.25,2,130.94179542744996,0.005805820373637971,0.004433893971504891,0.392417217846031,0.18009237683541984
model3d_Cf8_N400_T5_lam15_lam23_h1_cu1_pi16_pi26_e039e6,3d,8.0,fill,261,3.2625,2,131.31265270872382,0.006076900325297174,0.00462781019189132,0.3924224120200108,0.17868016482021418
model3d_Cf8_N400_T5_lam15_lam23_h1_cu1_pi16_pi26_e039e6,3d,8.0,fill,262,3.275,2,131.68357521993755,0.006359780033022844,0.00482959246998022,0.3924274425916394,0.17728388625688027
model3d_Cf8_N400_T5_lam15_lam23_h1_cu1_pi16_pi26_e039e6,3d,8.0,fill,263,3.2875,2,132.05460719024913,0.0066547155184082385,0.005039366410609884,0.3924323145549238,0.17590331286113048
model3d_Cf8_N400_T5_lam15_lam23_h1_cu1_pi16_pi26_e039e6,3d,8.0,fill,264,3.3,2,132.42579368139923,0.00696195590279558,0.005257250652803503,0.3924370327567601,0.17453822019730156
model3d_Cf8_N400_T5_lam15_lam23_h1_cu1_pi16_pi26_e039e6,3d,8.0,fill,265,3.3125,2,132.79718058007688,0.007281742797147217,0.005483356472885594,0.3924416019012824,0.17318838760653257
model3d_Cf8_N400_T5_lam15_lam23_h1_cu1_pi16_pi26_e039e6,3d,8.0,fill,266,3.325,2,133.16881458950797,0.007614309698425359,0.005717787397820143,0.3924460265539551,0.1718535981362726
model3d_Cf8_N400_T5_lam15_lam23_h1_cu1_pi16_pi26_e039e6,3d,8.0,fill,267,3.3375,2,133.5407432202737,0.007959881394668855,0.005960638830307494,0.39245031114549533,0.17053363847113165
model3d_Cf8_N400_T5_lam15_lam23_h1_cu1_pi16_pi26_e039e6,3d,8.0,fill,268,3.35,2,133.9130147803675,0.008318673380017572,0.006211997686454254,0.39245445997576667,0.16922829886511193
model3d_Cf8_N400_T5_lam15_lam23_h1_cu1_pi16_pi26_e039e6,3d,8.0,fill,269,3.3625,2,134.2856783645001,0.008690891282327584,0.006471942047861091,0.3924584772175592,0.1679373730751551
model3d_Cf8_N400_T5_lam15_lam23_h1_cu1_pi16_pi26_e039e6,3d,8.0,fill,270,3.375,2,134.6587838426639,0.009076730304087732,0.006740540828508474,0.39246236692000025,0.16666065829587184
model3d_Cf8_N400_T5_lam15_lam23_h1_cu1_pi16_pi26_e039e6,3d,8.0,fill,271,3.3875,2,135.03238184796865,0.009476374679451283,0.0070178534583805385,0.3924661330124195,0.16539795509578165
model3d_Cf8_N400_T5_lam15_lam23_h1_cu1_pi16_pi26_e039e6,3d,8.0,fill,272,3.4,2,135.40652376376204,0.00988999714820693,0.007303929584265515,0.3924697793074188,0.16414906735450271
model3d_Cf8_N400_T5_lam15_lam23_h1_cu1_pi16_pi26_e039e6,3d,8.0,fill,273,3.4125,2,135.7812617100497,0.010317758448735503,0.007598808789071552,0.392473309504453,0.1629138022014262
model3d_Cf8_N400_T5_lam15_lam23_h1_cu1_pi16_pi26_e039e6,3d,8.0,fill,274,3.425,2,136.1566485292305,0.010759806831401875,0.007902520330538195,0.3924767271929568,0.16169196995543822
model3d_Cf8_N400_T5_lam15_lam23_h1_cu1_pi16_pi26_e039e6,3d,8.0,fill,275,3.4375,2,136.53273777116343,0.011216277594115809,0.008215082900421233,0.3924800358554421,0.160483384065849
model3d_Cf8_N400_T5_lam15_lam23_h1_cu1_pi16_pi26_e039e6,3d,8.0,fill,276,3.45,2,136.90958367758472,0.011687292640914393,0.008536504404569214,0.39248323887071024,0.1592878610545618
model3d_Cf8_N400_T5_lam15_lam23_h1_cu1_pi16_pi26_e039e6,3d,8.0,fill,277,3.4625,2,137.2872411658932,0.012172960065583993,0.008866781765156607,0.39248633951643797,0.15810522045915643
model3d_Cf8_N400_T5_lam15_lam23_h1_cu1_pi16_pi26_e039e6,3d,8.0,fill,278,3.475,2,137.66576581232408,0.012673373761316498,0.009205900745573708,0.39248934097255983,0.15693528477744456
model3d_Cf8_N400_T5_lam15_lam23_h1_cu1_pi16_pi26_e039e6,3d,8.0,fill,279,3.4875,2,138.04521383453198,0.013188613057536713,0.0095538357985705,0.3924922463237408,0.15577787941277918
model3d_Cf8_N400_T5_lam15_lam23_h1_cu1_pi16_pi26_e039e6,3d,8.0,fill,280,3.5,2,138.42564207360414,0.013718742385066207,0.00991054993826334,0.39249505856207634,0.15463283262056107
model3d_Cf8_N400_T5_lam15_lam23_h1_cu1_pi16_pi26_e039e6,3d,8.0,fill,281,3.5125,2,138.8071079755269,0.014263810970618351,0.010275994636480148,0.39249778058993456,0.15349997545588165
model3d_Cf8_N400_T5_lam15_lam23_h1_cu1_pi16_pi26_e039e6,3d,8.0,fill,282,3.525,2,139.18966957212777,0.01482385256190355,0.010650109744115645,0.39250041522228685,0.15237914172202202
model3d_Cf8_N400_T5_lam15_lam23_h1_cu1_pi16_pi26_e039e6,3d,8.0,fill,283,3.5375,2,139.57338546151766,0.015398885183202538,0.011032823437136033,0.3925029651895784,0.15127016792020195
model3d_Cf8_N400_T5_lam15_lam23_h1_cu1_pi16_pi26_e039e6,3d,8.0,fill,284,3.55,2,139.95831478805673,0.015988910923454114,0.011424052188443841,0.39250543313971775,0.15017289320000204
model3d_Cf8_N400_T5_lam15_lam23_h1_cu1_pi16_pi26_e039e6,3d,8.0,fill,285,3.5625,2,140.3445172218698,0.0165939157563173,0.011823700764942659,0.3925078216406064,0.1490871593109947
model3d_Cf8_N400_T5_lam15_lam23_h1_cu1_pi16_pi26_e039e6,3d,8.0,fill,286,3.575,2,140.73205293793626,0.017213869393344794,0.012231662250344789,0.392510133182725,0.14801281055537033
model3d_Cf8_N400_T5_lam15_lam23_h1_cu1_pi16_pi26_e039e6,3d,8.0,fill,287,3.5875,2,141.12098259478054,0.017848725170580337,0.012647818093664893,0.39251237018095253,0.14694969374122768
model3d_Cf8_N400_T5_lam15_lam23_h1_cu1_pi16_pi26_e039e6,3d,8.0,fill,288,3.6,2,141.5113673127898,0.018498419968892676,0.013072038183338781,0.39251453497695366,0.1458976581370199
model3d_Cf8_N400_T5_lam15_lam23_h1_cu1_pi16_pi26_e039e6,3d,8.0,fill,289,3.6125,2,141.90326865218537,0.019162874167875543,0.0135041809465609,0.39251662984122504,0.14485655542678935
model3d_Cf8_N400_T5_lam15_lam23_h1_cu1_pi16_pi26_e039e6,3d,8.0,fill,290,3.625,2,142.2967485906755,0.019841991634024225,0.013944093474054575,0.39251865697514177,0.14382623966630334
model3d_Cf8_N400_T5_lam15_lam23_h1_cu1_pi16_pi26_e039e6,3d,8.0,fill,291,3.6375,2,142.69186950081576,0.020535659742876078,0.014391611669758575,0.3925206185131742,0.14280656724013324
model3d_Cf8_N400_T5_lam15_lam23_h1_cu1_pi16_pi26_e039e6,3d,8.0,fill,292,3.65,2,143.0886941271061,0.021243749434603387,0.014846560424775772,0.39252251652447967,0.141797396819368
model3d_Cf8_N400_T5_lam15_lam23_h1_cu1_pi16_pi26_e039e6,3d,8.0,fill,293,3.6625,2,143.48728556285076,0.02196611530376913,0.015308753815784927,0.39252435301500554,0.14079858932036232
model3d_Cf8_N400_T5_lam15_lam23_h1_cu1_pi16_pi26_e039e6,3d,8.0,fill,294,3.675,2,143.88770722680985,0.02270259572205191,0.0157779953267765,0.3925261299293652,0.13981000786422942
model3d_Cf8_N400_T5_lam15_lam23_h1_cu1_pi16_pi26_e039e6,3d,8.0,fill,295,3.6875,2,144.29002283967003,0.023453012993968514,0.01625407809383236,0.392527849152259,0.13883151773698366
model3d_Cf8_N400_T5_lam15_lam23_h1_cu1_pi16_pi26_e039e6,3d,8.0,fill,296,3.7,2,144.69429640036196,0.024217173544826665,0.016736785172111374,0.39252951251097556,0.1378629863508636
model3d_Cf8_N400_T5_lam15_lam23_h1_cu1_pi16_pi26_e039e6,3d,8.0,fill,297,3.7125,2,145.10059216225247,0.024994868140794324,0.01722588982465688,0.39253112177624416,0.13690428320584716
model3d_Cf8_N400_T5_lam15_lam23_h1_cu1_pi16_pi26_e039e6,3d,8.0,fill,298,3.725,2,145.5089746092388,0.0257858721397497,0.017721155831794635,0.392532678664395,0.1359552798523949
model3d_Cf8_N400_T5_lam15_lam23_h1_cu1_pi16_pi26_e039e6,3d,8.0,fill,299,3.7375,2,145.9195084317727,0.026589945772656165,0.018222337820640873,0.3925341848387802,0.13501584985467877
model3d_Cf8_N400_T5_lam15_lam23_h1_cu1_pi16_pi26_e039e6,3d,8.0,fill,300,3.75,2,146.33225850284106,0.02740683445421155,0.018729181613553407,0.39253564191108126,0.13408586875450645
model3d_Cf8_N400_T5_lam15_lam23_h1_cu1_pi16_pi26_e039e6,3d,8.0,fill,301,3.7625,2,146.74728985393057,0.02823626912220334,0.019241424594831823,0.3925370514436395,0.13316521403631312
model3d_Cf8_N400_T5_lam15_lam23_h1_cu1_pi16_pi26_e039e6,3d,8.0,fill,302,3.775,2,147.16466765100267,0.029077966604234007,0.019758796094448212,0.39253841494991093,0.13225376509221146
model3d_Cf8_N400_T5_lam15_lam23_h1_cu1_pi16_pi26_e039e6,3d,8.0,fill,303,3.7875,2,147.5844571705051,0.029931630011049037,0.020281017787983507,0.3925397338963421,0.13135140318821925
model3d_Cf8_N400_T5_lam15_lam23_h1_cu1_pi16_pi26_e039e6,3d,8.0,fill,304,3.8,2,148.00672377544592,0.030796949155075026,0.020807804111521177,0.39254100970407535,0.13045801143109753
model3d_Cf8_N400_T5_lam15_lam23_h1_cu1_pi16_pi26_e039e6,3d,8.0,fill,305,3.8125,2,148.43153289155583,0.03167360099305938,0.021338862690450103,0.39254224374963087,0.12957347473550596
model3d_Cf8_N400_T5_lam15_lam23_h1_cu1_pi16_pi26_e039e6,3d,8.0,fill,306,3.825,2,148.85894998356312,0.032561250091504235,0.021873894780998805,0.3925434373667258,0.12869767979218621
model3d_Cf8_N400_T5_lam15_lam23_h1_cu1_pi16_pi26_e039e6,3d,8.0,fill,307,3.8375,2,149.2890405316059,0.03345954911409876,0.022412595723672737,0.3925445918471837,0.12783051503647505
model3d_Cf8_N400_T5_lam15_lam23_h1_cu1_pi16_pi26_e039e6,3d,8.0,fill,308,3.85,2,149.7218700078062,0.03436813932842142,0.022954655406474376,0.3925457084426398,0.12697187061769918
model3d_Cf8_N400_T5_lam15_lam23_h1_cu1_pi16_pi26_e039e6,3d,8.0,fill,309,3.8625,2,150.1575038530278,0.03528665113267948,0.02349975873814311,0.39254678836528,0.12612163836886037
model3d_Cf8_N400_T5_lam15_lam23_h1_cu1_pi16_pi26_e039e6,3d,8.0,fill,310,3.875,2,150.5960074538424,0.03621470459867737,0.02404758612858788,0.3925478327890346,0.1252797117770662
model3d_Cf8_N400_T5_lam15_lam23_h1_cu1_pi16_pi26_e039e6,3d,8.0,fill,311,3.8875,2,151.0374461197241,0.0371519100317812,0.024597813976761553,0.39254884285099934,0.12444598595461454
model3d_Cf8_N400_T5_lam15_lam23_h1_cu1_pi16_pi26_e039e6,3d,8.0,fill,312,3.9,2,151.48188506049576,0.03809786854446884,0.025150115163442868,0.3925498196522881,0.12362035761046566
model3d_Cf8_N400_T5_lam15_lam23_h1_cu1_pi16_pi26_e039e6,3d,8.0,fill,313,3.9125,2,151.92938936404596,0.03905217264374983,0.025704159548864423,0.39255076425928337,0.12280272502240015
model3d_Cf8_N400_T5_lam15_lam23_h1_cu1_pi16_pi26_e039e6,3d,8.0,fill,314,3.925,2,152.3800239743381,0.040014406829357085,0.026259614472889048,0.3925516777043754,0.12199298800956251
model3d_Cf8_N400_T5_lam15_lam23_h1_cu1_pi16_pi26_e039e6,3d,8.0,fill,315,3.9375,2,152.83385366973008,0.0409841482023694,0.026816145257277265,0.3925525609872693,0.12119104790571956
model3d_Cf8_N400_T5_lam15_lam23_h1_cu1_pi16_pi26_e039e6,3d,8.0,fill,316,3.95,2,153.2909430416233,0.04196096708218988,0.027373415708451972,0.39255341507555386,0.12039680753281307
model3d_Cf8_N400_T5_lam15_lam23_h1_cu1_pi16_pi26_e039e6,3d,8.0,fill,317,3.9625,2,153.75135647345857,0.04294442763065831,0.02793108861974276,0.3925542409062359,0.11961017117532557
model3d_Cf8_N400_T5_lam15_lam23_h1_cu1_pi16_pi26_e039e6,3d,8.0,fill,318,3.975,2,154.21515812007638,0.04393408848119407,0.02848882627153014,0.39255503938625225,0.11883104455483263
model3d_Cf8_N400_T5_lam15_lam23_h1_cu1_pi16_pi26_e039e6,3d,8.0,fill,319,3.9875,2,154.68241188745694,0.04492950337265711,0.029046290928891577,0.3925558113932084,0.118059334805121
model3d_Cf8_N400_T5_lam15_lam23_h1_cu1_pi16_pi26_e039e6,3d,8.0,fill,320,4.0,2,155.15318141285604,0.04593022178505635,0.0296031453346986,0.39255655777662923,0.11729495044794448
model3d_Cf8_N400_T5_lam15_lam23_h1_cu1_pi16_pi26_e039e6,3d,8.0,fill,321,4.0125,2,155.6275300453508,0.04693578957673594,0.030159053197759144,0.392557279358698,0.11653780136909596
model3d_Cf8_N400_T5_lam15_lam23_h1_cu1_pi16_pi26_e039e6,3d,8.0,fill,322,4.025,2,156.10552082680925,0.04794574962099318,0.03071367967452377,0.3925579769345404,0.1157877987948094
model3d_Cf8_N400_T5_lam15_lam23_h1_cu1_pi16_pi26_e039e6,3d,8.0,fill,323,4.0375,2,156.58721647329648,0.04895964244107631,0.03126669184353604,0.39255865127375955,0.11504485526898844
model3d_Cf8_N400_T5_lam15_lam23_h1_cu1_pi16_pi26_e039e6,3d,8.0,fill,324,4.05,2,157.07267935692957,0.04997700684188544,0.031817759171420545,0.3925593031208905,0.11430888463055565
model3d_Cf8_N400_T5_lam15_lam23_h1_cu1_pi16_pi26_e039e6,3d,8.0,fill,325,4.0625,2,157.56197148819228,0.05099738053723968,0.0323665539695671,0.3925599331959688,0.11357980199127371
model3d_Cf8_N400_T5_lam15_lam23_h1_cu1_pi16_pi26_e039e6,3d,8.0,fill,326,4.075,2,158.05515449872007,0.05202030077154518,0.032912751840666124,0.39256054219532643,0.11285752371405985
model3d_Cf8_N400_T5_lam15_lam23_h1_cu1_pi16_pi26_e039e6,3d,8.0,fill,327,4.0875,2,158.55228962456485,0.05304530493427251,0.03345603211399735,0.3925611307923873,0.11214196739171706
model3d_Cf8_N400_T5_lam15_lam23_h1_cu1_pi16_pi26_e039e6,3d,8.0,fill,328,4.1,2,159.0534376899483,0.05407193116604958,0.03399607826864767,0.3925616996381791,0.11143305182599224
model3d_Cf8_N400_T5_lam15_lam23_h1_cu1_pi16_pi26_e039e6,3d,8.0,fill,329,4.1125,2,159.55865909151152,0.05509971895580179,0.03453257834424423,0.3925622493620722,0.11073069700710092
model3d_Cf8_N400_T5_lam15_lam23_h1_cu1_pi16_pi26_e039e6,3d,8.0,fill,330,4.125,2,160.06801378306812,0.056128209726637124,0.03506522533771474,0.3925627805721774,0.11003482409354763
model3d_Cf8_N400_T5_lam15_lam23_h1_cu1_pi16_pi26_e039e6,3d,8.0,fill,331,4.1375,2,160.58156126086692,0.05715694741112998,0.03559371758646545,0.39256329385636946,0.10934535539250743
model3d_Cf8_N400_T5_lam15_lam23_h1_cu1_pi16_pi26_e039e6,3d,8.0,fill,332,4.15,2,161.09936054936986,0.05818547901307625,0.03611775913613571,0.39256378978262774,0.10866221434039064
model3d_Cf8_N400_T5_lam15_lam23_h1_cu1_pi16_pi26_e039e6,3d,8.0,fill,333,4.1625,2,161.6214701875498,0.059213355156117586,0.03663706009319483,0.3925642688992639,0.10798532548374755
model3d_Cf8_N400_T5_lam15_lam23_h1_cu1_pi16_pi26_e039e6,3d,8.0,fill,334,4.175,2,162.14794821571166,0.06024013061784217,0.03715133696153984,0.39256473173594486,0.10731461446075582
model3d_Cf8_N400_T5_lam15_lam23_h1_cu1_pi16_pi26_e039e6,3d,8.0,fill,335,4.1875,2,162.67885216284077,0.06126536484853773,0.037660312962628596,0.3925651788040341,0.10665000798287141
model3d_Cf8_N400_T5_lam15_lam23_h1_cu1_pi16_pi26_e039e6,3d,8.0,fill,336,4.2,2,163.21423903447982,0.0622886224739716,0.03816371833882264,0.39256561059710293,0.10599143381687429
model3d_Cf8_N400_T5_lam15_lam23_h1_cu1_pi16_pi26_e039e6,3d,8.0,fill,337,4.2125,2,163.75416530113716,0.06330947378103247,0.038661290639300044,0.39256602759121506,0.10533882076719271
model3d_Cf8_N400_T5_lam15_lam23_h1_cu1_pi16_pi26_e039e6,3d,8.0,fill,338,4.225,2,164.29868688722615,0.06432749518623382,0.03915277498863269,0.39256643024572213,0.10469209865869912
model3d_Cf8_N400_T5_lam15_lam23_h1_cu1_pi16_pi26_e039e6,3d,8.0,fill,339,4.2375,2,164.84785916053684,0.0653422696857433,0.03963792433731871,0.39256681900326384,0.10405119831961755
model3d_Cf8_N400_T5_lam15_lam23_h1_cu1_pi16_pi26_e039e6,3d,8.0,fill,340,4.25,2,165.40173692223863,0.06635338728705165,0.0401164996944662,0.3925671942907911,0.10341605156502494
model3d_Cf8_N400_T5_lam15_lam23_h1_cu1_pi16_pi26_e039e6,3d,8.0,fill,341,4.2625,2,165.9603743974134,0.06736044542120112,0.04058827034211064,0.39256755651939557,0.10278659118034689
model3d_Cf8_N400_T5_lam15_lam23_h1_cu1_pi16_pi26_e039e6,3d,8.0,fill,342,4.275,2,166.5238252261168,0.06836304933580095,0.04105301403145958,0.39256790608504843,0.10216275090540267
model3d_Cf8_N400_T5_lam15_lam23_h1_cu1_pi16_pi26_e039e6,3d,8.0,fill,343,4.2875,2,167.09214245496565,0.06936081246757908,0.04151051716047813,0.3925682433686575,0.10154446541857098
model3d_Cf8_N400_T5_lam15_lam23_h1_cu1_pi16_pi26_e039e6,3d,8.0,fill,344,4.3,2,167.6653785292482,0.07035335679501031,0.041960574933326264,0.3925685687368059,0.1009316703214288
model3d_Cf8_N400_T5_lam15_lam23_h1_cu1_pi16_pi26_e039e6,3d,8.0,fill,345,4.3125,2,168.2435852855536,0.07134031317028189,0.04240299150139877,0.39256888254186606,0.1003243021235153
model3d_Cf8_N400_T5_lam15_lam23_h1_cu1_pi16_pi26_e039e6,3d,8.0,fill,346,4.325,2,168.82681394491652,0.07232132163056804,0.04283758008616123,0.39256918512228367,0.09972229822742416
model3d_Cf8_N400_T5_lam15_lam23_h1_cu1_pi16_pi26_e039e6,3d,8.0,fill,347,4.3375,2,169.41511510647234,0.07329603168813037,0.043264163083716584,0.39256947680303256,0.09912559691421653
model3d_Cf8_N400_T5_lam15_lam23_h1_cu1_pi16_pi26_e039e6,3d,8.0,fill,348,4.35,2,170.00853874161692,0.07426410260001148,0.04368257215179048,0.39256975789561466,0.09853413732898991
model3d_Cf8_N400_T5_lam15_lam23_h1_cu1_pi16_pi26_e039e6,3d,8.0,fill,349,4.3625,2,170.60713418866624,0.07522520361609963,0.04409264827865387,0.3925700286988558,0.09794785946691478
model3d_Cf8_N400_T5_lam15_lam23_h1_cu1_pi16_pi26_e039e6,3d,8.0,fill,350,4.375,2,171.21095014800912,0.07617901420636031,0.04449424183471021,0.39257028949867845,0.09736670415927332
model3d_Cf8_N400_T5_lam15_lam23_h1_cu1_pi16_pi26_e039e6,3d,8.0,fill,351,4.3875,2,171.8200346777461,0.0771252242674052,0.044887212607107194,0.39257054056844254,0.09679061305989847
model3d_Cf8_N400_T5_lam15_lam23_h1_cu1_pi16_pi26_e039e6,3d,8.0,fill,352,4.4,2,172.43443518980806,0.07806353430760282,0.04527142981717892,0.39257078216928676,0.09621952863186273
model3d_Cf8_N400_T5_lam15_lam23_h1_cu1_pi16_pi26_e039e6,3d,8.0,fill,353,4.4125,2,173.05419844654642,0.07899365561215177,0.04564677212182841,0.39257101455052634,0.09565339413442546
model3d_Cf8_N400_T5_lam15_lam23_h1_cu1_pi16_pi26_e039e6,3d,8.0,fill,354,4.425,2,173.6793705577876,0.07991531038715038,0.04601312759857136,0.39257123794931204,0.09509215361004017
model3d_Cf8_N400_T5_lam15_lam23_h1_cu1_pi16_pi26_e039e6,3d,8.0,fill,355,4.4375,2,174.309996978343,0.08082823188360067,0.0463703937150794,0.39257145259125537,0.09453575187183529
model3d_Cf8_N400_T5_lam15_lam23_h1_cu1_pi16_pi26_e039e6,3d,8.0,fill,356,4.45,2,174.94612250596637,0.08173216450143173,0.0467184772835673,0.39257165869054234,0.09398413449119995
model3d_Cf8_N400_T5_lam15_lam23_h1_cu1_pi16_pi26_e039e6,3d,8.0,fill,357,4.4625,2,175.58779127974918,0.08262686387377016,0.047057294400456216,0.3925718564498766,0.09343724778555629
model3d_Cf8_N400_T5_lam15_lam23_h1_cu1_pi16_pi26_e039e6,3d,8.0,fill,358,4.475,2,176.23504677894556,0.08351209693191208,0.04738677037187878,0.39257204606087726,0.09289503880646352
model3d_Cf8_N400_T5_lam15_lam23_h1_cu1_pi16_pi26_e039e6,3d,8.0,fill,359,4.4875,2,176.8879318222164,0.08438764195142312,0.04770683962557608,0.3925722277041359,0.09235745532785737
model3d_Cf8_N400_T5_lam15_lam23_h1_cu1_pi16_pi26_e039e6,3d,8.0,fill,360,4.5,2,177.54648856728377,0.08525328857962222,0.04801744560964058,0.39257240154904594,0.09182444583445057
model3d_Cf8_N400_T5_lam15_lam23_h1_cu1_pi16_pi26_e039e6,3d,8.0,fill,361,4.5125,2,178.21075851098553,0.0861088378450745,0.04831854067876966,0.39257256775442784,0.09129595951053013
model3d_Cf8_N400_T5_lam15_lam23_h1_cu1_pi16_pi26_e039e6,3d,8.0,fill,362,4.525,2,178.88078248971948,0.08695410214946264,0.04861008596854724,0.39257272646824504,0.09077194622874529
model3d_Cf8_N400_T5_lam15_lam23_h1_cu1_pi16_pi26_e039e6,3d,8.0,fill,363,4.5375,2,179.55660068026762,0.08778890524237681,0.04889205125836645,0.39257287782760386,0.09025235653916508
model3d_Cf8_N400_T5_lam15_lam23_h1_cu1_pi16_pi26_e039e6,3d,8.0,fill,364,4.55,2,180.23825260098954,0.08861308217944952,0.049164414823539525,0.3925730219590946,0.08973714165861167
model3d_Cf8_N400_T5_lam15_lam23_h1_cu1_pi16_pi26_e039e6,3d,8.0,fill,365,4.5625,2,180.92577711337435,0.08942647926468794,0.04942716327737546,0.392573158978621,0.08922625346006886
model3d_Cf8_N400_T5_lam15_lam23_h1_cu1_pi16_pi26_e039e6,3d,8.0,fill,366,4.575,2,181.61921242394087,0.09022895397697539,0.049680291403510955,0.39257328899174126,0.08871964446239737
model3d_Cf8_N400_T5_lam15_lam23_h1_cu1_pi16_pi26_e039e6,3d,8.0,fill,367,4.5875,2,182.31859608647468,0.09102037488199244,0.049923801979487044,0.3925734120930997,0.08821726782002945
model3d_Cf8_N400_T5_lam15_lam23_h1_cu1_pi16_pi26_e039e6,3d,8.0,fill,368,4.6,2,183.02396500459176,0.09180062152984192,0.050157705592018396,0.39257352836705195,0.08771907731311725
model3d_Cf8_N400_T5_lam15_lam23_h1_cu1_pi16_pi26_e039e6,3d,8.0,fill,369,4.6125,2,183.73535543461725,0.09256958433874729,0.05038202044444758,0.39257363788726707,0.08722502733762784
model3d_Cf8_N400_T5_lam15_lam23_h1_cu1_pi16_pi26_e039e6,3d,8.0,fill,370,4.625,2,184.45280298876884,0.09332716446584755,0.05059677215722775,0.39257374071684126,0.08673507289572967
model3d_Cf8_N400_T5_lam15_lam23_h1_cu1_pi16_pi26_e039e6,3d,8.0,fill,371,4.6375,2,185.1763426386334,0.09407327366560025,0.050801993561986315,0.3925738369081273,0.08624916958628763
model3d_Cf8_N400_T5_lam15_lam23_h1_cu1_pi16_pi26_e039e6,3d,8.0,fill,372,4.65,2,185.90600871892593,0.09480783413630434,0.050997724489715505,0.39257392650279144,0.08576727359557745
model3d_Cf8_N400_T5_lam15_lam23_h1_cu1_pi16_pi26_e039e6,3d,8.0,fill,373,4.6625,2,186.64183493152015,0.09553077835528256,0.05118401155364407,0.3925740095317565,0.08528934168814017
model3d_Cf8_N400_T5_lam15_lam23_h1_cu1_pi16_pi26_e039e6,3d,8.0,fill,374,4.675,2,187.38385434973907,0.09624204890386068,0.051360907927655026,0.392574086015145,0.08481533119779874
model3d_Cf8_N400_T5_lam15_lam23_h1_cu1_pi16_pi26_e039e6,3d,8.0,fill,375,4.6875,2,188.1320994228955,0.09694159828208626,0.05152847312046131,0.3925741559619951,0.08434520001878494
model3d_Cf8_N400_T5_lam15_lam23_h1_cu1_pi16_pi26_e039e6,3d,8.0,fill,376,4.7,2,188.88660198107064,0.09762938871446636,0.05168677274645998,0.3925742193702604,0.08387890659708445
model3d_Cf8_N400_T5_lam15_lam23_h1_cu1_pi16_pi26_e039e6,3d,8.0,fill,377,4.7125,2,189.64739324012066,0.09830539194709331,0.05183587829368404,0.3925742762266964,0.08341640992191036
model3d_Cf8_N400_T5_lam15_lam23_h1_cu1_pi16_pi26_e039e6,3d,8.0,fill,378,4.725,2,190.41450380690026,0.09896958903647146,0.05197586688923483,0.3925743265068036,0.08295766951733871
model3d_Cf8_N400_T5_lam15_lam23_h1_cu1_pi16_pi26_e039e6,3d,8.0,fill,379,4.7375,2,191.1879636846925,0.09962197013126683,0.05210682106304743,0.392574370174259,0.08250264543398356
model3d_Cf8_N400_T5_lam15_lam23_h1_cu1_pi16_pi26_e039e6,3d,8.0,fill,380,4.75,2,191.9678022788344,0.1002625342473209,0.05222882851036079,0.3925744071813142,0.08205129824102152
model3d_Cf8_N400_T5_lam15_lam23_h1_cu1_pi16_pi26_e039e6,3d,8.0,fill,381,4.7625,2,192.75404840252799,0.10089128903638311,0.05234198185331599,0.3925744374681699,0.08160358901814159
model3d_Cf8_N400_T5_lam15_lam23_h1_cu1_pi16_pi26_e039e6,3d,8.0,fill,382,4.775,2,193.54673028282627,0.10150825054944335,0.05244637840231721,0.3925744609628623,0.08115947934774309
model3d_Cf8_N400_T5_lam15_lam23_h1_cu1_pi16_pi26_e039e6,3d,8.0,fill,383,4.7875,2,194.3458755667842,0.10211344299517577,0.05254211991758268,0.3925744775811495,0.08071893130726966
model3d_Cf8_N400_T5_lam15_lam23_h1_cu1_pi16_pi26_e039e6,3d,8.0,fill,384,4.8,2,195.15151132776435,0.10270689849389214,0.0526293123712437,0.39257448722628396,0.08028190746165337
model3d_Cf8_N400_T5_lam15_lam23_h1_cu1_pi16_pi26_e039e6,3d,8.0,fill,385,4.8125,2,195.96366407188773,0.10328865682799915,0.05270806571064548,0.3925744897885579,0.0798483708558442
model3d_Cf8_N400_T5_lam15_lam23_h1_cu1_pi16_pi26_e039e6,3d,8.0,fill,386,4.825,2,196.7823597446197,0.10385876518907367,0.052778493623035896,0.39257448514507587,0.07941828500751606
model3d_Cf8_N400_T5_lam15_lam23_h1_cu1_pi16_pi26_e039e6,3d,8.0,fill,387,4.8375,2,197.6076237374818,0.10441727792220945,0.05284071330209706,0.39257447315969785,0.07899161389993357
model3d_Cf8_N400_T5_lam15_lam23_h1_cu1_pi16_pi26_e039e6,3d,8.0,fill,388,4.85,2,198.43948089487972,0.10496425626857331,0.05289484521690344,0.3925744536823572,0.07856832197481657
model3d_Cf8_N400_T5_lam15_lam23_h1_cu1_pi16_pi26_e039e6,3d,8.0,fill,389,4.8625,2,199.2779555210387,0.10549976810617068,0.05294101288340073,0.3925744265490039,0.0781483741254539
model3d_Cf8_N400_T5_lam15_lam23_h1_cu1_pi16_pi26_e039e6,3d,8.0,fill,390,4.875,2,200.12307138703713,0.1060238876892754,0.052979342638723385,0.39257439158132,0.07773173568989016
model3d_Cf8_N400_T5_lam15_lam23_h1_cu1_pi16_pi26_e039e6,3d,8.0,fill,391,4.8875,2,200.97485173792924,0.10653669538771737,0.053009963419025675,0.39257434858598117,0.07731837244414026
model3d_Cf8_N400_T5_lam15_lam23_h1_cu1_pi16_pi26_e039e6,3d,8.0,fill,392,4.9,2,201.8333192999491,0.10703827742565863,0.05303300654070234,0.39257429735459937,0.07690825059565573
model3d_Cf8_N400_T5_lam15_lam23_h1_cu1_pi16_pi26_e039e6,3d,8.0,fill,393,4.9125,2,202.69849628778667,0.10752872562082416,0.05304860548553717,0.3925742376633252,0.07650133677683581
model3d_Cf8_N400_T5_lam15_lam23_h1_cu1_pi16_pi26_e039e6,3d,8.0,fill,394,4.925,2,203.57040441192834,0.10800813712467061,0.053056895690060245,0.39257416927205213,0.07609759803857287
model3d_Cf8_N400_T5_lam15_lam23_h1_cu1_pi16_pi26_e039e6,3d,8.0,fill,395,4.9375,2,204.44906488605378,0.10847661416318033,0.053058014338993396,0.39257409192464365,0.07569700184410685
model3d_Cf8_N400_T5_lam15_lam23_h1_cu1_pi16_pi26_e039e6,3d,8.0,fill,396,4.95,2,205.33449843448113,0.10893426377970172,0.05305210016350996,0.39257400534756925,0.07529951606267779
model3d_Cf8_N400_T5_lam15_lam23_h1_cu1_pi16_pi26_e039e6,3d,8.0,fill,397,4.9625,2,206.2267252996535,0.10938119757960862,0.053039293244207086,0.39257390925035907,0.0749051089636363
model3d_Cf8_N400_T5_lam15_lam23_h1_cu1_pi16_pi26_e039e6,3d,8.0,fill,398,4.975,2,207.12576524965897,0.10981753147706286,0.05301973481893686,0.3925738033243533,0.07451374921032833
model3d_Cf8_N400_T5_lam15_lam23_h1_cu1_pi16_pi26_e039e6,3d,8.0,fill,399,4.9875,2,208.03163758577728,0.11024338544450529,0.052993567095797556,0.39257368724281605,0.07412540585434396
model3d_Cf8_N400_T5_lam15_lam23_h1_cu1_pi16_pi26_e039e6,3d,8.0,fill,400,5.0,2,208.9443611500463,0.11065888326524487,0.052960933071450035,0.3925735606599119,0.07374004832964849
model3d_Cf8_N400_T5_lam15_lam23_h1_cu1_pi16_pi26_e039e6,3d,8.0,remove,0,0.0,0,0.0,0.0,,0.0,0.0
model3d_Cf8_N400_T5_lam15_lam23_h1_cu1_pi16_pi26_e039e6,3d,8.0,remove,1,0.0125,0,0.525,0.0,0.0,0.0,0.0
model3d_Cf8_N400_T5_lam15_lam23_h1_cu1_pi16_pi26_e039e6,3d,8.0,remove,2,0.025,0,1.0542187500000002,0.0,0.0,0.0,0.0
model3d_Cf8_N400_T5_lam15_lam23_h1_cu1_pi16_pi26_e039e6,3d,8.0,remove,3,0.0375,0,1.58765625,0.0,0.0,0.0,0.0
model3d_Cf8_N400_T5_lam15_lam23_h1_cu1_pi16_pi26_e039e6,3d,8.0,remove,4,0.05,0,2.1253125,0.0,0.0,0.0,0.0
model3d_Cf8_N400_T5_lam15_lam23_h1_cu1_pi16_pi26_e039e6,3d,8.0,remove,5,0.0625,0,2.6671875,0.0,0.0,0.0,0.0
model3d_Cf8_N400_T5_lam15_lam23_h1_cu1_pi16_pi26_e039e6,3d,8.0,remove,6,0.075,0,3.21328125,0.0,0.0,0.0,0.0
model3d_Cf8_N400_T5_lam15_lam23_h1_cu1_pi16_pi26_e039e6,3d,8.0,remove,7,0.0875,0,3.76359375,0.0,0.0,0.0,0.0
model3d_Cf8_N400_T5_lam15_lam23_h1_cu1_pi16_pi26_e039e6,3d,8.0,remove,8,0.1,0,4.318125,0.0,0.0,0.0,0.0
model3d_Cf8_N400_T5_lam15_lam23_h1_cu1_pi16_pi26_e039e6,3d,8.0,remove,9,0.1125,0,4.876875,0.0,0.0,0.0,0.0
model3d_Cf8_N400_T5_lam15_lam23_h1_cu1_pi16_pi26_e039e6,3d,8.0,remove,10,0.125,0,5.4398437500000005,0.0,0.0,0.0,0.0
model3d_Cf8_N400_T5_lam15_lam23_h1_cu1_pi16_pi26_e039e6,3d,8.0,remove,11,0.1375,0,6.007031250000001,0.0,0.0,0.0,0.0
model3d_Cf8_N400_T5_lam15_lam23_h1_cu1_pi16_pi26_e039e6,3d,8.0,remove,12,0.15,0,6.5784375000000015,0.0,0.0,0.0,0.0
model3d_Cf8_N400_T5_lam15_lam23_h1_cu1_pi16_pi26_e039e6,3d,8.0,remove,13,0.1625,0,7.154062500000002,0.0,0.0,0.0,0.0
model3d_Cf8_N400_T5_lam15_lam23_h1_cu1_pi16_pi26_e039e6,3d,8.0,remove,14,0.175,0,7.733906250000002,0.0,0.0,0.0,0.0
model3d_Cf8_N400_T5_lam15_lam23_h1_cu1_pi16_pi26_e039e6,3d,8.0,remove,15,0.1875,0,8.317968750000004,0.0,0.0,0.0,0.0
model3d_Cf8_N400_T5_lam15_lam23_h1_cu1_pi16_pi26_e039e6,3d,8.0,remove,16,0.2,0,8.906250000000005,0.0,0.0,0.0,0.0
model3d_Cf8_N400_T5_lam15_lam23_h1_cu1_pi16_pi26_e039e6,3d,8.0,remove,17,0.2125,0,9.498750000000005,0.0,0.0,0.0,0.0
model3d_Cf8_N400_T5_lam15_lam23_h1_cu1_pi16_pi26_e039e6,3d,8.0,remove,18,0.225,0,10.095468750000006,0.0,0.0,0.0,0.0
model3d_Cf8_N400_T5_lam15_lam23_h1_cu1_pi16_pi26_e039e6,3d,8.0,remove,19,0.2375,0,10.696406250000006,0.0,0.0,0.0,0.0
model3d_Cf8_N400_T5_lam15_lam23_h1_cu1_pi16_pi26_e039e6,3d,8.0,remove,20,0.25,0,11.301562500000006,0.0,0.0,0.0,0.0
model3d_Cf8_N400_T5_lam15_lam23_h1_cu1_pi16_pi26_e039e6,3d,8.0,remove,21,0.2625,0,11.910937500000006,0.0,0.0,0.0,0.0
model3d_Cf8_N400_T5_lam15_lam23_h1_cu1_pi16_pi26_e039e6,3d,8.0,remove,22,0.275,0,12.524531250000006,0.0,0.0,0.0,0.0
model3d_Cf8_N400_T5_lam15_lam23_h1_cu1_pi16_pi26_e039e6,3d,8.0,remove,23,0.2875,0,13.142343750000006,0.0,0.0,0.0,0.0
model3d_Cf8_N400_T5_lam15_lam23_h1_cu1_pi16_pi26_e039e6,3d,8.0,remove,24,0.3,0,13.764375000000006,0.0,0.0,0.0,0.0
model3d_Cf8_N400_T5_lam15_lam23_h1_cu1_pi16_pi26_e039e6,3d,8.0,remove,25,0.3125,0,14.390625000000007,0.0,0.0,0.0,0.0
model3d_Cf8_N400_T5_lam15_lam23_h1_cu1_pi16_pi26_e039e6,3d,8.0,remove,26,0.325,0,15.021093750000007,0.0,0.0,0.0,0.0
model3d_Cf8_N400_T5_lam15_lam23_h1_cu1_pi16_pi26_e039e6,3d,8.0,remove,27,0.3375,0,15.65578125000001,0.0,0.0,0.0,0.0
model3d_Cf8_N400_T5_lam15_lam23_h1_cu1_pi16_pi26_e039e6,3d,8.0,remove,28,0.35,0,16.29468750000001,0.0,0.0,0.0,0.0
model3d_Cf8_N400_T5_lam15_lam23_h1_cu1_pi16_pi26_e039e6,3d,8.0,remove,29,0.3625,0,16.937812494039544,0.0,0.0,0.0,0.0
model3d_Cf8_N400_T5_lam15_lam23_h1_cu1_pi16_pi26_e039e6,3d,8.0,remove,30,0.375,0,17.585155924037107,0.0,0.0,0.0,0.0
model3d_Cf8_N400_T5_lam15_lam23_h1_cu1_pi16_pi26_e039e6,3d,8.0,remove,31,0.3875,0,18.236714888783176,0.0,0.0,0.0,0.0
model3d_Cf8_N400_T5_lam15_lam23_h1_cu1_pi16_pi26_e039e6,3d,8.0,remove,32,0.4,0,18.892476538584454,0.0,0.0,0.0,0.0
model3d_Cf8_N400_T5_lam15_lam23_h1_cu1_pi16_pi26_e039e6,3d,8.0,remove,33,0.4125,0,19.55241261982441,0.0,0.0,0.0,0.0
model3d_Cf8_N400_T5_lam15_lam23_h1_cu1_pi16_pi26_e039e6,3d,8.0,remove,34,0.425,0,20.216394343764232,0.0,0.0,0.0,0.0
model3d_Cf8_N400_T5_lam15_lam23_h1_cu1_pi16_pi26_e039e6,3d,8.0,remove,35,0.4375,0,20.88421078217323,0.0,0.0,0.0,0.0
model3d_Cf8_N400_T5_lam15_lam23_h1_cu1_pi16_pi26_e039e6,3d,8.0,remove,36,0.45,0,21.555585788542906,0.0,0.0,0.0,0.0
model3d_Cf8_N400_T5_lam15_lam23_h1_cu1_pi16_pi26_e039e6,3d,8.0,remove,37,0.4625,0,22.230192740569905,0.0,0.0,0.0,0.0
model3d_Cf8_N400_T5_lam15_lam23_h1_cu1_pi16_pi26_e039e6,3d,8.0,remove,38,0.475,0,22.906966888077427,0.0,0.0,0.0,0.0
model3d_Cf8_N400_T5_lam15_lam23_h1_cu1_pi16_pi26_e039e6,3d,8.0,remove,39,0.4875,0,23.58480632739741,0.0,0.0,0.0,0.0
model3d_Cf8_N400_T5_lam15_lam23_h1_cu1_pi16_pi26_e039e6,3d,8.0,remove,40,0.5,0,24.26275487526751,0.0,0.0,0.0,0.0
model3d_Cf8_N400_T5_lam15_lam23_h1_cu1_pi16_pi26_e039e6,3d,8.0,remove,41,0.5125,0,24.93998812749196,0.0,0.0,0.0,0.0
model3d_Cf8_N400_T5_lam15_lam23_h1_cu1_pi16_pi26_e039e6,3d,8.0,remove,42,0.525,0,25.615800663692937,0.0,0.0,0.0,0.0
model3d_Cf8_N400_T5_lam15_lam23_h1_cu1_pi16_pi26_e039e6,3d,8.0,remove,43,0.5375,0,26.289594296075,0.0,0.0,0.0,0.0
model3d_Cf8_N400_T5_lam15_lam23_h1_cu1_pi16_pi26_e039e6,3d,8.0,remove,44,0.55,0,26.96086727239735,0.0,0.0,0.0,0.0
model3d_Cf8_N400_T5_lam15_lam23_h1_cu1_pi16_pi26_e039e6,3d,8.0,remove,45,0.5625,0,27.629204353826534,0.0,0.0,0.0,0.0
model3d_Cf8_N400_T5_lam15_lam23_h1_cu1_pi16_pi26_e039e6,3d,8.0,remove,46,0.575,2,28.29426769728535,0.0,0.0,0.04999715157643081,0.295225997176093
model3d_Cf8_N400_T5_lam15_lam23_h1_cu1_pi16_pi26_e039e6,3d,8.0,remove,47,0.5875,0,28.955788479549017,0.0,0.0,0.0031248219735253713,0.02165535805371592
model3d_Cf8_N400_T5_lam15_lam23_h1_cu1_pi16_pi26_e039e6,3d,8.0,remove,48,0.6,0,29.612627538071923,0.0,0.0,0.0028123397761739,0.019004920170082824
model3d_Cf8_N400_T5_lam15_lam23_h1_cu1_pi16_pi26_e039e6,3d,8.0,remove,49,0.6125,0,30.261281678361033,0.0,0.0,0.0025311057985568652,0.016695611926772994
model3d_Cf8_N400_T5_lam15_lam23_h1_cu1_pi16_pi26_e039e6,3d,8.0,remove,50,0.625,0,30.90247788830562,0.0,0.0,0.002277995218701534,0.014679881682202127
model3d_Cf8_N400_T5_lam15_lam23_h1_cu1_pi16_pi26_e039e6,3d,8.0,remove,51,0.6375,0,31.536888114138762,0.0,0.0,0.0020501956968299595,0.012917800297548864
model3d_Cf8_N400_T5_lam15_lam23_h1_cu1_pi16_pi26_e039e6,3d,8.0,remove,52,0.65,0,32.16513106135857,0.0,0.0,0.0018451761271478517,0.011375379266548859
model3d_Cf8_N400_T5_lam15_lam23_h1_cu1_pi16_pi26_e039e6,3d,8.0,remove,53,0.6625,0,32.78777430299607,0.0,0.0,0.0016606585144316455,0.010023590409757066
model3d_Cf8_N400_T5_lam15_lam23_h1_cu1_pi16_pi26_e039e6,3d,8.0,remove,54,0.675,0,33.4053366164977,0.0,0.0,0.001494592662989902,0.008837565057078771
model3d_Cf8_N400_T5_lam15_lam23_h1_cu1_pi16_pi26_e039e6,3d,8.0,remove,55,0.6875,0,34.01829048165101,0.0,0.0,0.001345133396689846,0.007795936618641875
model3d_Cf8_N400_T5_lam15_lam23_h1_cu1_pi16_pi26_e039e6,3d,8.0,remove,56,0.7,0,34.62706468197244,0.0,0.0,0.0012106200570194403,0.0068802983174396865
model3d_Cf8_N400_T5_lam15_lam23_h1_cu1_pi16_pi26_e039e6,3d,8.0,remove,57,0.7125,0,35.232046960885725,0.0,0.0,0.0010895580513192726,0.006074753887731593
model3d_Cf8_N400_T5_lam15_lam23_h1_cu1_pi16_pi26_e039e6,3d,8.0,remove,58,0.725,0,35.833586691932375,0.0,0.0,0.0009806022461873454,0.005365543692029837
model3d_Cf8_N400_T5_lam15_lam23_h1_cu1_pi16_pi26_e039e6,3d,8.0,remove,59,0.7375,0,36.43199752925636,0.0,0.0,0.0008825420215679003,0.004882427583909437
model3d_Cf8_N400_T5_lam15_lam23_h1_cu1_pi16_pi26_e039e6,3d,8.0,remove,60,0.75,0,37.027560010769974,0.0,0.0,0.0007942878194100444,0.00465471786597288
model3d_Cf8_N400_T5_lam15_lam23_h1_cu1_pi16_pi26_e039e6,3d,8.0,remove,61,0.7625,0,37.62052409181277,0.0,0.0,0.0007148590374725927,0.004413374645264108
model3d_Cf8_N400_T5_lam15_lam23_h1_cu1_pi16_pi26_e039e6,3d,8.0,remove,62,0.775,0,38.2111115918303,0.0,0.0,0.0006701803476261148,0.004164984705944576
model3d_Cf8_N400_T5_lam15_lam23_h1_cu1_pi16_pi26_e039e6,3d,8.0,remove,63,0.7875,0,38.79951854069008,0.0,0.0,0.0006433731337232018,0.003914692828049784
model3d_Cf8_N400_T5_lam15_lam23_h1_cu1_pi16_pi26_e039e6,3d,8.0,remove,64,0.8,0,39.38591741478085,0.0,0.0,0.0006152255591231892,0.0036664698777989077
model3d_Cf8_N400_T5_lam15_lam23_h1_cu1_pi16_pi26_e039e6,3d,8.0,remove,65,0.8125,0,39.97045925606485,0.0,0.0,0.0005862737681034957,0.0034233335268462244
model3d_Cf8_N400_T5_lam15_lam23_h1_cu1_pi16_pi26_e039e6,3d,8.0,remove,66,0.825,0,40.5532756698251,0.0,0.0,0.0005569600796988539,0.0031875298522951027
model3d_Cf8_N400_T5_lam15_lam23_h1_cu1_pi16_pi26_e039e6,3d,8.0,remove,67,0.8375,0,41.13448069901976,0.0,0.0,0.0005453993717523531,0.002975833970541669
model3d_Cf8_N400_T5_lam15_lam23_h1_cu1_pi16_pi26_e039e6,3d,8.0,remove,68,0.85,0,41.71417257496862,0.0,0.0,0.0005361784829673866,0.002873093220592423
model3d_Cf8_N400_T5_lam15_lam23_h1_cu1_pi16_pi26_e039e6,3d,8.0,remove,69,0.8625,0,42.29243534559439,0.0,0.0,0.0005251285847869269,0.0027642772860972807
model3d_Cf8_N400_T5_lam15_lam23_h1_cu1_pi16_pi26_e039e6,3d,8.0,remove,70,0.875,0,42.86934038366138,0.0,0.0,0.0005125296073273944,0.0026511331826087506
model3d_Cf8_N400_T5_lam15_lam23_h1_cu1_pi16_pi26_e039e6,3d,8.0,remove,71,0.8875,4,43.44494777843109,0.0,0.0,0.1892107076304015,0.7142410623408568
model3d_Cf8_N400_T5_lam15_lam23_h1_cu1_pi16_pi26_e039e6,3d,8.0,remove,72,0.9,4,44.01930761491941,0.0,0.0,0.3620481313192556,1.3431847318663757
model3d_Cf8_N400_T5_lam15_lam23_h1_cu1_pi16_pi26_e039e6,3d,8.0,remove,73,0.9125,4,44.592461145521646,0.0,0.0,0.5199113420845762,1.8957542865994184
model3d_Cf8_N400_T5_lam15_lam23_h1_cu1_pi16_pi26_e039e6,3d,8.0,remove,74,0.925,4,45.16444185919509,0.0,0.0,0.6640830278309622,2.3799775004000776
model3d_Cf8_N400_T5_lam15_lam23_h1_cu1_pi16_pi26_e039e6,3d,8.0,remove,75,0.9375,3,45.73527645367714,0.0,0.0,0.7957387786601835,2.803073208277949
model3d_Cf8_N400_T5_lam15_lam23_h1_cu1_pi16_pi26_e039e6,3d,8.0,remove,76,0.95,3,46.30498571639033,0.0,0.0,0.9159556794202963,3.1715299528574157
model3d_Cf8_N400_T5_lam15_lam23_h1_cu1_pi16_pi26_e039e6,3d,8.0,remove,77,0.9625,3,46.873585319762235,0.0,0.0,1.0257202551580633,3.4911773693940926
model3d_Cf8_N400_T5_lam15_lam23_h1_cu1_pi16_pi26_e039e6,3d,8.0,remove,78,0.975,3,47.44108653668443,0.0,0.0,1.125935812936092,3.7672509225201565
model3d_Cf8_N400_T5_lam15_lam23_h1_cu1_pi16_pi26_e039e6,3d,8.0,remove,79,0.9875,3,48.00749688176421,0.0,0.0,1.217429221256591,4.004450564944457
model3d_Cf8_N400_T5_lam15_lam23_h1_cu1_pi16_pi26_e039e6,3d,8.0,remove,80,1.0,3,48.57282068389874,0.0,0.0,1.300957166123382,4.206993846950114
model3d_Cf8_N400_T5_lam15_lam23_h1_cu1_pi16_pi26_e039e6,3d,8.0,remove,81,1.0125,3,49.13705959553384,0.0,0.0,1.3772119205929876,4.378663965934211
model3d_Cf8_N400_T5_lam15_lam23_h1_cu1_pi16_pi26_e039e6,3d,8.0,remove,82,1.025,3,49.7002130437694,0.0,0.0,1.4468266625307074,4.522853207570617
model3d_Cf8_N400_T5_lam15_lam23_h1_cu1_pi16_pi26_e039e6,3d,8.0,remove,83,1.0375,3,50.26227862824712,0.0,0.0,1.5103803732109071,4.642602194538719
model3d_Cf8_N400_T5_lam15_lam23_h1_cu1_pi16_pi26_e039e6,3d,8.0,remove,84,1.05,3,50.82325247051259,0.0,0.0,1.5684023473924427,4.740635325195309
model3d_Cf8_N400_T5_lam15_lam23_h1_cu1_pi16_pi26_e039e6,3d,8.0,remove,85,1.0625,3,51.38312951928755,0.0,0.0,1.6213763435665385,4.819392753079822
model3d_Cf8_N400_T5_lam15_lam23_h1_cu1_pi16_pi26_e039e6,3d,8.0,remove,86,1.075,3,51.941903815824936,0.0,0.0,1.6697444012218625,4.881059228717524
model3d_Cf8_N400_T5_lam15_lam23_h1_cu1_pi16_pi26_e039e6,3d,8.0,remove,87,1.0875,3,52.49956872325401,0.0,0.0,1.7139103502017718,4.927590097771957
model3d_Cf8_N400_T5_lam15_lam23_h1_cu1_pi16_pi26_e039e6,3d,8.0,remove,88,1.1,3,53.05611712355759,0.0,0.0,1.7542430355448317,4.960734724138824
model3d_Cf8_N400_T5_lam15_lam23_h1_cu1_pi16_pi26_e039e6,3d,8.0,remove,89,1.1125,3,53.611541585562875,0.0,0.0,1.7910792796016324,4.9820575829909055
model3d_Cf8_N400_T5_lam15_lam23_h1_cu1_pi16_pi26_e039e6,3d,8.0,remove,90,1.125,3,54.16583450707236,0.0,0.0,1.8247266017083845,4.992957246993229
model3d_Cf8_N400_T5_lam15_lam23_h1_cu1_pi16_pi26_e039e6,3d,8.0,remove,91,1.1375,3,54.718988234015086,0.0,0.0,1.8554657142702098,4.994683468820257
model3d_Cf8_N400_T5_lam15_lam23_h1_cu1_pi16_pi26_e039e6,3d,8.0,remove,92,1.15,3,55.27099515926114,0.0,0.0,1.8835528127614012,4.988352544624006
model3d_Cf8_N400_T5_lam15_lam23_h1_cu1_pi16_pi26_e039e6,3d,8.0,remove,93,1.1625,3,55.82184780351643,0.0,0.0,1.9092216758854548,4.974961126131911
model3d_Cf8_N400_T5_lam15_lam23_h1_cu1_pi16_pi26_e039e6,3d,8.0,remove,94,1.175,3,56.37153888049951,0.0,0.0,1.9326855909510101,4.955398633497592
model3d_Cf8_N400_T5_lam15_lam23_h1_cu1_pi16_pi26_e039e6,3d,8.0,remove,95,1.1875,3,56.9200613483998,0.0,0.0,1.9541391184072765,4.9304584067896196
model3d_Cf8_N400_T5_lam15_lam23_h1_cu1_pi16_pi26_e039e6,3d,8.0,remove,96,1.2,3,57.46740844942544,0.0,0.0,1.973759708442735,4.900847720995357
model3d_Cf8_N400_T5_lam15_lam23_h1_cu1_pi16_pi26_e039e6,3d,8.0,remove,97,1.2125,3,58.01357373907112,0.0,0.0,1.9917091815793313,4.867196777546231
model3d_Cf8_N400_T5_lam15_lam23_h1_cu1_pi16_pi26_e039e6,3d,8.0,remove,98,1.225,3,58.55855110656983,0.0,0.0,2.0081350842875665,4.830066774551301
model3d_Cf8_N400_T5_lam15_lam23_h1_cu1_pi16_pi26_e039e6,3d,8.0,remove,99,1.2375,3,59.10233478783868,0.0,0.0,2.0231719298040574,4.789957148080675
model3d_Cf8_N400_T5_lam15_lam23_h1_cu1_pi16_pi26_e039e6,3d,8.0,remove,100,1.25,3,59.64491937208637,7.105427357601002e-15,1.1912879474737489e-14,2.0369423335466124,4.747312067885652
model3d_Cf8_N400_T5_lam15_lam23_h1_cu1_pi16_pi26_e039e6,3d,8.0,remove,101,1.2625,3,60.18629980311918,1.4210854715202004e-14,2.361144440128137e-14,2.0495580517917276,4.702526262812165
model3d_Cf8_N400_T5_lam15_lam23_h1_cu1_pi16_pi26_e039e6,3d,8.0,remove,102,1.275,3,60.726471376261976,2.842170943040401e-14,4.680283373341873e-14,2.0611209316011028,4.655950243786405
model3d_Cf8_N400_T5_lam15_lam23_h1_cu1_pi16_pi26_e039e6,3d,8.0,remove,103,1.2875,3,61.26542973170127,5.684341886080802e-14,9.278220867745726e-14,2.0717237793539383,4.607894985562235
model3d_Cf8_N400_T5_lam15_lam23_h1_cu1_pi16_pi26_e039e6,3d,8.0,remove,104,1.3,3,61.80317084495716,9.237055564881302e-14,1.4945925004485433e-13,2.0814511546587937,4.558636122363477
model3d_Cf8_N400_T5_lam15_lam23_h1_cu1_pi16_pi26_e039e6,3d,8.0,remove,105,1.3125,3,62.33969101510066,1.3500311979441904e-13,2.1656045706373002e-13,2.090380095878132,4.508417707071199
model3d_Cf8_N400_T5_lam15_lam23_h1_cu1_pi16_pi26_e039e6,3d,8.0,remove,106,1.325,3,62.87498685125076,2.0605739337042905e-13,3.2772554506916765e-13,2.098580782998937,4.457455578649292
model3d_Cf8_N400_T5_lam15_lam23_h1_cu1_pi16_pi26_e039e6,3d,8.0,remove,107,1.3375,3,63.409055257811964,3.268496584496461e-13,5.154621167603319e-13,2.1061171431200805,4.405940378020923
model3d_Cf8_N400_T5_lam15_lam23_h1_cu1_pi16_pi26_e039e6,3d,8.0,remove,108,1.35,3,63.941893418846746,4.973799150320701e-13,7.778623503905632e-13,2.113047403400209,4.354040248563578
model3d_Cf8_N400_T5_lam15_lam23_h1_cu1_pi16_pi26_e039e6,3d,8.0,remove,109,1.3625,3,64.47349878191821,7.389644451905042e-13,1.1461522317720859e-12,2.1194245959152056,4.301903253738899
model3d_Cf8_N400_T5_lam15_lam23_h1_cu1_pi16_pi26_e039e6,3d,8.0,remove,110,1.375,3,65.00386904168546,1.0942358130705543e-12,1.6833395137893198e-12,2.1252970185100537,4.249659541079948
model3d_Cf8_N400_T5_lam15_lam23_h1_cu1_pi16_pi26_e039e6,3d,8.0,remove,111,1.3875,3,65.5330021234876,1.5916157281026244e-12,2.4287239658324385e-12,2.1307086553944927,4.197423278790707
model3d_Cf8_N400_T5_lam15_lam23_h1_cu1_pi16_pi26_e039e6,3d,8.0,remove,112,1.4,3,66.06089616711078,2.3163693185779266e-12,3.5064152213713973e-12,2.1356995609220633,4.1452943885371685
model3d_Cf8_N400_T5_lam15_lam23_h1_cu1_pi16_pi26_e039e6,3d,8.0,remove,113,1.4125,3,66.5875495108966,3.325340003357269e-12,4.993936595929394e-12,2.140306209707262,4.093360095601253
model3d_Cf8_N400_T5_lam15_lam23_h1_cu1_pi16_pi26_e039e6,3d,8.0,remove,114,1.425,3,67.11296067631814,4.703792910731863e-12,7.008769786536434e-12,2.1445618159728426,4.041696315400203
model3d_Cf8_N400_T5_lam15_lam23_h1_cu1_pi16_pi26_e039e6,3d,8.0,remove,115,1.4375,3,67.63712835312258,6.622258297284134e-12,9.790862590603178e-12,2.1484966247777706,3.9903688934235335
model3d_Cf8_N400_T5_lam15_lam23_h1_cu1_pi16_pi26_e039e6,3d,8.0,remove,116,1.45,3,68.16005138511503,9.251266419596504e-12,1.357285716720692e-11,2.1521381775543844,3.9394347138856305
model3d_Cf8_N400_T5_lam15_lam23_h1_cu1_pi16_pi26_e039e6,3d,8.0,remove,117,1.4625,3,68.68172875663785,1.2803980098397005e-11,1.864248371465103e-11,2.1555115541787444,3.888942690814313
model3d_Cf8_N400_T5_lam15_lam23_h1_cu1_pi16_pi26_e039e6,3d,8.0,remove,118,1.475,3,69.20215957978199,1.7607248992135283e-11,2.54432074071853e-11,2.158639593610559,3.8389346538784554
model3d_Cf8_N400_T5_lam15_lam23_h1_cu1_pi16_pi26_e039e6,3d,8.0,remove,119,1.4875,3,69.72134308235202,2.4002133613976184e-11,3.442580500152706e-11,2.1615430949667243,3.789446139984587
model3d_Cf8_N400_T5_lam15_lam23_h1_cu1_pi16_pi26_e039e6,3d,8.0,remove,120,1.5,3,70.23927859659382,3.248601387895178e-11,4.625049477732984e-11,2.164241000734151,3.740507100528658
model3d_Cf8_N400_T5_lam15_lam23_h1_cu1_pi16_pi26_e039e6,3d,8.0,remove,121,1.5125,3,70.7559655486836,4.3712589103961363e-11,6.177936908215172e-11,2.1667505636822426,3.69214253316246
model3d_Cf8_N400_T5_lam15_lam23_h1_cu1_pi16_pi26_e039e6,3d,8.0,remove,122,1.525,3,71.27140344896846,5.842082373419544e-11,8.196951499071538e-11,2.1690874989019164,3.644373046012369
model3d_Cf8_N400_T5_lam15_lam23_h1_cu1_pi16_pi26_e039e6,3d,8.0,remove,123,1.5375,3,71.78559188294106,7.759126674500294e-11,1.0808752106067334e-10,2.1712661222762506,3.597215361461984
model3d_Cf8_N400_T5_lam15_lam23_h1_cu1_pi16_pi26_e039e6,3d,8.0,remove,124,1.55,3,72.2985305029267,1.0240341907774564e-10,1.416396963609105e-10,2.1732994765752807,3.5506827658676348
model3d_Cf8_N400_T5_lam15_lam23_h1_cu1_pi16_pi26_e039e6,3d,8.0,remove,125,1.5625,3,72.81021902045539,1.3436363133223495e-10,1.8453952362715276e-10,2.1751994462648625,3.5047855109106476
model3d_Cf8_N400_T5_lam15_lam23_h1_cu1_pi16_pi26_e039e6,3d,8.0,remove,126,1.575,3,73.32065719928967,1.7534773633087752e-10,2.3915188847021997e-10,2.1769768620256684,3.4595311716942394
model3d_Cf8_N400_T5_lam15_lam23_h1_cu1_pi16_pi26_e039e6,3d,8.0,remove,127,1.5875,3,73.82984484907564,2.2755841655452969e-10,3.082200931340285e-10,2.1786415958917615,3.4149249661573853
model3d_Cf8_N400_T5_lam15_lam23_h1_cu1_pi16_pi26_e039e6,3d,8.0,remove,128,1.6,3,74.33778181958372,2.937525778179406e-10,3.9515919176990256e-10,2.180202647839536,3.370970039899213
model3d_Cf8_N400_T5_lam15_lam23_h1_cu1_pi16_pi26_e039e6,3d,8.0,remove,129,1.6125,3,74.8444679955049,3.772981926886132e-10,5.041096593956329e-10,2.1816682245856356,3.327667720078046
model3d_Cf8_N400_T5_lam15_lam23_h1_cu1_pi16_pi26_e039e6,3d,8.0,remove,130,1.625,3,75.34990329176772,4.822311439056648e-10,6.399890681191498e-10,2.183045811286064,3.285017741663954
model3d_Cf8_N400_T5_lam15_lam23_h1_cu1_pi16_pi26_e039e6,3d,8.0,remove,131,1.6375,3,75.85408764934172,6.134115437816945e-10,8.086730231564756e-10,2.184342236768387,3.2430184489791967
model3d_Cf8_N400_T5_lam15_lam23_h1_cu1_pi16_pi26_e039e6,3d,8.0,remove,132,1.65,3,76.35702103149376,7.767084753140807e-10,1.017206361408107e-09,2.185563732873689,3.2016669751523437
model3d_Cf8_N400_T5_lam15_lam23_h1_cu1_pi16_pi26_e039e6,3d,8.0,remove,133,1.6625,3,76.85870342046421,9.791136790227029e-10,1.2739138645968966e-09,2.1867159884341163,3.1609594018349267
model3d_Cf8_N400_T5_lam15_lam23_h1_cu1_pi16_pi26_e039e6,3d,8.0,remove,134,1.675,3,77.35913481453181,1.22901155918953e-09,1.5887090285278913e-09,2.1878041983660808,3.120890901282624
model3d_Cf8_N400_T5_lam15_lam23_h1_cu1_pi16_pi26_e039e6,3d,8.0,remove,135,1.6875,3,77.8583152254369,1.5363355032604886e-09,1.9732452453049693e-09,2.1888331083162313,3.0814558626802597
model3d_Cf8_N400_T5_lam15_lam23_h1_cu1_pi16_pi26_e039e6,3d,8.0,remove,136,1.7,3,78.35624467613437,1.912937364068057e-09,2.4413336447844044e-09,2.189807055259351,3.0426480043924373
model3d_Cf8_N400_T5_lam15_lam23_h1_cu1_pi16_pi26_e039e6,3d,8.0,remove,137,1.7125,3,78.85292319884978,2.3727864117972786e-09,3.0091292948184452e-09,2.190730004411961,3.004460473643846
model3d_Cf8_N400_T5_lam15_lam23_h1_cu1_pi16_pi26_e039e6,3d,8.0,remove,138,1.725,3,79.34835083341291,2.932523557319655e-09,3.6957586723841456e-09,2.1916055827927323,2.9668859349736305
model3d_Cf8_N400_T5_lam15_lam23_h1_cu1_pi16_pi26_e039e6,3d,8.0,remove,139,1.7375,3,79.84252762584602,3.6117029367233044e-09,4.523532814051533e-09,2.19243710973187,2.9299166486666683
model3d_Cf8_N400_T5_lam15_lam23_h1_cu1_pi16_pi26_e039e6,3d,8.0,remove,140,1.75,3,80.33545362718466,4.4334598214845755e-09,5.518683994813891e-09,2.1932276246049014,2.8935445402374307
model3d_Cf8_N400_T5_lam15_lam23_h1_cu1_pi16_pi26_e039e6,3d,8.0,remove,141,1.7625,3,80.82712889251157,5.425050630947226e-09,6.711918022180104e-09,2.193979912041243,2.8577612619274433
model3d_Cf8_N400_T5_lam15_lam23_h1_cu1_pi16_pi26_e039e6,3d,8.0,remove,142,1.775,3,81.31755348018535,6.618662951041188e-09,8.139279488596466e-09,2.1946965248361607,2.8225582470763078
model3d_Cf8_N400_T5_lam15_lam23_h1_cu1_pi16_pi26_e039e6,3d,8.0,remove,143,1.7875,3,81.80672745124804,8.05215449872776e-09,9.842900149656233e-09,2.195379804773779,2.787926758134315
model3d_Cf8_N400_T5_lam15_lam23_h1_cu1_pi16_pi26_e039e6,3d,8.0,remove,144,1.8,3,82.29465086899637,9.770261044650397e-09,1.1872291748589505e-08,2.1960319015509526,2.753857929004165
model3d_Cf8_N400_T5_lam15_lam23_h1_cu1_pi16_pi26_e039e6,3d,8.0,remove,145,1.8125,3,82.78132379870442,1.1825747492366645e-08,1.4285525949213831e-08,2.1966547899738345,2.7203428023250447
model3d_Cf8_N400_T5_lam15_lam23_h1_cu1_pi16_pi26_e039e6,3d,8.0,remove,146,1.825,3,83.2667463074858,1.4280857385529089e-08,1.715073305830039e-08,2.1972502855846017,2.6873723622485044
model3d_Cf8_N400_T5_lam15_lam23_h1_cu1_pi16_pi26_e039e6,3d,8.0,remove,147,1.8375,3,83.75091846428572,1.7209146108143614e-08,2.0548008814353704e-08,2.1978200588608274,2.6549375631961123
model3d_Cf8_N400_T5_lam15_lam23_h1_cu1_pi16_pi26_e039e6,3d,8.0,remove,148,1.85,3,84.23384033999442,2.0697640934486117e-08,2.4571645850342205e-08,2.1983656481176155,2.623029355037324
model3d_Cf8_N400_T5_lam15_lam23_h1_cu1_pi16_pi26_e039e6,3d,8.0,remove,149,1.8625,3,84.71551200767514,2.4849313717822952e-08,2.933266072401431e-08,2.1988884712306174,2.5916387050789704
model3d_Cf8_N400_T5_lam15_lam23_h1_cu1_pi16_pi26_e039e6,3d,8.0,remove,150,1.875,3,85.19593354290082,2.9786235700157704e-08,3.4962039221224923e-08,2.199389836287807,2.5607566172166085
model3d_Cf8_N400_T5_lam15_lam23_h1_cu1_pi16_pi26_e039e6,3d,8.0,remove,151,1.8875,3,85.67510502419489,3.565325812360243e-08,4.1614490129348365e-08,2.1998709512676555,2.530374148560004
model3d_Cf8_N400_T5_lam15_lam23_h1_cu1_pi16_pi26_e039e6,3d,8.0,remove,152,1.9,3,86.15302653357342,4.2622332330211066e-08,4.94728206833237e-08,2.2003329328327936,2.5004824238120835
model3d_Cf8_N400_T5_lam15_lam23_h1_cu1_pi16_pi26_e039e6,3d,8.0,remove,153,1.9125,3,86.62969815718579,5.0897867254207085e-08,5.8753370191657763e-08,2.200776814320008,2.471072647650622
model3d_Cf8_N400_T5_lam15_lam23_h1_cu1_pi16_pi26_e039e6,3d,8.0,remove,154,1.925,3,87.10511998605334,6.072295377634873e-08,6.97122669552275e-08,2.201203553000539,2.4421361153358343
model3d_Cf8_N400_T5_lam15_lam23_h1_cu1_pi16_pi26_e039e6,3d,8.0,remove,155,1.9375,3,87.57929211690565,7.238682542265451e-08,8.265290078621394e-08,2.201614036677171,2.413664221742281
model3d_Cf8_N400_T5_lam15_lam23_h1_cu1_pi16_pi26_e039e6,3d,8.0,remove,156,1.95,3,88.05221465311523,8.623374014860019e-08,9.793477709597767e-08,2.20200908967918,2.385648468992948
model3d_Cf8_N400_T5_lam15_lam23_h1_cu1_pi16_pi26_e039e6,3d,8.0,remove,157,1.9625,3,88.52388770573239,1.0267355321502691e-07,1.1598400824456589e-07,2.2023894783104367,2.3580804728540716
model3d_Cf8_N400_T5_lam15_lam23_h1_cu1_pi16_pi26_e039e6,3d,8.0,remove,158,1.975,3,88.99431139462278,1.2219400957746984e-07,1.3730541611320682e-07,2.202755915800978,2.3309519680322803
model3d_Cf8_N400_T5_lam15_lam23_h1_cu1_pi16_pi26_e039e6,3d,8.0,remove,159,1.9875,3,89.4634858497108,1.4537540948822425e-07,1.624969205117265e-07,2.2031090668074853,2.304254812500129
model3d_Cf8_N400_T5_lam15_lam23_h1_cu1_pi16_pi26_e039e6,3d,8.0,remove,160,2.0,3,89.93141121233276,1.7290780363055092e-07,1.9226630751107259e-07,2.2034495515044625,2.2779809909630426
model3d_Cf8_N400_T5_lam15_lam23_h1_cu1_pi16_pi26_e039e6,3d,8.0,remove,161,2.0125,3,90.39808763670459,2.0561104463467927e-07,2.274506574309371e-07,2.203777949303614,2.252122617568013
model3d_Cf8_N400_T5_lam15_lam23_h1_cu1_pi16_pi26_e039e6,3d,8.0,remove,162,2.025,3,90.86351529150909,2.4445820656637807e-07,2.6903890497974377e-07,2.204094802235801,2.2266719379438644
model3d_Cf8_N400_T5_lam15_lam23_h1_cu1_pi16_pi26_e039e6,3d,8.0,remove,163,2.0375,3,91.32769436160855,2.9060296924399154e-07,3.1819807920843824e-07,2.2044006180266535,2.201621330653026
model3d_Cf8_N400_T5_lam15_lam23_h1_cu1_pi16_pi26_e039e6,3d,8.0,remove,164,2.05,3,91.79062504988904,3.4541112370334304e-07,3.763032700949677e-07,2.2046958728940496,2.176963308126066
model3d_Cf8_N400_T5_lam15_lam23_h1_cu1_pi16_pi26_e039e6,3d,8.0,remove,165,2.0625,3,92.25230757924301,4.1049715093777195e-07,4.4497223073272456e-07,2.2049810140931214,2.15269051714252
model3d_Cf8_N400_T5_lam15_lam23_h1_cu1_pi16_pi26_e039e6,3d,8.0,remove,166,2.075,3,92.71274219469733,4.877663570823643e-07,5.261049835609996e-07,2.205256462232242,2.1287957389147882
model3d_Cf8_N400_T5_lam15_lam23_h1_cu1_pi16_pi26_e039e6,3d,8.0,remove,167,2.0875,3,93.17192916569425,5.794632755851126e-07,6.21929030314068e-07,2.2055226133809356,2.105271888825299
model3d_Cf8_N400_T5_lam15_lam23_h1_cu1_pi16_pi26_e039e6,3d,8.0,remove,168,2.1,3,93.62986878853333,6.882269900643223e-07,7.350506830450756e-07,2.205779840989095,2.0821120158619983
model3d_Cf8_N400_T5_lam15_lam23_h1_cu1_pi16_pi26_e039e6,3d,8.0,remove,169,2.1125,3,94.08656138898208,8.171542731361114e-07,8.685132723235049e-07,2.2060284976348328,2.0593093017920108
model3d_Cf8_N400_T5_lam15_lam23_h1_cu1_pi16_pi26_e039e6,3d,8.0,remove,170,2.125,3,94.54200732506396,9.698714933392694e-07,1.025863021931149e-06,2.2062689166168212,2.036857060109015
model3d_Cf8_N400_T5_lam15_lam23_h1_cu1_pi16_pi26_e039e6,3d,8.0,remove,171,2.1375,3,94.99620699003218,1.150616043332775e-06,1.211223142260309e-06,2.206501413405576,2.014748734786018
model3d_Cf8_N400_T5_lam15_lam23_h1_cu1_pi16_pi26_e039e6,3d,8.0,remove,172,2.15,3,95.44916081553794,1.3643284262343514e-06,1.429377078412465e-06,2.206726286966486,1.9929778988613618
model3d_Cf8_N400_T5_lam15_lam23_h1_cu1_pi16_pi26_e039e6,3d,8.0,remove,173,2.1625,3,95.90086927500212,1.6167559948598864e-06,1.6858616684940895e-06,2.206943820966785,1.97153825288322
model3d_Cf8_N400_T5_lam15_lam23_h1_cu1_pi16_pi26_e039e6,3d,8.0,remove,174,2.175,3,96.35133288719915,1.9145694949429526e-06,1.987071104853719e-06,2.207154284876765,1.9504236232342922
model3d_Cf8_N400_T5_lam15_lam23_h1_cu1_pi16_pi26_e039e6,3d,8.0,remove,175,2.1875,3,96.80055222006202,2.265493478148528e-06,2.3403724732874017e-06,2.207357934975434,1.9296279603567201
model3d_Cf8_N400_T5_lam15_lam23_h1_cu1_pi16_pi26_e039e6,3d,8.0,remove,176,2.2,3,97.24852789471733,2.678452048598956e-06,2.754234029638667e-06,2.2075550152688805,1.9091453368940607
model3d_Cf8_N400_T5_lam15_lam23_h1_cu1_pi16_pi26_e039e6,3d,8.0,remove,177,2.2125,3,97.69526058975933,3.1637309660936808e-06,3.238366883915463e-06,2.2077457583301054,1.8889699457663507
model3d_Cf8_N400_T5_lam15_lam23_h1_cu1_pi16_pi26_e039e6,3d,8.0,remove,178,2.225,3,98.14075104577138,3.7331576550059253e-06,3.8038812778851023e-06,2.2079303860668347,1.8690960981911617
model3d_Cf8_N400_T5_lam15_lam23_h1_cu1_pi16_pi26_e039e6,3d,8.0,remove,179,2.2375,3,98.58500007010377,4.4003002983572514e-06,4.463458229170968e-06,2.2081091104243455,1.849518221663022
model3d_Cf8_N400_T5_lam15_lam23_h1_cu1_pi16_pi26_e039e6,3d,8.0,remove,180,2.25,3,99.02800854191614,5.180687494998892e-06,5.231537593534494e-06,2.2082821340292753,1.8302308579017568
model3d_Cf8_N400_T5_lam15_lam23_h1_cu1_pi16_pi26_e039e6,3d,8.0,remove,181,2.2625,3,99.46977741749247,6.092050000461313e-06,6.124523607700346e-06,2.2084496507796842,1.811228660778911
model3d_Cf8_N400_T5_lam15_lam23_h1_cu1_pi16_pi26_e039e6,3d,8.0,remove,182,2.275,3,99.91030773583677,7.154585887292342e-06,7.161008758184485e-06,2.2086118463862334,1.7925063942303834
model3d_Cf8_N400_T5_lam15_lam23_h1_cu1_pi16_pi26_e039e6,3d,8.0,remove,183,2.2875,3,100.34960062455689,8.391250560180197e-06,8.362016896883141e-06,2.208768898869323,1.774058930162752
model3d_Cf8_N400_T5_lam15_lam23_h1_cu1_pi16_pi26_e039e6,3d,8.0,remove,184,2.3,3,100.78765730604341,9.828073174844576e-06,9.751266610951644e-06,2.208920979015687,1.7558812463591038
model3d_Cf8_N400_T5_lam15_lam23_h1_cu1_pi16_pi26_e039e6,3d,8.0,remove,185,2.3125,3,101.22447910395066,1.1494500910202987e-05,1.1355455727659429e-05,2.2090682507985946,1.7379684243902325
model3d_Cf8_N400_T5_lam15_lam23_h1_cu1_pi16_pi26_e039e6,3d,8.0,remove,186,2.325,3,101.66006744998582,1.3423772244891552e-05,1.320456751762014e-05,2.2092108717646113,1.7203156475356607
model3d_Cf8_N400_T5_lam15_lam23_h1_cu1_pi16_pi26_e039e6,3d,8.0,remove,187,2.3375,3,102.09442389101201,1.5653320986075414e-05,1.533219973187338e-05,2.209348993390307,1.7029181987189033
model3d_Cf8_N400_T5_lam15_lam23_h1_cu1_pi16_pi26_e039e6,3d,8.0,remove,188,2.35,3,102.52755009647042,1.8225212187417128e-05,1.7775916980624843e-05,2.2094827614111523,1.6857714584601455
model3d_Cf8_N400_T5_lam15_lam23_h1_cu1_pi16_pi26_e039e6,3d,8.0,remove,189,2.3625,3,102.95944786612607,2.118661107886055e-05,2.057762693755762e-05,2.2096123161256855,1.6688709028498725
model3d_Cf8_N400_T5_lam15_lam23_h1_cu1_pi16_pi26_e039e6,3d,8.0,remove,190,2.375,3,103.39011913814124,2.4590286372472292e-05,2.378398107813069e-05,2.209737792676492,1.652212101545505
model3d_Cf8_N400_T5_lam15_lam23_h1_cu1_pi16_pi26_e039e6,3d,8.0,remove,191,2.3875,3,103.81956599747959,2.849514898173311e-05,2.7446800328971594e-05,2.209859321310944,1.6357907157939735
model3d_Cf8_N400_T5_lam15_lam23_h1_cu1_pi16_pi26_e039e6,3d,8.0,remove,192,2.4,3,104.24779068464362,3.296682690745456e-05,3.162352572744814e-05,2.2099770276221875,1.6196024964810565
model3d_Cf8_N400_T5_lam15_lam23_h1_cu1_pi16_pi26_e039e6,3d,8.0,remove,193,2.4125,3,104.67479560474717,3.807827744140013e-05,3.637769457433096e-05,2.21009103277396,1.6036432822104836
model3d_Cf8_N400_T5_lam15_lam23_h1_cu1_pi16_pi26_e039e6,3d,8.0,remove,194,2.425,3,105.10058333692395,4.3910436929195384e-05,4.177944168818782e-05,2.210201453708663,1.5879089974125138
model3d_Cf8_N400_T5_lam15_lam23_h1_cu1_pi16_pi26_e039e6,3d,8.0,remove,195,2.4375,3,105.52515664407187,5.05529089736001e-05,4.7906025995404226e-05,2.2103084033416565,1.5723956504842127
model3d_Cf8_N400_T5_lam15_lam23_h1_cu1_pi16_pi26_e039e6,3d,8.0,remove,196,2.45,3,105.948518482933,5.8104691206040116e-05,5.484238197762064e-05,2.2104119907421875,1.5570993319616422
model3d_Cf8_N400_T5_lam15_lam23_h1_cu1_pi16_pi26_e039e6,3d,8.0,remove,197,2.4625,3,106.37067201450681,6.667494071166402e-05,6.268169547953115e-05,2.2105123213025024,1.5420162127248822
model3d_Cf8_N400_T5_lam15_lam23_h1_cu1_pi16_pi26_e039e6,3d,8.0,remove,198,2.475,3,106.79162061479454,7.638377815055719e-05,7.152600336133044e-05,2.21060949689587,1.5271425422361518
model3d_Cf8_N400_T5_lam15_lam23_h1_cu1_pi16_pi26_e039e6,3d,8.0,remove,199,2.4875,3,107.21136788587091,8.736313007773333e-05,8.14868159976594e-05,2.2107036160246025,1.5124746468114478
model3d_Cf8_N400_T5_lam15_lam23_h1_cu1_pi16_pi26_e039e6,3d,8.0,remove,200,2.5,3,107.62991766727869,9.975760900715613e-05,9.268576170014495e-05,2.210794773958895,1.4980089279258793
model3d_Cf8_N400_T5_lam15_lam23_h1_cu1_pi16_pi26_e039e6,3d,8.0,remove,201,2.5125,3,108.04727404774057,0.00011372543025345294,0.00010525525169955097,2.2108830628672536,1.48374186055277
model3d_Cf8_N400_T5_lam15_lam23_h1_cu1_pi16_pi26_e039e6,3d,8.0,remove,202,2.525,3,108.46344137718174,0.00012943936475551254,0.00011933916452584885,2.210968571939162,1.4696699915364784
model3d_Cf8_N400_T5_lam15_lam23_h1_cu1_pi16_pi26_e039e6,3d,8.0,remove,203,2.5375,3,108.87842427905557,0.00014708772607718856,0.00013509354773559405,2.2110513875006745,1.455789937998857
model3d_Cf8_N400_T5_lam15_lam23_h1_cu1_pi16_pi26_e039e6,3d,8.0,remove,204,2.55,3,109.29222766296384,0.00016687539013560126,0.00015268733532471568,2.211131593123497,1.4420983857791632
model3d_Cf8_N400_T5_lam15_lam23_h1_cu1_pi16_pi26_e039e6,3d,8.0,remove,205,2.5625,3,109.70485673756178,0.0001890248456959398,0.0001723030787489463,2.211209269727931,1.4285920879070695
model3d_Cf8_N400_T5_lam15_lam23_h1_cu1_pi16_pi26_e039e6,3d,8.0,remove,206,2.575,3,110.11631702373707,0.0002137772733874499,0.000194137689277573,2.211284495680644,1.4152678631087923
model3d_Cf8_N400_T5_lam15_lam23_h1_cu1_pi16_pi26_e039e6,3d,8.0,remove,207,2.5875,3,110.52661436805123,0.00024139365042685768,0.00021840318895774918,2.2113573468867287,1.402122594345345
model3d_Cf8_N400_T5_lam15_lam23_h1_cu1_pi16_pi26_e039e6,3d,8.0,remove,208,2.6,3,110.9357549564305,0.00027215587833495647,0.00024532746763371684,2.211427896877609,1.3891532273832912
model3d_Cf8_N400_T5_lam15_lam23_h1_cu1_pi16_pi26_e039e6,3d,8.0,remove,209,2.6125,3,111.34374532809227,0.00030636793040628163,0.0002751550430637295,2.211496216894261,1.3763567693969776
model3d_Cf8_N400_T5_lam15_lam23_h1_cu1_pi16_pi26_e039e6,3d,8.0,remove,210,2.625,3,111.75059238969219,0.0003443570153933706,0.0003081478209909999,2.2115623759665652,1.3637302876021127
model3d_Cf8_N400_T5_lam15_lam23_h1_cu1_pi16_pi26_e039e6,3d,8.0,remove,211,2.6375,3,112.1563034296761,0.0003864747535260449,0.00034458585180490646,2.2116264409887094,1.3512709079199663
model3d_Cf8_N400_T5_lam15_lam23_h1_cu1_pi16_pi26_e039e6,3d,8.0,remove,212,2.65,3,112.56088613282002,0.00043309836075877683,0.00038476808031497533,2.2116884767912666,1.3389758136719094
model3d_Cf8_N400_T5_lam15_lam23_h1_cu1_pi16_pi26_e039e6,3d,8.0,remove,213,2.6625,3,112.96434859494003,0.00048463183678393307,0.00042901308493504734,2.2117485462101456,1.3268422443037426
model3d_Cf8_N400_T5_lam15_lam23_h1_cu1_pi16_pi26_e039e6,3d,8.0,remove,214,2.675,3,113.3666993377536,0.0005415071521497339,0.00047765980249316487,2.21180671015199,1.3148674941388845
model3d_Cf8_N400_T5_lam15_lam23_h1_cu1_pi16_pi26_e039e6,3d,8.0,remove,215,2.6875,3,113.76794732387228,0.0006041854295375515,0.0005310682347265779,2.2118630276575004,1.3030489111606556
model3d_Cf8_N400_T5_lam15_lam23_h1_cu1_pi16_pi26_e039e6,3d,8.0,remove,216,2.7,3,114.16810197190567,0.000673158113713157,0.0005896201321440965,2.2119175559614916,1.291383895822271
model3d_Cf8_N400_T5_lam15_lam23_h1_cu1_pi16_pi26_e039e6,3d,8.0,remove,217,2.7125,3,114.56717317165477,0.000748948125092852,0.0006537196514142066,2.2119703505509563,1.2798698998846543
model3d_Cf8_N400_T5_lam15_lam23_h1_cu1_pi16_pi26_e039e6,3d,8.0,remove,218,2.725,3,114.96517129937284,0.0008321109907427626,0.0007237939815493512,2.2120214652203742,1.2685044252809685
model3d_Cf8_N400_T5_lam15_lam23_h1_cu1_pi16_pi26_e039e6,3d,8.0,remove,219,2.7375,3,115.36210723307052,0.0009232359475248586,0.0008002939350436876,2.2120709521252024,1.2572850230077792
model3d_Cf8_N400_T5_lam15_lam23_h1_cu1_pi16_pi26_e039e6,3d,8.0,remove,220,2.75,3,115.75799236784192,0.0010229470106111194,0.000883694498916775,2.2121188618332326,1.24620929204203
model3d_Cf8_N400_T5_lam15_lam23_h1_cu1_pi16_pi26_e039e6,3d,8.0,remove,221,2.7625,3,116.152838631187,0.0011319040018520354,0.0009744953418194979,2.212165243373761,1.2352748782831775
model3d_Cf8_N400_T5_lam15_lam23_h1_cu1_pi16_pi26_e039e6,3d,8.0,remove,222,2.775,3,116.54665849830549,0.0012508035312350785,0.0010732212723655774,2.2122101442854785,1.2244794735203965
model3d_Cf8_N400_T5_lam15_lam23_h1_cu1_pi16_pi26_e039e6,3d,8.0,remove,223,2.7875,3,116.93946500733693,0.0013803799252229965,0.0011804226444309368,2.21225361066206,1.2138208144236666
model3d_Cf8_N400_T5_lam15_lam23_h1_cu1_pi16_pi26_e039e6,3d,8.0,remove,224,2.8,3,117.33127177452081,0.0015214060954633624,0.0012966757049962742,2.21229568719653,1.2032966815587605
model3d_Cf8_N400_T5_lam15_lam23_h1_cu1_pi16_pi26_e039e6,3d,8.0,remove,225,2.8125,3,117.72209300925036,0.0016746943414887028,0.00142258288030702,2.2123364172239235,1.1929048984252792
model3d_Cf8_N400_T5_lam15_lam23_h1_cu1_pi16_pi26_e039e6,3d,8.0,remove,226,2.825,3,118.11194352899348,0.0018410970806712612,0.0015587729959073264,2.212375842762441,1.1826433305172799
model3d_Cf8_N400_T5_lam15_lam23_h1_cu1_pi16_pi26_e039e6,3d,8.0,remove,227,2.8375,3,118.50083877405359,0.002021507499392783,0.0017059014267799453,2.2124140045532954,1.172509884406038
model3d_Cf8_N400_T5_lam15_lam23_h1_cu1_pi16_pi26_e039e6,3d,8.0,remove,228,2.85,3,118.8887948221432,0.0022168601187075865,0.001864650173318683,2.212450942099366,1.162502506844463
model3d_Cf8_N400_T5_lam15_lam23_h1_cu1_pi16_pi26_e039e6,3d,8.0,remove,229,2.8625,3,119.27582840274272,0.0024281312686440515,0.002035727859667682,2.2124866937022034,1.152619183892381
model3d_Cf8_N400_T5_lam15_lam23_h1_cu1_pi16_pi26_e039e6,3d,8.0,remove,230,2.875,3,119.66195691121722,0.002656339464593316,0.0022198696504388423,2.2125212964982097,1.142857940062605
model3d_Cf8_N400_T5_lam15_lam23_h1_cu1_pi16_pi26_e039e6,3d,8.0,remove,231,2.8875,3,120.04719842266312,0.002902545680484536,0.002417837082932357,2.212554786493513,1.133216837487017
model3d_Cf8_N400_T5_lam15_lam23_h1_cu1_pi16_pi26_e039e6,3d,8.0,remove,232,2.9,3,120.43157170545796,0.003167853512536567,0.002630417811273155,2.2125871985976744,1.1236939751022337
model3d_Cf8_N400_T5_lam15_lam23_h1_cu1_pi16_pi26_e039e6,3d,8.0,remove,233,2.9125,3,120.81509623448514,0.0034534092286406803,0.002858425259984148,2.2126185666564027,1.1142874878544562
model3d_Cf8_N400_T5_lam15_lam23_h1_cu1_pi16_pi26_e039e6,3d,8.0,remove,234,2.925,3,121.19779220400714,0.0037604016978036725,0.00310269818403453,2.2126489234833002,1.104995545923034
model3d_Cf8_N400_T5_lam15_lam23_h1_cu1_pi16_pi26_e039e6,3d,8.0,remove,235,2.9375,3,121.57968054015963,0.004090062195373889,0.0033641001335111085,2.2126783008905306,1.0958163539622157
model3d_Cf8_N400_T5_lam15_lam23_h1_cu1_pi16_pi26_e039e6,3d,8.0,remove,236,2.95,3,121.96078291304036,0.004443664079175846,0.0036435188205902525,2.2127067297186045,1.086748150360727
model3d_Cf8_N400_T5_lam15_lam23_h1_cu1_pi16_pi26_e039e6,3d,8.0,remove,237,2.9625,3,122.34112174836638,0.004822522332787571,0.0039418653874260115,2.2127342398653127,1.0777892065187435
model3d_Cf8_N400_T5_lam15_lam23_h1_cu1_pi16_pi26_e039e6,3d,8.0,remove,238,2.975,3,122.72072023867366,0.0052279929724221574,0.004260073573765281,2.212760860313722,1.0689378261417761
model3d_Cf8_N400_T5_lam15_lam23_h1_cu1_pi16_pi26_e039e6,3d,8.0,remove,239,2.9875,3,123.09960235403442,0.005661472313889249,0.0045990987831194255,2.2127866191592034,1.0601923445510273
model3d_Cf8_N400_T5_lam15_lam23_h1_cu1_pi16_pi26_e039e6,3d,8.0,remove,240,3.0,3,123.47779285226684,0.006124396097504814,0.004959917047458288,2.2128115436360645,1.0515511280100809
model3d_Cf8_N400_T5_lam15_lam23_h1_cu1_pi16_pi26_e039e6,3d,8.0,remove,241,3.0125,3,123.85531728861386,0.006618238468263371,0.005343523889928133,2.2128356601427868,1.0430125730670328
model3d_Cf8_N400_T5_lam15_lam23_h1_cu1_pi16_pi26_e039e6,3d,8.0,remove,242,3.025,3,124.23220202486725,0.007144510809965254,0.005750933086201881,2.212858994267151,1.0345751059122823
model3d_Cf8_N400_T5_lam15_lam23_h1_cu1_pi16_pi26_e039e6,3d,8.0,remove,243,3.0375,3,124.60847423791505,0.007704760431934687,0.006183175324997546,2.21288157081014,1.0262371817510645
model3d_Cf8_N400_T5_lam15_lam23_h1_cu1_pi16_pi26_e039e6,3d,8.0,remove,244,3.05,3,124.98416192769027,0.008300569108143918,0.006641296769222826,2.212903413809414,1.0179972841907257
model3d_Cf8_N400_T5_lam15_lam23_h1_cu1_pi16_pi26_e039e6,3d,8.0,remove,245,3.0625,3,125.35929392450052,0.008933551468331302,0.007126357518981931,2.212924546561993,1.0098539246421956
model3d_Cf8_N400_T5_lam15_lam23_h1_cu1_pi16_pi26_e039e6,3d,8.0,remove,246,3.075,3,125.7338998957187,0.009605353242065462,0.007639429978734422,2.2129449916463386,1.0018056417353909
model3d_Cf8_N400_T5_lam15_lam23_h1_cu1_pi16_pi26_e039e6,3d,8.0,remove,247,3.0875,3,126.10801035181586,0.010317649356764491,0.008181597130888302,2.212964770943614,0.9938510007480957
model3d_Cf8_N400_T5_lam15_lam23_h1_cu1_pi16_pi26_e039e6,3d,8.0,remove,248,3.1,3,126.48165665171899,0.01107214189157446,0.00875395071876929,2.212983905658632,0.9859885930482069
model3d_Cf8_N400_T5_lam15_lam23_h1_cu1_pi16_pi26_e039e6,3d,8.0,remove,249,3.1125,3,126.85487100747655,0.011870557889494648,0.009357589342229534,2.2130024163400606,0.9782170355488196
model3d_Cf8_N400_T5_lam15_lam23_h1_cu1_pi16_pi26_e039e6,3d,8.0,remove,250,3.125,3,127.2276864882169,0.012714647030648507,0.009993616469498614,2.2130203228998653,0.9705349701758127
model3d_Cf8_N400_T5_lam15_lam23_h1_cu1_pi16_pi26_e039e6,3d,8.0,remove,251,3.1375,3,127.60013702338509,0.013606179170480459,0.01066313836950416,2.2130376446323794,0.9629410633478004
model3d_Cf8_N400_T5_lam15_lam23_h1_cu1_pi16_pi26_e039e6,3d,8.0,remove,252,3.15,3,127.97225740524485,0.014546941746971243,0.01136726196905787,2.2130544002328634,0.9554340054680703
model3d_Cf8_N400_T5_lam15_lam23_h1_cu1_pi16_pi26_e039e6,3d,8.0,remove,253,3.1625,3,128.3440832906345,0.015538737061461916,0.012107092639615126,2.213070607815382,0.9480125104281368
model3d_Cf8_N400_T5_lam15_lam23_h1_cu1_pi16_pi26_e039e6,3d,8.0,remove,254,3.175,3,128.71565120196567,0.016583379438941392,0.012883731919221444,2.213086284930256,0.9406753151227251
model3d_Cf8_N400_T5_lam15_lam23_h1_cu1_pi16_pi26_e039e6,3d,8.0,remove,255,3.1875,3,129.0869985274562,0.01768269227287078,0.013698275174559705,2.2131014485809715,0.9334211789758521
model3d_Cf8_N400_T5_lam15_lam23_h1_cu1_pi16_pi26_e039e6,3d,8.0,remove,256,3.2,3,129.45816352058898,0.018838504961848912,0.014551809209662427,2.2131161152406946,0.9262488834777838
model3d_Cf8_N400_T5_lam15_lam23_h1_cu1_pi16_pi26_e039e6,3d,8.0,remove,257,3.2125,3,129.82918529879055,0.020052649744314976,0.015445409826893354,2.21313030086813,0.9191572317324912
model3d_Cf8_N400_T5_lam15_lam23_h1_cu1_pi16_pi26_e039e6,3d,8.0,remove,258,3.225,3,130.20010384132388,0.021326958439203736,0.016380139347043153,2.213144020923096,0.9121450480154941
model3d_Cf8_N400_T5_lam15_lam23_h1_cu1_pi16_pi26_e039e6,3d,8.0,remove,259,3.2375,3,130.570959986392,0.022663259100141886,0.017357044095029882,2.2131572903815027,0.9052111773417041
model3d_Cf8_N400_T5_lam15_lam23_h1_cu1_pi16_pi26_e039e6,3d,8.0,remove,260,3.25,3,130.94179542744996,0.024063372591484722,0.018377151858145518,2.2131701237500465,0.8983544850431454
model3d_Cf8_N400_T5_lam15_lam23_h1_cu1_pi16_pi26_e039e6,3d,8.0,remove,261,3.2625,3,131.31265270872382,0.025529109095174363,0.019441469324211074,2.2131825350803638,0.8915738563562027
model3d_Cf8_N400_T5_lam15_lam23_h1_cu1_pi16_pi26_e039e6,3d,8.0,remove,262,3.275,3,131.68357521993755,0.027062264557116578,0.020550979506682786,2.213194537982787,0.8848681960182139
model3d_Cf8_N400_T5_lam15_lam23_h1_cu1_pi16_pi26_e039e6,3d,8.0,remove,263,3.2875,3,132.05460719024913,0.028664617082682753,0.021706639164346658,2.213206145639816,0.8782364278732249
model3d_Cf8_N400_T5_lam15_lam23_h1_cu1_pi16_pi26_e039e6,3d,8.0,remove,264,3.3,3,132.42579368139923,0.030337923291227753,0.022909376223349057,2.2132173708189953,0.8716774944865476
model3d_Cf8_N400_T5_lam15_lam23_h1_cu1_pi16_pi26_e039e6,3d,8.0,remove,265,3.3125,3,132.79718058007688,0.032083914639059685,0.024160087208864377,2.2132282258857288,0.8651903567681227
model3d_Cf8_N400_T5_lam15_lam23_h1_cu1_pi16_pi26_e039e6,3d,8.0,remove,266,3.325,3,133.16881458950797,0.03390429372160497,0.02545963469459028,2.2132387228152766,0.8587739936041613
model3d_Cf8_N400_T5_lam15_lam23_h1_cu1_pi16_pi26_e039e6,3d,8.0,remove,267,3.3375,3,133.5407432202737,0.03580073056465949,0.026808844777512324,2.2132488732048046,0.8524274014972089
model3d_Cf8_N400_T5_lam15_lam23_h1_cu1_pi16_pi26_e039e6,3d,8.0,remove,268,3.35,3,133.9130147803675,0.037774858915611276,0.02820850458603021,2.2132586882848386,0.8461495942141666
model3d_Cf8_N400_T5_lam15_lam23_h1_cu1_pi16_pi26_e039e6,3d,8.0,remove,269,3.3625,3,134.2856783645001,0.03982827254500876,0.029659359829050696,2.213268178930548,0.839939602442239
model3d_Cf8_N400_T5_lam15_lam23_h1_cu1_pi16_pi26_e039e6,3d,8.0,remove,270,3.375,3,134.6587838426639,0.04196252156907576,0.031162112393726217,2.2132773556725738,0.8337964734525016
model3d_Cf8_N400_T5_lam15_lam23_h1_cu1_pi16_pi26_e039e6,3d,8.0,remove,271,3.3875,3,135.03238184796865,0.04417910880405884,0.0327174179996318,2.2132862287076023,0.8277192707709791
model3d_Cf8_N400_T5_lam15_lam23_h1_cu1_pi16_pi26_e039e6,3d,8.0,remove,272,3.4,3,135.40652376376204,0.04647948616275244,0.03432588391667392,2.213294807908653,0.8217070738570359
model3d_Cf8_N400_T5_lam15_lam23_h1_cu1_pi16_pi26_e039e6,3d,8.0,remove,273,3.4125,3,135.7812617100497,0.048865051104115764,0.03598806675435324,2.2133031028349706,0.8157589777888584
model3d_Cf8_N400_T5_lam15_lam23_h1_cu1_pi16_pi26_e039e6,3d,8.0,remove,274,3.425,3,136.1566485292305,0.05133714314601434,0.03770447032925692,2.2133111227415725,0.8098740929558759
model3d_Cf8_N400_T5_lam15_lam23_h1_cu1_pi16_pi26_e039e6,3d,8.0,remove,275,3.4375,3,136.53273777116343,0.05389704045191479,0.03947554361815352,2.2133188765889713,0.8040515447581377
model3d_Cf8_N400_T5_lam15_lam23_h1_cu1_pi16_pi26_e039e6,3d,8.0,remove,276,3.45,3,136.90958367758472,0.05654595650099736,0.04130167880296845,2.2133263730517,0.7982904733119772
model3d_Cf8_N400_T5_lam15_lam23_h1_cu1_pi16_pi26_e039e6,3d,8.0,remove,277,3.4625,3,137.2872411658932,0.05928503685223063,0.04318320941462625,2.213333620527635,0.7925900331625354
model3d_Cf8_N400_T5_lam15_lam23_h1_cu1_pi16_pi26_e039e6,3d,8.0,remove,278,3.475,3,137.66576581232408,0.062115356011446465,0.0451204085815544,2.2133406271464082,0.7869493930023551
model3d_Cf8_N400_T5_lam15_lam23_h1_cu1_pi16_pi26_e039e6,3d,8.0,remove,279,3.4875,3,138.04521383453198,0.06503791441124918,0.04711348738914406,2.21334740077765,0.7813677353961671
model3d_Cf8_N400_T5_lam15_lam23_h1_cu1_pi16_pi26_e039e6,3d,8.0,remove,280,3.5,3,138.42564207360414,0.06805363551220012,0.049162593355365776,2.213353949038833,0.7758442565116384
model3d_Cf8_N400_T5_lam15_lam23_h1_cu1_pi16_pi26_e039e6,3d,8.0,remove,281,3.5125,3,138.8071079755269,0.07116336303437265,0.05126780902813671,2.2133602793036857,0.7703781658562747
model3d_Cf8_N400_T5_lam15_lam23_h1_cu1_pi16_pi26_e039e6,3d,8.0,remove,282,3.525,3,139.18966957212777,0.07436785832720716,0.05342915070911201,2.2133663987091268,0.7649686860196119
model3d_Cf8_N400_T5_lam15_lam23_h1_cu1_pi16_pi26_e039e6,3d,8.0,remove,283,3.5375,3,139.57338546151766,0.07766779788528311,0.05564656730827613,2.213372314162939,0.7596150524213433
model3d_Cf8_N400_T5_lam15_lam23_h1_cu1_pi16_pi26_e039e6,3d,8.0,remove,284,3.55,3,139.95831478805673,0.08106377101796625,0.057919939333882134,2.213378032350704,0.7543165130647262
model3d_Cf8_N400_T5_lam15_lam23_h1_cu1_pi16_pi26_e039e6,3d,8.0,remove,285,3.5625,3,140.3445172218698,0.08455627767881424,0.060249078020725044,2.2133835597431357,0.7490723282955286
model3d_Cf8_N400_T5_lam15_lam23_h1_cu1_pi16_pi26_e039e6,3d,8.0,remove,286,3.575,3,140.73205293793626,0.08814572646210195,0.062633724600731,2.2133889026023326,0.743881770565882
model3d_Cf8_N400_T5_lam15_lam23_h1_cu1_pi16_pi26_e039e6,3d,8.0,remove,287,3.5875,3,141.12098259478054,0.09183243277129804,0.06507354971796699,2.213394066988485,0.7387441242034427
model3d_Cf8_N400_T5_lam15_lam23_h1_cu1_pi16_pi26_e039e6,3d,8.0,remove,288,3.6,3,141.5113673127898,0.0956166171656605,0.06756815299106977,2.2133990587661287,0.7336586851854253
model3d_Cf8_N400_T5_lam15_lam23_h1_cu1_pi16_pi26_e039e6,3d,8.0,remove,289,3.6125,3,141.90326865218537,0.09949840388898679,0.07011706272451285,2.2134038836102263,0.72862476091749
model3d_Cf8_N400_T5_lam15_lam23_h1_cu1_pi16_pi26_e039e6,3d,8.0,remove,290,3.625,3,142.2967485906755,0.1034778195848105,0.07271973577026009,2.2134085470121363,0.7236416700173838
model3d_Cf8_N400_T5_lam15_lam23_h1_cu1_pi16_pi26_e039e6,3d,8.0,remove,291,3.6375,3,142.69186950081576,0.10755479220205189,0.07537555754109522,2.2134130542854678,0.7187087421032243
model3d_Cf8_N400_T5_lam15_lam23_h1_cu1_pi16_pi26_e039e6,3d,8.0,remove,292,3.65,3,143.0886941271061,0.11172915009325379,0.07808384217554216,2.2134174105714237,0.7138253175861837
model3d_Cf8_N400_T5_lam15_lam23_h1_cu1_pi16_pi26_e039e6,3d,8.0,remove,293,3.6625,3,143.48728556285076,0.11600062130867173,0.08084383285504468,2.2134216208442012,0.708990747467656
model3d_Cf8_N400_T5_lam15_lam23_h1_cu1_pi16_pi26_e039e6,3d,8.0,remove,294,3.675,3,143.88770722680985,0.12036883308761048,0.08365470227270588,2.213425689916562,0.7042043931408337
model3d_Cf8_N400_T5_lam15_lam23_h1_cu1_pi16_pi26_e039e6,3d,8.0,remove,295,3.6875,3,144.29002283967003,0.12483331154783173,0.08651555325245328,2.2134296224446075,0.6994656261962832
model3d_Cf8_N400_T5_lam15_lam23_h1_cu1_pi16_pi26_e039e6,3d,8.0,remove,296,3.7,3,144.69429640036196,0.12939348157422614,0.08942541951771256,2.2134334229327237,0.6947738282317295
model3d_Cf8_N400_T5_lam15_lam23_h1_cu1_pi16_pi26_e039e6,3d,8.0,remove,297,3.7125,3,145.10059216225247,0.13404866690652284,0.09238326660764327,2.2134370957380725,0.6901283906657589
model3d_Cf8_N400_T5_lam15_lam23_h1_cu1_pi16_pi26_e039e6,3d,8.0,remove,298,3.725,3,145.5089746092388,0.13879809042535385,0.09538799293864389,2.2134406450759343,0.6855287145557488
model3d_Cf8_N400_T5_lam15_lam23_h1_cu1_pi16_pi26_e039e6,3d,8.0,remove,299,3.7375,3,145.9195084317727,0.1436408746354516,0.09843843100843058,2.213444075023574,0.6809742104192054
model3d_Cf8_N400_T5_lam15_lam23_h1_cu1_pi16_pi26_e039e6,3d,8.0,remove,300,3.75,3,146.33225850284106,0.1485760423447573,0.1015333487399654,2.2134473895246742,0.6764642980590615
model3d_Cf8_N400_T5_lam15_lam23_h1_cu1_pi16_pi26_e039e6,3d,8.0,remove,301,3.7625,3,146.74728985393057,0.15360251753648413,0.10467145096129347,2.213450592393656,0.6719984063926321
model3d_Cf8_N400_T5_lam15_lam23_h1_cu1_pi16_pi26_e039e6,3d,8.0,remove,302,3.775,3,147.16466765100267,0.15871912643152086,0.10785138101756822,2.213453687319543,0.6675759732840367
model3d_Cf8_N400_T5_lam15_lam23_h1_cu1_pi16_pi26_e039e6,3d,8.0,remove,303,3.7875,3,147.5844571705051,0.16392459873841858,0.11107172251142655,2.213456677869999,0.6631964453802005
model3d_Cf8_N400_T5_lam15_lam23_h1_cu1_pi16_pi26_e039e6,3d,8.0,remove,304,3.8,3,148.00672377544592,0.1692175690862996,0.11433100116656492,2.2134595674951356,0.6588592779502261
model3d_Cf8_N400_T5_lam15_lam23_h1_cu1_pi16_pi26_e039e6,3d,8.0,remove,305,3.8125,3,148.43153289155583,0.1745965786365673,0.11762768680973447,2.21346235953132,0.6545639347281312
model3d_Cf8_N400_T5_lam15_lam23_h1_cu1_pi16_pi26_e039e6,3d,8.0,remove,306,3.825,3,148.85894998356312,0.1800600768691254,0.12096019546625009,2.2134650572044734,0.6503098877587171
model3d_Cf8_N400_T5_lam15_lam23_h1_cu1_pi16_pi26_e039e6,3d,8.0,remove,307,3.8375,3,149.2890405316059,0.18560642353739354,0.12432689156314787,2.2134676636337645,0.646096617246769
model3d_Cf8_N400_T5_lam15_lam23_h1_cu1_pi16_pi26_e039e6,3d,8.0,remove,308,3.85,3,149.7218700078062,0.19123389078617947,0.12772609023398449,2.21347018183468,0.6419236114092074
model3d_Cf8_N400_T5_lam15_lam23_h1_cu1_pi16_pi26_e039e6,3d,8.0,remove,309,3.8625,3,150.1575038530278,0.19694066542760424,0.13115605972004382,2.213472614722491,0.637790366330423
model3d_Cf8_N400_T5_lam15_lam23_h1_cu1_pi16_pi26_e039e6,3d,8.0,remove,310,3.875,3,150.5960074538424,0.2027248513668667,0.1346150238604445,2.2134749651153243,0.6336963858204894
model3d_Cf8_N400_T5_lam15_lam23_h1_cu1_pi16_pi26_e039e6,3d,8.0,remove,311,3.8875,3,151.0374461197241,0.2085844721729302,0.13810116466587352,2.213477235737116,0.6296411812762717
model3d_Cf8_N400_T5_lam15_lam23_h1_cu1_pi16_pi26_e039e6,3d,8.0,remove,312,3.9,3,151.48188506049576,0.21451747378560526,0.14161262496828292,2.2134794292206266,0.6256242715454116
model3d_Cf8_N400_T5_lam15_lam23_h1_cu1_pi16_pi26_e039e6,3d,8.0,remove,313,3.9125,3,151.92938936404596,0.22052172735260456,0.14514751114032381,2.2134815481099963,0.6216451827929791
model3d_Cf8_N400_T5_lam15_lam23_h1_cu1_pi16_pi26_e039e6,3d,8.0,remove,314,3.925,3,152.3800239743381,0.22659503218855548,0.14870389587726784,2.213483594863874,0.6177034483710193
model3d_Cf8_N400_T5_lam15_lam23_h1_cu1_pi16_pi26_e039e6,3d,8.0,remove,315,3.9375,3,152.83385366973008,0.2327351188480975,0.15227982103430562,2.2134855718578024,0.6137986086905589
model3d_Cf8_N400_T5_lam15_lam23_h1_cu1_pi16_pi26_e039e6,3d,8.0,remove,316,3.95,3,153.2909430416233,0.2389396523054188,0.15587330051230697,2.213487481386778,0.6099302110962731
model3d_Cf8_N400_T5_lam15_lam23_h1_cu1_pi16_pi26_e039e6,3d,8.0,remove,317,3.9625,3,153.75135647345857,0.24520623523167728,0.15948232318458028,2.213489325667922,0.6060978097437356
model3d_Cf8_N400_T5_lam15_lam23_h1_cu1_pi16_pi26_e039e6,3d,8.0,remove,318,3.975,3,154.21515812007638,0.25153241136186466,0.16310485585730441,2.2134911068425254,0.6023009654789898
model3d_Cf8_N400_T5_lam15_lam23_h1_cu1_pi16_pi26_e039e6,3d,8.0,remove,319,3.9875,3,154.68241188745694,0.25791566894312723,0.1667388462566644,2.213492826978495,0.5985392457206701
model3d_Cf8_N400_T5_lam15_lam23_h1_cu1_pi16_pi26_e039e6,3d,8.0,remove,320,4.0,3,155.15318141285604,0.2643534442554767,0.17038222603508424,2.2134944880726266,0.5948122243444587
model3d_Cf8_N400_T5_lam15_lam23_h1_cu1_pi16_pi26_e039e6,3d,8.0,remove,321,4.0125,3,155.6275300453508,0.27084312519676246,0.17403291378963423,2.213496092052708,0.5911194815698276
model3d_Cf8_N400_T5_lam15_lam23_h1_cu1_pi16_pi26_e039e6,3d,8.0,remove,322,4.025,3,156.10552082680925,0.2773820549228958,0.17768881808519532,2.213497640779508,0.5874606038490291
model3d_Cf8_N400_T5_lam15_lam23_h1_cu1_pi16_pi26_e039e6,3d,8.0,remove,323,4.0375,3,156.58721647329648,0.2839675355348561,0.18134784047539562,2.213499136048881,0.5838351837583448
model3d_Cf8_N400_T5_lam15_lam23_h1_cu1_pi16_pi26_e039e6,3d,8.0,remove,324,4.05,3,157.07267935692957,0.29059683180375373,0.18500787851425513,2.2135005795935285,0.5802428198914228
model3d_Cf8_N400_T5_lam15_lam23_h1_cu1_pi16_pi26_e039e6,3d,8.0,remove,325,4.0625,3,157.56197148819228,0.2972671749258211,0.18866682875194815,2.213501973084874,0.5766831167547766
model3d_Cf8_N400_T5_lam15_lam23_h1_cu1_pi16_pi26_e039e6,3d,8.0,remove,326,4.075,3,158.05515449872007,0.3039757662981799,0.19232258970753244,2.2135033181348263,0.573155684665337
model3d_Cf8_N400_T5_lam15_lam23_h1_cu1_pi16_pi26_e039e6,3d,8.0,remove,327,4.0875,3,158.55228962456485,0.3107197813074549,0.19597306481237622,2.2135046162977687,0.5696601396501001
model3d_Cf8_N400_T5_lam15_lam23_h1_cu1_pi16_pi26_e039e6,3d,8.0,remove,328,4.1,3,159.0534376899483,0.31749637312279333,0.19961616531778875,2.213505869071753,0.5661961033475619
model3d_Cf8_N400_T5_lam15_lam23_h1_cu1_pi16_pi26_e039e6,3d,8.0,remove,329,4.1125,3,159.55865909151152,0.3243026764853596,0.20324981316079035,2.2135070779004877,0.5627632029113075
model3d_Cf8_N400_T5_lam15_lam23_h1_cu1_pi16_pi26_e039e6,3d,8.0,remove,330,4.125,3,160.06801378306812,0.3311358114858933,0.206871943781763,2.2135082441743066,0.5593610709152443
model3d_Cf8_N400_T5_lam15_lam23_h1_cu1_pi16_pi26_e039e6,3d,8.0,remove,331,4.1375,3,160.58156126086692,0.3379928873233098,0.21048050888871092,2.2135093692320993,0.5559893452609476
model3d_Cf8_N400_T5_lam15_lam23_h1_cu1_pi16_pi26_e039e6,3d,8.0,remove,332,4.15,3,161.09936054936986,0.34487100603578824,0.214073479162011,2.213510454362563,0.5526476690866542
model3d_Cf8_N400_T5_lam15_lam23_h1_cu1_pi16_pi26_e039e6,3d,8.0,remove,333,4.1625,3,161.6214701875498,0.35176726619792476,0.21764884689498543,2.213511500805623,0.5493356906780852
model3d_Cf8_N400_T5_lam15_lam23_h1_cu1_pi16_pi26_e039e6,3d,8.0,remove,334,4.175,3,162.14794821571166,0.3586787665761335,0.22120462856487663,2.2135125097534,0.5460530633808993
model3d_Cf8_N400_T5_lam15_lam23_h1_cu1_pi16_pi26_e039e6,3d,8.0,remove,335,4.1875,3,162.67885216284077,0.36560260973590175,0.22473886732980833,2.2135134823516296,0.5427994455149687
model3d_Cf8_N400_T5_lam15_lam23_h1_cu1_pi16_pi26_e039e6,3d,8.0,remove,336,4.2,3,163.21423903447982,0.3725359055940203,0.2282496354471378,2.213514419700914,0.539574500290282
model3d_Cf8_N400_T5_lam15_lam23_h1_cu1_pi16_pi26_e039e6,3d,8.0,remove,337,4.2125,3,163.75416530113716,0.3794757749093378,0.23173503660899097,2.213515322857745,0.5363778957244251
model3d_Cf8_N400_T5_lam15_lam23_h1_cu1_pi16_pi26_e039e6,3d,8.0,remove,338,4.225,3,164.29868688722615,0.3864193527064401,0.2351932081914182,2.2135161928354137,0.5332093045616352
model3d_Cf8_N400_T5_lam15_lam23_h1_cu1_pi16_pi26_e039e6,3d,8.0,remove,339,4.2375,3,164.84785916053684,0.3933637916261148,0.2386223234133954,2.21351703060526,0.5300684041935021
model3d_Cf8_N400_T5_lam15_lam23_h1_cu1_pi16_pi26_e039e6,3d,8.0,remove,340,4.25,3,165.40173692223863,0.4003062651973721,0.24202059340257753,2.213517837097413,0.5269548765810771
model3d_Cf8_N400_T5_lam15_lam23_h1_cu1_pi16_pi26_e039e6,3d,8.0,remove,341,4.2625,3,165.9603743974134,0.4072439710255935,0.2453862691647077,2.2135186132018134,0.523868408178549
model3d_Cf8_N400_T5_lam15_lam23_h1_cu1_pi16_pi26_e039e6,3d,8.0,remove,342,4.275,3,166.5238252261168,0.4141741338924021,0.24871764345432837,2.213519359768952,0.520808689858319
model3d_Cf8_N400_T5_lam15_lam23_h1_cu1_pi16_pi26_e039e6,3d,8.0,remove,343,4.2875,3,167.09214245496565,0.421094008762509,0.25201305254434775,2.2135200776108377,0.5177754168375646
model3d_Cf8_N400_T5_lam15_lam23_h1_cu1_pi16_pi26_e039e6,3d,8.0,remove,344,4.3,3,167.6653785292482,0.4280008836934712,0.25527087789254543,2.2135207675015067,0.5147682886061015
model3d_Cf8_N400_T5_lam15_lam23_h1_cu1_pi16_pi26_e039e6,3d,8.0,remove,345,4.3125,3,168.2435852855536,0.43489208264429635,0.2584895477032127,2.213521430178048,0.51178700885574
model3d_Cf8_N400_T5_lam15_lam23_h1_cu1_pi16_pi26_e039e6,3d,8.0,remove,346,4.325,3,168.82681394491652,0.4417649681800526,0.26166753838296575,2.2135220663409427,0.5088312854108284
model3d_Cf8_N400_T5_lam15_lam23_h1_cu1_pi16_pi26_e039e6,3d,8.0,remove,347,4.3375,3,169.41511510647234,0.4486169440682488,0.2648033758890442,2.2135226766547476,0.5059008301601935
model3d_Cf8_N400_T5_lam15_lam23_h1_cu1_pi16_pi26_e039e6,3d,8.0,remove,348,4.35,3,170.00853874161692,0.4554454577653928,0.2678956369700876,2.2135232617489464,0.5029953589904096
model3d_Cf8_N400_T5_lam15_lam23_h1_cu1_pi16_pi26_e039e6,3d,8.0,remove,349,4.3625,3,170.60713418866624,0.4622480027902327,0.2709429502983473,2.213523822218008,0.5001145917201476
model3d_Cf8_N400_T5_lam15_lam23_h1_cu1_pi16_pi26_e039e6,3d,8.0,remove,350,4.375,3,171.21095014800912,0.4690221209817764,0.2739439974933346,2.2135243586221804,0.49725825203592916
model3d_Cf8_N400_T5_lam15_lam23_h1_cu1_pi16_pi26_e039e6,3d,8.0,remove,351,4.3875,3,171.8200346777461,0.47576540464083905,0.2768975140373776,2.213524871487948,0.49442606742901346
model3d_Cf8_N400_T5_lam15_lam23_h1_cu1_pi16_pi26_e039e6,3d,8.0,remove,352,4.4,3,172.43443518980806,0.48247549855247485,0.2798022900828292,2.2135253613080863,0.4916177691333787
model3d_Cf8_N400_T5_lam15_lam23_h1_cu1_pi16_pi26_e039e6,3d,8.0,remove,353,4.4125,3,173.05419844654642,0.489150101889237,0.28265717115226613,2.213525828542288,0.48883309206499315
model3d_Cf8_N400_T5_lam15_lam23_h1_cu1_pi16_pi26_e039e6,3d,8.0,remove,354,4.425,3,173.6793705577876,0.49578696999350313,0.28546105873209743,2.213526273617447,0.48607177476214436
model3d_Cf8_N400_T5_lam15_lam23_h1_cu1_pi16_pi26_e039e6,3d,8.0,remove,355,4.4375,3,174.309996978343,0.5023839160384966,0.28821291076088706,2.213526696927829,0.48333355932685623
model3d_Cf8_N400_T5_lam15_lam23_h1_cu1_pi16_pi26_e039e6,3d,8.0,remove,356,4.45,3,174.94612250596637,0.5089388125680614,0.29091174201400466,2.213527098835243,0.4806181913673959
model3d_Cf8_N400_T5_lam15_lam23_h1_cu1_pi16_pi26_e039e6,3d,8.0,remove,357,4.4625,3,175.58779127974918,0.5154495929145639,0.29355662438588437,2.213527479669267,0.4779254199418609
model3d_Cf8_N400_T5_lam15_lam23_h1_cu1_pi16_pi26_e039e6,3d,8.0,remove,358,4.475,3,176.23504677894556,0.5219142524956624,0.2961466870720145,2.213527839727419,0.4752549975027977
model3d_Cf8_N400_T5_lam15_lam23_h1_cu1_pi16_pi26_e039e6,3d,8.0,remove,359,4.4875,3,176.8879318222164,0.5283308499901977,0.29868111665255026,2.2135281792752153,0.4726066798428194
model3d_Cf8_N400_T5_lam15_lam23_h1_cu1_pi16_pi26_e039e6,3d,8.0,remove,360,4.5,3,177.54648856728377,0.5346975083938617,0.30115915707971347,2.2135284985461112,0.46998022604120226
model3d_Cf8_N400_T5_lam15_lam23_h1_cu1_pi16_pi26_e039e6,3d,8.0,remove,361,4.5125,3,178.21075851098553,0.5410124159561462,0.3035801095716656,2.21352879774156,0.46737539841148834
model3d_Cf8_N400_T5_lam15_lam23_h1_cu1_pi16_pi26_e039e6,3d,8.0,remove,362,4.525,3,178.88078248971948,0.5472738269993158,0.3059433324151343,2.213529077031012,0.46479196245003823
model3d_Cf8_N400_T5_lam15_lam23_h1_cu1_pi16_pi26_e039e6,3d,8.0,remove,363,4.5375,3,179.55660068026762,0.5534800626212473,0.3082482406797268,2.2135293365516304,0.46222968678546594
model3d_Cf8_N400_T5_lam15_lam23_h1_cu1_pi16_pi26_e039e6,3d,8.0,remove,364,4.55,3,180.23825260098954,0.55962951128339,0.31049430584654786,2.2135295764085186,0.45968834312910495
model3d_Cf8_N400_T5_lam15_lam23_h1_cu1_pi16_pi26_e039e6,3d,8.0,remove,365,4.5625,3,180.92577711337435,0.56572062928646,0.31268105535451696,2.2135297966742087,0.45716770622622344
model3d_Cf8_N400_T5_lam15_lam23_h1_cu1_pi16_pi26_e039e6,3d,8.0,remove,366,4.575,3,181.61921242394087,0.5717519411350054,0.31480807206696027,2.213529997388605,0.4546675538082214
model3d_Cf8_N400_T5_lam15_lam23_h1_cu1_pi16_pi26_e039e6,3d,8.0,remove,367,4.5875,3,182.31859608647468,0.5777220397943097,0.3168749936623541,2.213530178558756,0.4521876665456605
model3d_Cf8_N400_T5_lam15_lam23_h1_cu1_pi16_pi26_e039e6,3d,8.0,remove,368,4.6,3,183.02396500459176,0.5836295868407433,0.3188815119517824,2.213530340158229,0.4497278280020631
model3d_Cf8_N400_T5_lam15_lam23_h1_cu1_pi16_pi26_e039e6,3d,8.0,remove,369,4.6125,3,183.73535543461725,0.589473312509341,0.320827372127139,2.2135304821272257,0.44728782458869726
model3d_Cf8_N400_T5_lam15_lam23_h1_cu1_pi16_pi26_e039e6,3d,8.0,remove,370,4.625,3,184.45280298876884,0.5952520156405399,0.3227123719430733,2.213530604371897,0.4448674455200151
model3d_Cf8_N400_T5_lam15_lam23_h1_cu1_pi16_pi26_e039e6,3d,8.0,remove,371,4.6375,3,185.1763426386334,0.6009645635293452,0.32453636083639004,2.2135307067638905,0.4424664827699397
model3d_Cf8_N400_T5_lam15_lam23_h1_cu1_pi16_pi26_e039e6,3d,8.0,remove,372,4.65,3,185.90600871892593,0.6066098916798524,0.32629923898640356,2.2135307891400657,0.4400847310289712
model3d_Cf8_N400_T5_lam15_lam23_h1_cu1_pi16_pi26_e039e6,3d,8.0,remove,373,4.6625,3,186.64183493152015,0.6121870034680796,0.32800095631973086,2.213530851301755,0.4377219876619698
model3d_Cf8_N400_T5_lam15_lam23_h1_cu1_pi16_pi26_e039e6,3d,8.0,remove,374,4.675,3,187.38385434973907,0.6176949697166947,0.329641511463314,2.213530893014081,0.4353780526667064
model3d_Cf8_N400_T5_lam15_lam23_h1_cu1_pi16_pi26_e039e6,3d,8.0,remove,375,4.6875,3,188.1320994228955,0.6231329281842477,0.3312209506488998,2.2135309140060144,0.4330527286332974
model3d_Cf8_N400_T5_lam15_lam23_h1_cu1_pi16_pi26_e039e6,3d,8.0,remove,376,4.7,3,188.88660198107064,0.6285000829731189,0.33273936657302156,2.213530913968839,0.43074582070404915
model3d_Cf8_N400_T5_lam15_lam23_h1_cu1_pi16_pi26_e039e6,3d,8.0,remove,377,4.7125,3,189.64739324012066,0.6337957038589934,0.33419689721572793,2.2135308925558093,0.4284571365342502
model3d_Cf8_N400_T5_lam15_lam23_h1_cu1_pi16_pi26_e039e6,3d,8.0,remove,378,4.725,3,190.41450380690026,0.6390191255455306,0.33559372462171333,2.2135308493815273,0.42618648625360245
model3d_Cf8_N400_T5_lam15_lam23_h1_cu1_pi16_pi26_e039e6,3d,8.0,remove,379,4.7375,3,191.1879636846925,0.6441697468475525,0.3369300736472711,2.2135307840210316,0.4239336824282796
model3d_Cf8_N400_T5_lam15_lam23_h1_cu1_pi16_pi26_e039e6,3d,8.0,remove,380,4.75,3,191.9678022788344,0.649247029807043,0.3382062106769383,2.2135306960087746,0.4216985400236339
model3d_Cf8_N400_T5_lam15_lam23_h1_cu1_pi16_pi26_e039e6,3d,8.0,remove,381,4.7625,3,192.75404840252799,0.6542504987444033,0.3394224423126683,2.2135305848378266,0.4194808763676037
model3d_Cf8_N400_T5_lam15_lam23_h1_cu1_pi16_pi26_e039e6,3d,8.0,remove,382,4.775,3,193.54673028282627,0.6591797392496233,0.34057911403947566,2.21353044995908,0.4172805111147637
model3d_Cf8_N400_T5_lam15_lam23_h1_cu1_pi16_pi26_e039e6,3d,8.0,remove,383,4.7875,3,194.3458755667842,0.664034397116211,0.34167660887046974,2.213530290779886,0.4150972662108989
model3d_Cf8_N400_T5_lam15_lam23_h1_cu1_pi16_pi26_e039e6,3d,8.0,remove,384,4.8,3,195.15151132776435,0.6688141772218614,0.3427153459747297,2.2135301066635975,0.41293096585836886
model3d_Cf8_N400_T5_lam15_lam23_h1_cu1_pi16_pi26_e039e6,3d,8.0,remove,385,4.8125,3,195.96366407188773,0.6735188423594138,0.34369577929117445,2.213529896927639,0.41078143648180193
model3d_Cf8_N400_T5_lam15_lam23_h1_cu1_pi16_pi26_e039e6,3d,8.0,remove,386,4.825,3,196.7823597446197,0.6781482120214548,0.34461839613141254,2.2135296608431645,0.409382936546554
model3d_Cf8_N400_T5_lam15_lam23_h1_cu1_pi16_pi26_e039e6,3d,8.0,remove,387,4.8375,3,197.6076237374818,0.68270216114243,0.34548371577474546,2.2135293976328967,0.4079879057819646
model3d_Cf8_N400_T5_lam15_lam23_h1_cu1_pi16_pi26_e039e6,3d,8.0,remove,388,4.85,3,198.43948089487972,0.6871806188013068,0.34629228805800505,2.2135291064710145,0.4065680350550495
model3d_Cf8_N400_T5_lam15_lam23_h1_cu1_pi16_pi26_e039e6,3d,8.0,remove,389,4.8625,3,199.2779555210387,0.6915835668887382,0.34704469196329374,2.213528786480879,0.4051244296098848
model3d_Cf8_N400_T5_lam15_lam23_h1_cu1_pi16_pi26_e039e6,3d,8.0,remove,390,4.875,3,200.12307138703713,0.695911038741599,0.3477415342060737,2.2135284367342365,0.4036581725728865
model3d_Cf8_N400_T5_lam15_lam23_h1_cu1_pi16_pi26_e039e6,3d,8.0,remove,391,4.8875,3,200.97485173792924,0.7001631177489287,0.34838344782656677,2.2135280562494017,0.4021703247565635
model3d_Cf8_N400_T5_lam15_lam23_h1_cu1_pi16_pi26_e039e6,3d,8.0,remove,392,4.9,3,201.8333192999491,0.7043399359317846,0.3489710907865757,2.213527643990119,0.40066192450311283
model3d_Cf8_N400_T5_lam15_lam23_h1_cu1_pi16_pi26_e039e6,3d,8.0,remove,393,4.9125,3,202.69849628778667,0.708441672500868,0.3495051445744515,2.2135271988636305,0.39913398756643786
model3d_Cf8_N400_T5_lam15_lam23_h1_cu1_pi16_pi26_e039e6,3d,8.0,remove,394,4.925,3,203.57040441192834,0.7124685523945402,0.3499863128202307,2.213526719719198,0.39758750703056134
model3d_Cf8_N400_T5_lam15_lam23_h1_cu1_pi16_pi26_e039e6,3d,8.0,remove,395,4.9375,3,204.44906488605378,0.7164208448008651,0.3504153199234,2.213526205346625,0.3961553555759061
model3d_Cf8_N400_T5_lam15_lam23_h1_cu1_pi16_pi26_e039e6,3d,8.0,remove,396,4.95,3,205.33449843448113,0.720298861666123,0.350792909695084,2.213525654474779,0.39493078590906977
model3d_Cf8_N400_T5_lam15_lam23_h1_cu1_pi16_pi26_e039e6,3d,8.0,remove,397,4.9625,3,206.2267252996535,0.7241029561931214,0.35111984401681134,2.213525065768863,0.39368015227565184
model3d_Cf8_N400_T5_lam15_lam23_h1_cu1_pi16_pi26_e039e6,3d,8.0,remove,398,4.975,3,207.12576524965897,0.7278335213318599,0.3513969015175712,2.2135244378296193,0.39240450632249074
model3d_Cf8_N400_T5_lam15_lam23_h1_cu1_pi16_pi26_e039e6,3d,8.0,remove,399,4.9875,3,208.03163758577728,0.7314909882652785,0.35162487627088174,2.2135237691904877,0.39110488106693225
model3d_Cf8_N400_T5_lam15_lam23_h1_cu1_pi16_pi26_e039e6,3d,8.0,remove,400,5.0,3,208.9443611500463,0.7350758248931015,0.35180457651366426,2.213523058316582,0.3897822906074295
